HourUTC;HourDK;PriceArea;ForecastType;ForecastDayAhead;ForecastIntraday;Forecast5Hour;Forecast1Hour;ForecastCurrent;TimestampUTC;TimestampDK
2025-03-03 23:00:00;2025-03-04 00:00:00;DK1;Solar;0,000000;4,450833;0,000000;1,350833;4,450833;2025-03-03 22:58:26;2025-03-03 23:58:26
2025-03-04 00:00:00;2025-03-04 01:00:00;DK1;Solar;0,001250;5,728333;0,001250;1,160417;5,728333;2025-03-03 23:58:26;2025-03-04 00:58:26
2025-03-04 01:00:00;2025-03-04 02:00:00;DK1;Solar;0,016667;4,421250;0,016667;1,506667;4,421250;2025-03-04 00:58:26;2025-03-04 01:58:26
2025-03-04 02:00:00;2025-03-04 03:00:00;DK1;Solar;0,002083;3,614167;0,002083;1,150000;3,614167;2025-03-04 01:58:26;2025-03-04 02:58:26
2025-03-04 03:00:00;2025-03-04 04:00:00;DK1;Solar;0,000000;5,125000;0,000000;0,940833;5,125000;2025-03-04 02:58:25;2025-03-04 03:58:25
2025-03-04 04:00:00;2025-03-04 05:00:00;DK1;Solar;0,008750;5,375000;0,008750;1,343333;5,375000;2025-03-04 03:58:51;2025-03-04 04:58:51
2025-03-04 05:00:00;2025-03-04 06:00:00;DK1;Solar;0,540417;5,632916;0,540417;1,937500;5,632916;2025-03-04 04:58:51;2025-03-04 05:58:51
2025-03-04 06:00:00;2025-03-04 07:00:00;DK1;Solar;22,962500;28,702499;23,393749;25,877501;28,702499;2025-03-04 05:58:51;2025-03-04 06:58:51
2025-03-04 07:00:00;2025-03-04 08:00:00;DK1;Solar;202,753326;225,953751;224,282913;225,096664;225,953751;2025-03-04 06:58:51;2025-03-04 07:58:51
2025-03-04 08:00:00;2025-03-04 09:00:00;DK1;Solar;391,482910;410,454163;423,018341;410,454163;343,101654;2025-03-04 07:58:51;2025-03-04 08:58:51
2025-03-04 09:00:00;2025-03-04 10:00:00;DK1;Solar;536,015015;546,945007;573,560425;529,535828;411,444153;2025-03-04 08:58:50;2025-03-04 09:58:50
2025-03-04 10:00:00;2025-03-04 11:00:00;DK1;Solar;618,904602;615,265808;640,370850;555,585815;541,227112;2025-03-04 09:58:51;2025-03-04 10:58:51
2025-03-04 11:00:00;2025-03-04 12:00:00;DK1;Solar;637,224609;628,511230;628,511230;597,616638;634,642517;2025-03-04 10:58:51;2025-03-04 11:58:51
2025-03-04 12:00:00;2025-03-04 13:00:00;DK1;Solar;607,701660;635,580017;635,580017;599,294556;757,174561;2025-03-04 11:58:51;2025-03-04 12:58:51
2025-03-04 13:00:00;2025-03-04 14:00:00;DK1;Solar;509,238342;550,017090;550,017090;590,403320;682,730408;2025-03-04 12:58:53;2025-03-04 13:58:53
2025-03-04 14:00:00;2025-03-04 15:00:00;DK1;Solar;393,953735;415,660004;394,850006;435,861237;449,614990;2025-03-04 13:58:53;2025-03-04 14:58:53
2025-03-04 15:00:00;2025-03-04 16:00:00;DK1;Solar;223,680832;236,539993;234,442917;242,505005;234,419586;2025-03-04 14:58:51;2025-03-04 15:58:51
2025-03-04 16:00:00;2025-03-04 17:00:00;DK1;Solar;45,814583;48,959583;48,907917;51,552502;45,914165;2025-03-04 15:58:51;2025-03-04 16:58:51
2025-03-04 17:00:00;2025-03-04 18:00:00;DK1;Solar;1,495417;1,495417;1,495417;0,435417;23,051666;2025-03-04 16:58:51;2025-03-04 17:58:51
2025-03-04 18:00:00;2025-03-04 19:00:00;DK1;Solar;0,000000;0,000000;0,000000;5,482500;8,362917;2025-03-04 17:58:51;2025-03-04 18:58:51
2025-03-04 19:00:00;2025-03-04 20:00:00;DK1;Solar;0,000000;0,000000;0,000000;2,177917;10,253750;2025-03-04 18:58:52;2025-03-04 19:58:52
2025-03-04 20:00:00;2025-03-04 21:00:00;DK1;Solar;0,000000;0,000000;0,000000;2,669583;10,210834;2025-03-04 19:58:52;2025-03-04 20:58:52
2025-03-04 21:00:00;2025-03-04 22:00:00;DK1;Solar;0,000000;0,000000;0,000000;2,659167;10,191667;2025-03-04 20:58:52;2025-03-04 21:58:52
2025-03-04 22:00:00;2025-03-04 23:00:00;DK1;Solar;0,000000;0,000000;0,000000;2,653750;10,210834;2025-03-04 21:58:52;2025-03-04 22:58:52
2025-03-04 23:00:00;2025-03-05 00:00:00;DK1;Solar;0,000000;10,410417;0,000000;2,659167;10,410417;2025-03-04 22:58:51;2025-03-04 23:58:51
2025-03-05 00:00:00;2025-03-05 01:00:00;DK1;Solar;0,000000;10,290833;0,000000;2,710417;10,290833;2025-03-04 23:58:51;2025-03-05 00:58:51
2025-03-05 01:00:00;2025-03-05 02:00:00;DK1;Solar;0,000000;10,322500;0,000000;2,680417;10,322500;2025-03-05 00:58:51;2025-03-05 01:58:51
2025-03-05 02:00:00;2025-03-05 03:00:00;DK1;Solar;0,000000;10,315416;0,000000;2,689583;10,315416;2025-03-05 01:58:52;2025-03-05 02:58:52
2025-03-05 03:00:00;2025-03-05 04:00:00;DK1;Solar;0,000000;10,361250;0,000000;2,685417;10,361250;2025-03-05 02:58:51;2025-03-05 03:58:51
2025-03-05 04:00:00;2025-03-05 05:00:00;DK1;Solar;0,000000;10,302083;0,000000;2,699167;10,302083;2025-03-05 03:59:22;2025-03-05 04:59:22
2025-03-05 05:00:00;2025-03-05 06:00:00;DK1;Solar;1,096667;10,759583;0,561667;3,230833;10,759583;2025-03-05 04:59:21;2025-03-05 05:59:21
2025-03-05 06:00:00;2025-03-05 07:00:00;DK1;Solar;43,550415;39,200001;31,696667;33,910000;39,200001;2025-03-05 05:59:21;2025-03-05 06:59:21
2025-03-05 07:00:00;2025-03-05 08:00:00;DK1;Solar;299,735840;242,341248;253,483337;249,904160;242,341248;2025-03-05 06:59:21;2025-03-05 07:59:21
2025-03-05 08:00:00;2025-03-05 09:00:00;DK1;Solar;550,089600;445,797913;452,440430;445,797913;364,422089;2025-03-05 07:59:21;2025-03-05 08:59:21
2025-03-05 09:00:00;2025-03-05 10:00:00;DK1;Solar;678,586243;555,861267;556,850830;517,952087;484,245819;2025-03-05 08:59:21;2025-03-05 09:59:21
2025-03-05 10:00:00;2025-03-05 11:00:00;DK1;Solar;701,525391;581,166687;583,608765;550,719604;619,176697;2025-03-05 09:59:21;2025-03-05 10:59:21
2025-03-05 11:00:00;2025-03-05 12:00:00;DK1;Solar;501,180420;354,203735;354,203735;348,934998;499,150848;2025-03-05 10:59:21;2025-03-05 11:59:21
2025-03-05 12:00:00;2025-03-05 13:00:00;DK1;Solar;501,731262;373,250427;373,250427;399,775848;438,607910;2025-03-05 11:59:22;2025-03-05 12:59:22
2025-03-05 13:00:00;2025-03-05 14:00:00;DK1;Solar;690,738770;528,340820;509,268341;445,346680;522,787476;2025-03-05 12:59:23;2025-03-05 13:59:23
2025-03-05 14:00:00;2025-03-05 15:00:00;DK1;Solar;550,625000;413,818329;411,992920;355,875824;474,941681;2025-03-05 13:59:23;2025-03-05 14:59:23
2025-03-05 15:00:00;2025-03-05 16:00:00;DK1;Solar;322,989166;234,351669;239,714584;244,949997;315,212097;2025-03-05 14:59:24;2025-03-05 15:59:24
2025-03-05 16:00:00;2025-03-05 17:00:00;DK1;Solar;74,163750;48,006668;50,022915;67,458748;107,635002;2025-03-05 15:59:22;2025-03-05 16:59:22
2025-03-05 17:00:00;2025-03-05 18:00:00;DK1;Solar;2,562083;1,244167;1,255833;16,492083;22,314167;2025-03-05 16:59:21;2025-03-05 17:59:21
2025-03-05 18:00:00;2025-03-05 19:00:00;DK1;Solar;0,010000;0,000833;0,000000;5,510000;7,912917;2025-03-05 17:59:21;2025-03-05 18:59:21
2025-03-05 19:00:00;2025-03-05 20:00:00;DK1;Solar;0,002083;0,008750;0,000000;2,061250;9,770416;2025-03-05 18:59:21;2025-03-05 19:59:21
2025-03-05 20:00:00;2025-03-05 21:00:00;DK1;Solar;0,000000;0,000000;0,000000;2,543750;9,952917;2025-03-05 19:59:21;2025-03-05 20:59:21
2025-03-05 21:00:00;2025-03-05 22:00:00;DK1;Solar;0,000000;0,000000;0,000000;2,591667;9,875417;2025-03-05 20:59:21;2025-03-05 21:59:21
2025-03-05 22:00:00;2025-03-05 23:00:00;DK1;Solar;0,000000;0,000000;0,000000;2,572083;9,902917;2025-03-05 21:59:21;2025-03-05 22:59:21
2025-03-05 23:00:00;2025-03-06 00:00:00;DK1;Solar;0,000000;8,998750;0,000000;2,578750;8,998750;2025-03-05 22:59:21;2025-03-05 23:59:21
2025-03-06 00:00:00;2025-03-06 01:00:00;DK1;Solar;0,000000;7,108750;0,000000;2,344167;7,108750;2025-03-05 23:59:21;2025-03-06 00:59:21
2025-03-06 01:00:00;2025-03-06 02:00:00;DK1;Solar;0,000000;7,588750;0,000000;1,850833;7,588750;2025-03-06 00:59:21;2025-03-06 01:59:21
2025-03-06 02:00:00;2025-03-06 03:00:00;DK1;Solar;0,000000;7,762500;0,000000;1,975833;7,762500;2025-03-06 01:59:22;2025-03-06 02:59:22
2025-03-06 03:00:00;2025-03-06 04:00:00;DK1;Solar;0,000000;7,322083;0,000000;2,022917;7,322083;2025-03-06 02:59:21;2025-03-06 03:59:21
2025-03-06 04:00:00;2025-03-06 05:00:00;DK1;Solar;0,000000;7,903750;0,000000;1,907500;7,903750;2025-03-06 03:58:38;2025-03-06 04:58:38
2025-03-06 05:00:00;2025-03-06 06:00:00;DK1;Solar;0,649583;8,132916;0,676667;2,737500;8,132916;2025-03-06 04:58:37;2025-03-06 05:58:37
2025-03-06 06:00:00;2025-03-06 07:00:00;DK1;Solar;41,289165;47,706665;42,990417;45,090000;47,706665;2025-03-06 05:58:37;2025-03-06 06:58:37
2025-03-06 07:00:00;2025-03-06 08:00:00;DK1;Solar;316,584991;365,067902;330,993744;330,468750;365,067902;2025-03-06 06:58:37;2025-03-06 07:58:37
2025-03-06 08:00:00;2025-03-06 09:00:00;DK1;Solar;588,131226;623,864197;607,193359;623,864197;717,838745;2025-03-06 07:58:37;2025-03-06 08:58:37
2025-03-06 09:00:00;2025-03-06 10:00:00;DK1;Solar;801,656250;828,950806;814,900818;854,436646;1056,723389;2025-03-06 08:58:37;2025-03-06 09:58:37
2025-03-06 10:00:00;2025-03-06 11:00:00;DK1;Solar;912,691223;915,311279;913,583313;976,864197;1227,689575;2025-03-06 09:58:38;2025-03-06 10:58:38
2025-03-06 11:00:00;2025-03-06 12:00:00;DK1;Solar;906,334595;898,226685;898,226685;991,827942;1267,208740;2025-03-06 10:58:38;2025-03-06 11:58:38
2025-03-06 12:00:00;2025-03-06 13:00:00;DK1;Solar;869,804565;858,006653;858,006653;955,668335;1170,134155;2025-03-06 11:58:38;2025-03-06 12:58:38
2025-03-06 13:00:00;2025-03-06 14:00:00;DK1;Solar;812,267517;792,067932;791,897522;877,314575;1104,721680;2025-03-06 12:58:40;2025-03-06 13:58:40
2025-03-06 14:00:00;2025-03-06 15:00:00;DK1;Solar;596,992065;582,051270;582,925415;658,869141;873,208313;2025-03-06 13:58:40;2025-03-06 14:58:40
2025-03-06 15:00:00;2025-03-06 16:00:00;DK1;Solar;329,785828;328,421661;325,905823;396,798340;564,117065;2025-03-06 14:58:38;2025-03-06 15:58:38
2025-03-06 16:00:00;2025-03-06 17:00:00;DK1;Solar;67,321251;68,259583;67,315002;129,237076;157,737503;2025-03-06 15:58:37;2025-03-06 16:58:37
2025-03-06 17:00:00;2025-03-06 18:00:00;DK1;Solar;1,482917;1,507083;1,488333;24,878750;18,708750;2025-03-06 16:58:37;2025-03-06 17:58:37
2025-03-06 18:00:00;2025-03-06 19:00:00;DK1;Solar;0,010000;0,008750;0,001250;4,485000;2,222083;2025-03-06 17:58:37;2025-03-06 18:58:37
2025-03-06 19:00:00;2025-03-06 20:00:00;DK1;Solar;0,002917;0,000000;0,000000;0,578750;2,329167;2025-03-06 18:58:38;2025-03-06 19:58:38
2025-03-06 20:00:00;2025-03-06 21:00:00;DK1;Solar;0,000000;0,000000;0,000000;0,606667;1,779167;2025-03-06 19:58:37;2025-03-06 20:58:37
2025-03-06 21:00:00;2025-03-06 22:00:00;DK1;Solar;0,000000;0,000000;0,000000;0,462917;2,809167;2025-03-06 20:58:37;2025-03-06 21:58:37
2025-03-06 22:00:00;2025-03-06 23:00:00;DK1;Solar;0,000000;0,000000;0,000000;0,731667;2,570000;2025-03-06 21:58:37;2025-03-06 22:58:37
2025-03-06 23:00:00;2025-03-07 00:00:00;DK1;Solar;0,000000;2,895417;0,000000;0,667917;2,895417;2025-03-06 22:58:38;2025-03-06 23:58:38
2025-03-07 00:00:00;2025-03-07 01:00:00;DK1;Solar;0,000000;2,689167;0,000000;0,753750;2,689167;2025-03-06 23:58:37;2025-03-07 00:58:37
2025-03-07 01:00:00;2025-03-07 02:00:00;DK1;Solar;0,000000;2,888750;0,000000;0,700000;2,888750;2025-03-07 00:58:37;2025-03-07 01:58:37
2025-03-07 02:00:00;2025-03-07 03:00:00;DK1;Solar;0,000000;3,088333;0,000000;0,750000;3,088333;2025-03-07 01:58:38;2025-03-07 02:58:38
2025-03-07 03:00:00;2025-03-07 04:00:00;DK1;Solar;0,000000;3,607083;0,000000;0,804583;3,607083;2025-03-07 02:58:38;2025-03-07 03:58:38
2025-03-07 04:00:00;2025-03-07 05:00:00;DK1;Solar;0,000000;3,027083;0,000000;0,939583;3,027083;2025-03-07 03:58:47;2025-03-07 04:58:47
2025-03-07 05:00:00;2025-03-07 06:00:00;DK1;Solar;0,735000;3,406667;0,751667;1,524167;3,406667;2025-03-07 04:58:47;2025-03-07 05:58:47
2025-03-07 06:00:00;2025-03-07 07:00:00;DK1;Solar;48,738335;49,547916;50,338333;50,147083;49,547916;2025-03-07 05:58:47;2025-03-07 06:58:47
2025-03-07 07:00:00;2025-03-07 08:00:00;DK1;Solar;325,297089;370,468323;341,742493;319,220825;370,468323;2025-03-07 06:58:47;2025-03-07 07:58:47
2025-03-07 08:00:00;2025-03-07 09:00:00;DK1;Solar;581,025391;584,369995;600,323303;584,369995;653,533752;2025-03-07 07:58:47;2025-03-07 08:58:47
2025-03-07 09:00:00;2025-03-07 10:00:00;DK1;Solar;769,373352;770,262939;782,653748;809,477112;968,033325;2025-03-07 08:58:47;2025-03-07 09:58:47
2025-03-07 10:00:00;2025-03-07 11:00:00;DK1;Solar;823,870422;886,408752;898,843323;934,245422;1177,303711;2025-03-07 09:58:47;2025-03-07 10:58:47
2025-03-07 11:00:00;2025-03-07 12:00:00;DK1;Solar;806,879150;868,886658;868,886658;934,031250;1163,362915;2025-03-07 10:58:47;2025-03-07 11:58:47
2025-03-07 12:00:00;2025-03-07 13:00:00;DK1;Solar;772,265808;778,570862;778,570862;835,135010;936,362061;2025-03-07 11:58:47;2025-03-07 12:58:47
2025-03-07 13:00:00;2025-03-07 14:00:00;DK1;Solar;690,006653;610,255005;608,383728;625,303345;718,763306;2025-03-07 12:58:49;2025-03-07 13:58:49
2025-03-07 14:00:00;2025-03-07 15:00:00;DK1;Solar;525,418335;418,926239;458,070404;459,627075;695,726257;2025-03-07 13:58:51;2025-03-07 14:58:51
2025-03-07 15:00:00;2025-03-07 16:00:00;DK1;Solar;302,105835;246,823334;268,567078;320,897095;418,516235;2025-03-07 14:58:48;2025-03-07 15:58:48
2025-03-07 16:00:00;2025-03-07 17:00:00;DK1;Solar;69,462914;61,077915;63,725834;104,204582;101,636665;2025-03-07 15:58:47;2025-03-07 16:58:47
2025-03-07 17:00:00;2025-03-07 18:00:00;DK1;Solar;1,602083;1,530833;1,539167;12,134167;10,440416;2025-03-07 16:58:47;2025-03-07 17:58:47
2025-03-07 18:00:00;2025-03-07 19:00:00;DK1;Solar;0,012500;0,005417;0,005000;2,333750;1,368750;2025-03-07 17:58:47;2025-03-07 18:58:47
2025-03-07 19:00:00;2025-03-07 20:00:00;DK1;Solar;0,009583;0,000000;0,000833;0,356250;1,700833;2025-03-07 18:58:47;2025-03-07 19:58:47
2025-03-07 20:00:00;2025-03-07 21:00:00;DK1;Solar;0,000000;0,000000;0,000000;0,442500;1,561250;2025-03-07 19:58:47;2025-03-07 20:58:47
2025-03-07 21:00:00;2025-03-07 22:00:00;DK1;Solar;0,000000;0,000000;0,000000;0,407500;1,250833;2025-03-07 20:58:47;2025-03-07 21:58:47
2025-03-07 22:00:00;2025-03-07 23:00:00;DK1;Solar;0,000000;0,000000;0,000000;0,325833;0,696250;2025-03-07 21:58:47;2025-03-07 22:58:47
2025-03-07 23:00:00;2025-03-08 00:00:00;DK1;Solar;0,000000;0,048333;0,000000;0,180417;0,048333;2025-03-07 22:58:47;2025-03-07 23:58:47
2025-03-08 00:00:00;2025-03-08 01:00:00;DK1;Solar;0,000000;0,142917;0,000000;0,012917;0,142917;2025-03-07 23:58:47;2025-03-08 00:58:47
2025-03-08 01:00:00;2025-03-08 02:00:00;DK1;Solar;0,003333;0,037917;0,003333;0,039583;0,037917;2025-03-08 00:58:47;2025-03-08 01:58:47
2025-03-08 02:00:00;2025-03-08 03:00:00;DK1;Solar;0,000000;0,000000;0,000000;0,009167;0,000000;2025-03-08 01:58:47;2025-03-08 02:58:47
2025-03-08 03:00:00;2025-03-08 04:00:00;DK1;Solar;0,000000;0,053333;0,000000;0,000000;0,053333;2025-03-08 02:58:47;2025-03-08 03:58:47
2025-03-08 04:00:00;2025-03-08 05:00:00;DK1;Solar;0,000000;0,000000;0,000000;0,013750;0,000000;2025-03-08 03:59:04;2025-03-08 04:59:04
2025-03-08 05:00:00;2025-03-08 06:00:00;DK1;Solar;0,732917;0,773750;0,793750;0,773750;0,773750;2025-03-08 04:59:04;2025-03-08 05:59:04
2025-03-08 06:00:00;2025-03-08 07:00:00;DK1;Solar;50,411251;49,366249;51,564999;51,488335;49,366249;2025-03-08 05:59:04;2025-03-08 06:59:04
2025-03-08 07:00:00;2025-03-08 08:00:00;DK1;Solar;319,574158;329,570007;324,250427;315,270416;329,570007;2025-03-08 06:59:04;2025-03-08 07:59:04
2025-03-08 08:00:00;2025-03-08 09:00:00;DK1;Solar;592,602478;598,234558;591,995850;598,234558;647,522888;2025-03-08 07:59:04;2025-03-08 08:59:04
2025-03-08 09:00:00;2025-03-08 10:00:00;DK1;Solar;802,775024;800,073303;792,592529;813,211243;950,233765;2025-03-08 08:59:04;2025-03-08 09:59:04
2025-03-08 10:00:00;2025-03-08 11:00:00;DK1;Solar;915,664185;902,429138;899,312927;925,797058;1129,467041;2025-03-08 09:59:03;2025-03-08 10:59:03
2025-03-08 11:00:00;2025-03-08 12:00:00;DK1;Solar;761,477112;748,262512;748,262512;802,255432;987,941650;2025-03-08 10:59:04;2025-03-08 11:59:04
2025-03-08 12:00:00;2025-03-08 13:00:00;DK1;Solar;831,274597;823,333313;823,333313;879,225830;1143,212891;2025-03-08 11:59:04;2025-03-08 12:59:04
2025-03-08 13:00:00;2025-03-08 14:00:00;DK1;Solar;759,560852;754,378723;737,497925;807,694153;988,184143;2025-03-08 12:59:06;2025-03-08 13:59:06
2025-03-08 14:00:00;2025-03-08 15:00:00;DK1;Solar;605,817505;602,647888;602,647888;654,582520;800,466248;2025-03-08 13:59:06;2025-03-08 14:59:06
2025-03-08 15:00:00;2025-03-08 16:00:00;DK1;Solar;344,133331;346,008759;346,008759;391,939178;510,784576;2025-03-08 14:59:04;2025-03-08 15:59:04
2025-03-08 16:00:00;2025-03-08 17:00:00;DK1;Solar;82,322083;83,392502;83,392502;127,127502;149,389160;2025-03-08 15:59:04;2025-03-08 16:59:04
2025-03-08 17:00:00;2025-03-08 18:00:00;DK1;Solar;1,867500;1,892917;1,915000;19,236666;22,869167;2025-03-08 16:59:04;2025-03-08 17:59:04
2025-03-08 18:00:00;2025-03-08 19:00:00;DK1;Solar;0,016667;0,007500;0,007917;5,467083;0,000000;2025-03-08 17:59:04;2025-03-08 18:59:04
2025-03-08 19:00:00;2025-03-08 20:00:00;DK1;Solar;0,009583;0,000000;0,000000;0,000000;0,000000;2025-03-08 18:59:04;2025-03-08 19:59:04
2025-03-08 20:00:00;2025-03-08 21:00:00;DK1;Solar;0,000000;0,000000;0,000000;0,000000;0,000000;2025-03-08 19:59:04;2025-03-08 20:59:04
2025-03-08 21:00:00;2025-03-08 22:00:00;DK1;Solar;0,000000;0,000000;0,000000;0,000000;0,000000;2025-03-08 20:59:04;2025-03-08 21:59:04
2025-03-08 22:00:00;2025-03-08 23:00:00;DK1;Solar;0,000000;0,000000;0,000000;0,000000;0,435417;2025-03-08 21:59:03;2025-03-08 22:59:03
2025-03-08 23:00:00;2025-03-09 00:00:00;DK1;Solar;0,000000;0,423750;0,000000;0,113750;0,423750;2025-03-08 22:59:04;2025-03-08 23:59:04
2025-03-09 00:00:00;2025-03-09 01:00:00;DK1;Solar;0,000000;0,569167;0,000000;0,111250;0,569167;2025-03-08 23:59:04;2025-03-09 00:59:04
2025-03-09 01:00:00;2025-03-09 02:00:00;DK1;Solar;0,000000;0,000000;0,000000;0,148333;0,000000;2025-03-09 00:59:04;2025-03-09 01:59:04
2025-03-09 02:00:00;2025-03-09 03:00:00;DK1;Solar;0,000000;0,000000;0,000000;0,000000;0,000000;2025-03-09 01:59:04;2025-03-09 02:59:04
2025-03-09 03:00:00;2025-03-09 04:00:00;DK1;Solar;0,000000;0,000000;0,000000;0,000000;0,000000;2025-03-09 02:59:04;2025-03-09 03:59:04
2025-03-09 04:00:00;2025-03-09 05:00:00;DK1;Solar;0,007917;0,000000;0,000000;0,000000;0,000000;2025-03-09 03:58:43;2025-03-09 04:58:43
2025-03-09 05:00:00;2025-03-09 06:00:00;DK1;Solar;0,814167;0,784167;0,786667;0,785000;0,784167;2025-03-09 04:58:44;2025-03-09 05:58:44
2025-03-09 06:00:00;2025-03-09 07:00:00;DK1;Solar;55,810417;54,713749;54,294582;54,483749;54,713749;2025-03-09 05:58:44;2025-03-09 06:58:44
2025-03-09 07:00:00;2025-03-09 08:00:00;DK1;Solar;316,425415;321,393341;303,798737;303,461670;321,393341;2025-03-09 06:58:43;2025-03-09 07:58:43
2025-03-09 08:00:00;2025-03-09 09:00:00;DK1;Solar;583,130005;552,967529;558,493347;552,967529;597,706665;2025-03-09 07:58:44;2025-03-09 08:58:44
2025-03-09 09:00:00;2025-03-09 10:00:00;DK1;Solar;784,316650;754,092896;756,802917;765,210022;922,315430;2025-03-09 08:58:44;2025-03-09 09:58:44
2025-03-09 10:00:00;2025-03-09 11:00:00;DK1;Solar;837,616638;834,941223;847,512512;868,246643;1079,195801;2025-03-09 09:58:44;2025-03-09 10:58:44
2025-03-09 11:00:00;2025-03-09 12:00:00;DK1;Solar;636,917908;649,934143;649,934143;713,879578;976,548767;2025-03-09 10:58:44;2025-03-09 11:58:44
2025-03-09 12:00:00;2025-03-09 13:00:00;DK1;Solar;609,164612;622,190857;622,190857;712,822510;865,162109;2025-03-09 11:58:44;2025-03-09 12:58:44
2025-03-09 13:00:00;2025-03-09 14:00:00;DK1;Solar;698,680847;714,040405;717,521240;754,160400;954,498352;2025-03-09 12:58:46;2025-03-09 13:58:46
2025-03-09 14:00:00;2025-03-09 15:00:00;DK1;Solar;550,071228;580,552490;569,592102;620,988770;795,217529;2025-03-09 13:58:46;2025-03-09 14:58:46
2025-03-09 15:00:00;2025-03-09 16:00:00;DK1;Solar;319,839172;337,534180;327,357086;381,352905;556,349976;2025-03-09 14:58:44;2025-03-09 15:58:44
2025-03-09 16:00:00;2025-03-09 17:00:00;DK1;Solar;82,279167;85,933746;83,982086;144,383331;178,373749;2025-03-09 15:58:44;2025-03-09 16:58:44
2025-03-09 17:00:00;2025-03-09 18:00:00;DK1;Solar;1,985833;2,077917;2,110000;25,727501;31,239584;2025-03-09 16:58:44;2025-03-09 17:58:44
2025-03-09 18:00:00;2025-03-09 19:00:00;DK1;Solar;0,022083;0,017083;0,017083;7,600417;0,670000;2025-03-09 17:58:43;2025-03-09 18:58:43
2025-03-09 19:00:00;2025-03-09 20:00:00;DK1;Solar;0,008750;0,008750;0,000000;0,173750;1,365000;2025-03-09 18:58:43;2025-03-09 19:58:43
2025-03-09 20:00:00;2025-03-09 21:00:00;DK1;Solar;0,000000;0,000000;0,000000;0,356250;1,360000;2025-03-09 19:58:43;2025-03-09 20:58:43
2025-03-09 21:00:00;2025-03-09 22:00:00;DK1;Solar;0,000000;0,000000;0,000000;0,352083;1,004583;2025-03-09 20:58:44;2025-03-09 21:58:44
2025-03-09 22:00:00;2025-03-09 23:00:00;DK1;Solar;0,000000;0,000000;0,000000;0,262083;0,877500;2025-03-09 21:58:44;2025-03-09 22:58:44
2025-03-09 23:00:00;2025-03-10 00:00:00;DK1;Solar;0,000000;1,042500;0,000000;0,227083;1,042500;2025-03-09 22:58:44;2025-03-09 23:58:44
2025-03-10 00:00:00;2025-03-10 01:00:00;DK1;Solar;0,000000;1,030833;0,000000;0,272917;1,030833;2025-03-09 23:58:43;2025-03-10 00:58:43
2025-03-10 01:00:00;2025-03-10 02:00:00;DK1;Solar;0,000000;1,123750;0,000000;0,268333;1,123750;2025-03-10 00:58:44;2025-03-10 01:58:44
2025-03-10 02:00:00;2025-03-10 03:00:00;DK1;Solar;0,000000;1,063750;0,000000;0,291667;1,063750;2025-03-10 01:58:43;2025-03-10 02:58:43
2025-03-10 03:00:00;2025-03-10 04:00:00;DK1;Solar;0,000000;0,640000;0,000000;0,277917;0,640000;2025-03-10 02:58:44;2025-03-10 03:58:44
2025-03-10 04:00:00;2025-03-10 05:00:00;DK1;Solar;0,001250;0,532083;0,001250;0,167917;0,532083;2025-03-10 03:58:55;2025-03-10 04:58:55
2025-03-10 05:00:00;2025-03-10 06:00:00;DK1;Solar;0,919167;1,378333;0,895833;1,038750;1,378333;2025-03-10 04:58:54;2025-03-10 05:58:54
2025-03-10 06:00:00;2025-03-10 07:00:00;DK1;Solar;60,517918;64,297501;63,898335;64,487503;64,297501;2025-03-10 05:58:54;2025-03-10 06:58:54
2025-03-10 07:00:00;2025-03-10 08:00:00;DK1;Solar;298,850830;345,755829;334,412903;337,505829;345,755829;2025-03-10 06:58:55;2025-03-10 07:58:55
2025-03-10 08:00:00;2025-03-10 09:00:00;DK1;Solar;525,060425;595,466675;591,636658;595,466675;650,178345;2025-03-10 07:58:54;2025-03-10 08:58:54
2025-03-10 09:00:00;2025-03-10 10:00:00;DK1;Solar;717,490417;785,562500;783,067932;800,315430;955,002502;2025-03-10 08:58:54;2025-03-10 09:58:54
2025-03-10 10:00:00;2025-03-10 11:00:00;DK1;Solar;821,852112;906,072510;902,024170;941,145020;1162,194946;2025-03-10 09:58:55;2025-03-10 10:58:55
2025-03-10 11:00:00;2025-03-10 12:00:00;DK1;Solar;861,322510;948,265015;948,265015;1004,261658;1263,311646;2025-03-10 10:58:54;2025-03-10 11:58:54
2025-03-10 12:00:00;2025-03-10 13:00:00;DK1;Solar;824,392944;908,799194;908,799194;978,534180;1245,080444;2025-03-10 11:58:55;2025-03-10 12:58:55
2025-03-10 13:00:00;2025-03-10 14:00:00;DK1;Solar;702,535828;783,251221;783,258362;862,794556;1098,280396;2025-03-10 12:58:58;2025-03-10 13:58:58
2025-03-10 14:00:00;2025-03-10 15:00:00;DK1;Solar;512,398743;578,393311;576,728333;661,500427;867,939575;2025-03-10 13:58:56;2025-03-10 14:58:56
2025-03-10 15:00:00;2025-03-10 16:00:00;DK1;Solar;286,699158;327,320404;325,017090;402,822510;499,989990;2025-03-10 14:58:54;2025-03-10 15:58:54
2025-03-10 16:00:00;2025-03-10 17:00:00;DK1;Solar;72,858330;84,582916;84,011253;128,607910;116,804581;2025-03-10 15:58:54;2025-03-10 16:58:54
2025-03-10 17:00:00;2025-03-10 18:00:00;DK1;Solar;1,832500;2,117500;2,100833;10,716666;10,677083;2025-03-10 16:58:54;2025-03-10 17:58:54
2025-03-10 18:00:00;2025-03-10 19:00:00;DK1;Solar;0,016250;0,024167;0,023333;2,258333;0,000000;2025-03-10 17:58:54;2025-03-10 18:58:54
2025-03-10 19:00:00;2025-03-10 20:00:00;DK1;Solar;0,009583;0,008333;0,000000;0,000000;0,000000;2025-03-10 18:58:54;2025-03-10 19:58:54
2025-03-10 20:00:00;2025-03-10 21:00:00;DK1;Solar;0,000417;0,000000;0,000000;0,000000;0,000000;2025-03-10 19:58:54;2025-03-10 20:58:54
2025-03-10 21:00:00;2025-03-10 22:00:00;DK1;Solar;0,000000;0,000000;0,000000;0,000000;0,000000;2025-03-10 20:58:54;2025-03-10 21:58:54
2025-03-10 22:00:00;2025-03-10 23:00:00;DK1;Solar;0,000000;0,000000;0,000000;0,000000;0,000000;2025-03-10 21:58:54;2025-03-10 22:58:54
2025-03-10 23:00:00;2025-03-11 00:00:00;DK1;Solar;0,000000;0,000000;0,000000;0,000000;0,000000;2025-03-10 22:58:54;2025-03-10 23:58:54
2025-03-11 00:00:00;2025-03-11 01:00:00;DK1;Solar;0,000000;0,000000;0,000000;0,000000;0,000000;2025-03-10 23:58:54;2025-03-11 00:58:54
2025-03-11 01:00:00;2025-03-11 02:00:00;DK1;Solar;0,000000;0,000000;0,000000;0,000000;0,000000;2025-03-11 00:58:54;2025-03-11 01:58:54
2025-03-11 02:00:00;2025-03-11 03:00:00;DK1;Solar;0,000000;0,000000;0,000000;0,000000;0,000000;2025-03-11 01:58:54;2025-03-11 02:58:54
2025-03-11 03:00:00;2025-03-11 04:00:00;DK1;Solar;0,000000;0,000000;0,000000;0,000000;0,000000;2025-03-11 02:58:54;2025-03-11 03:58:54
2025-03-11 04:00:00;2025-03-11 05:00:00;DK1;Solar;0,002500;0,002500;0,002500;0,002500;0,002500;2025-03-11 03:58:51;2025-03-11 04:58:51
2025-03-11 05:00:00;2025-03-11 06:00:00;DK1;Solar;0,587500;0,564167;0,554167;0,571667;0,564167;2025-03-11 04:58:50;2025-03-11 05:58:50
2025-03-11 06:00:00;2025-03-11 07:00:00;DK1;Solar;30,088333;27,487917;29,119167;29,641666;27,487917;2025-03-11 05:58:50;2025-03-11 06:58:50
2025-03-11 07:00:00;2025-03-11 08:00:00;DK1;Solar;131,028748;108,106667;130,595413;128,778336;108,106667;2025-03-11 06:58:51;2025-03-11 07:58:51
2025-03-11 08:00:00;2025-03-11 09:00:00;DK1;Solar;221,509995;211,119583;228,118744;211,119583;157,273331;2025-03-11 07:58:50;2025-03-11 08:58:50
2025-03-11 09:00:00;2025-03-11 10:00:00;DK1;Solar;287,020416;272,536255;283,792908;264,555420;204,184174;2025-03-11 08:58:50;2025-03-11 09:58:50
2025-03-11 10:00:00;2025-03-11 11:00:00;DK1;Solar;333,224579;302,948334;319,600830;282,153748;232,867081;2025-03-11 09:58:50;2025-03-11 10:58:50
2025-03-11 11:00:00;2025-03-11 12:00:00;DK1;Solar;347,481659;309,238342;309,238342;293,793335;256,802917;2025-03-11 10:58:51;2025-03-11 11:58:51
2025-03-11 12:00:00;2025-03-11 13:00:00;DK1;Solar;326,015411;299,352905;299,352905;275,699585;239,455002;2025-03-11 11:58:51;2025-03-11 12:58:51
2025-03-11 13:00:00;2025-03-11 14:00:00;DK1;Solar;274,543335;255,079163;239,013748;205,267914;172,934998;2025-03-11 12:58:51;2025-03-11 13:58:51
2025-03-11 14:00:00;2025-03-11 15:00:00;DK1;Solar;195,187912;185,499161;172,232910;148,564590;118,427917;2025-03-11 13:58:53;2025-03-11 14:58:53
2025-03-11 15:00:00;2025-03-11 16:00:00;DK1;Solar;111,599167;111,422501;105,272087;90,540413;82,565414;2025-03-11 14:58:53;2025-03-11 15:58:53
2025-03-11 16:00:00;2025-03-11 17:00:00;DK1;Solar;31,670416;35,166248;33,307919;26,098333;10,542084;2025-03-11 15:58:51;2025-03-11 16:58:51
2025-03-11 17:00:00;2025-03-11 18:00:00;DK1;Solar;1,160000;1,200833;1,145000;0,026250;1,935417;2025-03-11 16:58:51;2025-03-11 17:58:51
2025-03-11 18:00:00;2025-03-11 19:00:00;DK1;Solar;0,025417;0,020000;0,021250;0,218750;0,438750;2025-03-11 17:58:51;2025-03-11 18:58:51
2025-03-11 19:00:00;2025-03-11 20:00:00;DK1;Solar;0,008750;0,007917;0,000000;0,110833;1,376250;2025-03-11 18:58:50;2025-03-11 19:58:50
2025-03-11 20:00:00;2025-03-11 21:00:00;DK1;Solar;0,000000;0,000000;0,000000;0,358333;1,419167;2025-03-11 19:58:50;2025-03-11 20:58:50
2025-03-11 21:00:00;2025-03-11 22:00:00;DK1;Solar;0,000000;0,000000;0,000000;0,369583;0,000000;2025-03-11 20:58:51;2025-03-11 21:58:51
2025-03-11 22:00:00;2025-03-11 23:00:00;DK1;Solar;0,000000;0,000000;0,000000;0,000000;0,000000;2025-03-11 21:58:50;2025-03-11 22:58:50
2025-03-11 23:00:00;2025-03-12 00:00:00;DK1;Solar;0,000000;0,000000;0,000000;0,000000;0,000000;2025-03-11 22:58:51;2025-03-11 23:58:51
2025-03-12 00:00:00;2025-03-12 01:00:00;DK1;Solar;0,000000;0,000000;0,000000;0,000000;0,000000;2025-03-11 23:58:51;2025-03-12 00:58:51
2025-03-12 01:00:00;2025-03-12 02:00:00;DK1;Solar;0,000000;0,000000;0,000000;0,000000;0,000000;2025-03-12 00:58:51;2025-03-12 01:58:51
2025-03-12 02:00:00;2025-03-12 03:00:00;DK1;Solar;0,000000;0,000000;0,000000;0,000000;0,000000;2025-03-12 01:58:52;2025-03-12 02:58:52
2025-03-12 03:00:00;2025-03-12 04:00:00;DK1;Solar;0,000000;0,000000;0,000000;0,000000;0,000000;2025-03-12 02:58:51;2025-03-12 03:58:51
2025-03-12 04:00:00;2025-03-12 05:00:00;DK1;Solar;0,006667;0,004583;0,004583;0,004583;0,004583;2025-03-12 03:58:40;2025-03-12 04:58:40
2025-03-12 05:00:00;2025-03-12 06:00:00;DK1;Solar;0,817917;0,741667;0,742083;0,751667;0,741667;2025-03-12 04:58:40;2025-03-12 05:58:40
2025-03-12 06:00:00;2025-03-12 07:00:00;DK1;Solar;44,859585;40,302082;43,783333;43,775002;40,302082;2025-03-12 05:58:40;2025-03-12 06:58:40
2025-03-12 07:00:00;2025-03-12 08:00:00;DK1;Solar;184,115417;177,094162;185,345840;182,237076;177,094162;2025-03-12 06:58:40;2025-03-12 07:58:40
2025-03-12 08:00:00;2025-03-12 09:00:00;DK1;Solar;313,612488;332,315826;323,156250;332,315826;314,255829;2025-03-12 07:58:40;2025-03-12 08:58:40
2025-03-12 09:00:00;2025-03-12 10:00:00;DK1;Solar;384,457489;433,972076;404,460419;425,725403;485,768341;2025-03-12 08:58:40;2025-03-12 09:58:40
2025-03-12 10:00:00;2025-03-12 11:00:00;DK1;Solar;447,662079;487,839569;477,526245;488,071259;526,174194;2025-03-12 09:58:39;2025-03-12 10:58:39
2025-03-12 11:00:00;2025-03-12 12:00:00;DK1;Solar;500,328339;555,748352;555,748352;534,981689;580,257507;2025-03-12 10:58:41;2025-03-12 11:58:41
2025-03-12 12:00:00;2025-03-12 13:00:00;DK1;Solar;497,671265;546,282898;546,282898;517,675415;596,822083;2025-03-12 11:58:40;2025-03-12 12:58:40
2025-03-12 13:00:00;2025-03-12 14:00:00;DK1;Solar;420,494995;486,881653;485,464996;506,697906;639,593750;2025-03-12 12:58:40;2025-03-12 13:58:40
2025-03-12 14:00:00;2025-03-12 15:00:00;DK1;Solar;346,818756;370,630402;368,351654;417,455414;402,443756;2025-03-12 13:58:41;2025-03-12 14:58:41
2025-03-12 15:00:00;2025-03-12 16:00:00;DK1;Solar;217,350006;217,130005;224,812500;235,502914;202,832077;2025-03-12 14:58:48;2025-03-12 15:58:48
2025-03-12 16:00:00;2025-03-12 17:00:00;DK1;Solar;66,958336;65,540413;66,689583;59,612499;54,529999;2025-03-12 15:58:40;2025-03-12 16:58:40
2025-03-12 17:00:00;2025-03-12 18:00:00;DK1;Solar;2,194167;2,133750;2,123333;0,093333;13,290833;2025-03-12 16:58:40;2025-03-12 17:58:40
2025-03-12 18:00:00;2025-03-12 19:00:00;DK1;Solar;0,038750;0,044167;0,033333;2,941250;2,425000;2025-03-12 17:58:40;2025-03-12 18:58:40
2025-03-12 19:00:00;2025-03-12 20:00:00;DK1;Solar;0,008750;0,010000;0,000000;0,625000;2,371667;2025-03-12 18:58:40;2025-03-12 19:58:40
2025-03-12 20:00:00;2025-03-12 21:00:00;DK1;Solar;0,000000;0,001250;0,000000;0,617500;1,548333;2025-03-12 19:58:40;2025-03-12 20:58:40
2025-03-12 21:00:00;2025-03-12 22:00:00;DK1;Solar;0,000000;0,000000;0,000000;0,402917;1,257500;2025-03-12 20:58:39;2025-03-12 21:58:39
2025-03-12 22:00:00;2025-03-12 23:00:00;DK1;Solar;0,000000;0,000000;0,000000;0,327917;1,226667;2025-03-12 21:58:40;2025-03-12 22:58:40
2025-03-12 23:00:00;2025-03-13 00:00:00;DK1;Solar;0,000000;2,830833;0,000000;0,319583;2,830833;2025-03-12 22:58:40;2025-03-12 23:58:40
2025-03-13 00:00:00;2025-03-13 01:00:00;DK1;Solar;0,000000;2,509167;0,000000;0,737083;2,509167;2025-03-12 23:58:40;2025-03-13 00:58:40
2025-03-13 01:00:00;2025-03-13 02:00:00;DK1;Solar;0,000000;3,804583;0,000000;0,652917;3,804583;2025-03-13 00:58:40;2025-03-13 01:58:40
2025-03-13 02:00:00;2025-03-13 03:00:00;DK1;Solar;0,000000;4,091250;0,000000;0,990833;4,091250;2025-03-13 01:58:40;2025-03-13 02:58:40
2025-03-13 03:00:00;2025-03-13 04:00:00;DK1;Solar;0,000000;3,133750;0,000000;1,065833;3,133750;2025-03-13 02:58:40;2025-03-13 03:58:40
2025-03-13 04:00:00;2025-03-13 05:00:00;DK1;Solar;0,012500;1,614583;0,012500;0,829167;1,614583;2025-03-13 03:58:41;2025-03-13 04:58:41
2025-03-13 05:00:00;2025-03-13 06:00:00;DK1;Solar;1,107500;2,544583;1,160000;1,554167;2,544583;2025-03-13 04:58:41;2025-03-13 05:58:41
2025-03-13 06:00:00;2025-03-13 07:00:00;DK1;Solar;54,900417;51,773335;55,279167;54,070000;51,773335;2025-03-13 05:58:41;2025-03-13 06:58:41
2025-03-13 07:00:00;2025-03-13 08:00:00;DK1;Solar;220,262085;181,714172;200,018326;194,598755;181,714172;2025-03-13 06:58:41;2025-03-13 07:58:41
2025-03-13 08:00:00;2025-03-13 09:00:00;DK1;Solar;363,705841;323,839172;340,292908;323,839172;306,231262;2025-03-13 07:58:41;2025-03-13 08:58:41
2025-03-13 09:00:00;2025-03-13 10:00:00;DK1;Solar;458,357513;425,721680;442,081238;435,875000;409,707916;2025-03-13 08:58:41;2025-03-13 09:58:41
2025-03-13 10:00:00;2025-03-13 11:00:00;DK1;Solar;494,277496;471,128754;484,380005;507,476257;545,532104;2025-03-13 09:58:41;2025-03-13 10:58:41
2025-03-13 11:00:00;2025-03-13 12:00:00;DK1;Solar;499,041260;488,585419;488,585419;537,857910;528,411255;2025-03-13 10:58:41;2025-03-13 11:58:41
2025-03-13 12:00:00;2025-03-13 13:00:00;DK1;Solar;502,222076;485,227509;485,227509;520,788757;534,196228;2025-03-13 11:58:41;2025-03-13 12:58:41
2025-03-13 13:00:00;2025-03-13 14:00:00;DK1;Solar;444,164581;428,537079;444,467072;457,606659;428,229584;2025-03-13 12:58:43;2025-03-13 13:58:43
2025-03-13 14:00:00;2025-03-13 15:00:00;DK1;Solar;367,813751;352,623322;354,695007;337,463348;287,688324;2025-03-13 13:58:44;2025-03-13 14:58:44
2025-03-13 15:00:00;2025-03-13 16:00:00;DK1;Solar;226,691254;216,416245;214,311661;201,585007;212,712494;2025-03-13 14:58:42;2025-03-13 15:58:42
2025-03-13 16:00:00;2025-03-13 17:00:00;DK1;Solar;73,254585;67,150414;67,524170;68,433746;44,609585;2025-03-13 15:58:42;2025-03-13 16:58:42
2025-03-13 17:00:00;2025-03-13 18:00:00;DK1;Solar;2,538333;2,326250;2,357917;0,069167;8,092500;2025-03-13 16:58:41;2025-03-13 17:58:41
2025-03-13 18:00:00;2025-03-13 19:00:00;DK1;Solar;0,048333;0,049167;0,047500;1,542083;3,007083;2025-03-13 17:58:41;2025-03-13 18:58:41
2025-03-13 19:00:00;2025-03-13 20:00:00;DK1;Solar;0,000000;0,000000;0,000000;0,772917;3,264583;2025-03-13 18:58:42;2025-03-13 19:58:42
2025-03-13 20:00:00;2025-03-13 21:00:00;DK1;Solar;0,000000;0,000000;0,000000;0,850000;3,022917;2025-03-13 19:58:41;2025-03-13 20:58:41
2025-03-13 21:00:00;2025-03-13 22:00:00;DK1;Solar;0,000000;0,000000;0,000000;0,787083;1,254167;2025-03-13 20:58:41;2025-03-13 21:58:41
2025-03-13 22:00:00;2025-03-13 23:00:00;DK1;Solar;0,000000;0,000000;0,000000;0,327500;1,453750;2025-03-13 21:58:41;2025-03-13 22:58:41
2025-03-13 23:00:00;2025-03-14 00:00:00;DK1;Solar;0,000000;1,555417;0,000000;0,378750;1,555417;2025-03-13 22:58:42;2025-03-13 23:58:42
2025-03-14 00:00:00;2025-03-14 01:00:00;DK1;Solar;0,000000;2,255417;0,000000;0,404583;2,255417;2025-03-13 23:58:41;2025-03-14 00:58:41
2025-03-14 01:00:00;2025-03-14 02:00:00;DK1;Solar;0,000000;1,062500;0,000000;0,587083;1,062500;2025-03-14 00:58:42;2025-03-14 01:58:42
2025-03-14 02:00:00;2025-03-14 03:00:00;DK1;Solar;0,000000;0,170417;0,000000;0,276667;0,170417;2025-03-14 01:58:42;2025-03-14 02:58:42
2025-03-14 03:00:00;2025-03-14 04:00:00;DK1;Solar;0,000000;0,000000;0,000000;0,043750;0,000000;2025-03-14 02:58:41;2025-03-14 03:58:41
2025-03-14 04:00:00;2025-03-14 05:00:00;DK1;Solar;0,025000;0,365417;0,027083;0,027500;0,365417;2025-03-14 03:59:16;2025-03-14 04:59:16
2025-03-14 05:00:00;2025-03-14 06:00:00;DK1;Solar;1,951250;2,278333;2,075417;2,137917;2,278333;2025-03-14 04:59:16;2025-03-14 05:59:16
2025-03-14 06:00:00;2025-03-14 07:00:00;DK1;Solar;116,455002;115,501251;110,265831;110,383331;115,501251;2025-03-14 05:59:16;2025-03-14 06:59:16
2025-03-14 07:00:00;2025-03-14 08:00:00;DK1;Solar;428,255829;433,523743;405,015015;411,866241;433,523743;2025-03-14 06:59:16;2025-03-14 07:59:16
2025-03-14 08:00:00;2025-03-14 09:00:00;DK1;Solar;689,993774;677,942505;662,950012;677,942505;746,550842;2025-03-14 07:59:16;2025-03-14 08:59:16
2025-03-14 09:00:00;2025-03-14 10:00:00;DK1;Solar;886,378357;871,820007;866,826660;890,648743;1067,665405;2025-03-14 08:59:16;2025-03-14 09:59:16
2025-03-14 10:00:00;2025-03-14 11:00:00;DK1;Solar;1006,569153;999,887512;995,002930;1077,605835;1293,547974;2025-03-14 09:59:16;2025-03-14 10:59:16
2025-03-14 11:00:00;2025-03-14 12:00:00;DK1;Solar;1038,155029;1076,202026;1076,202026;1162,755371;1389,362549;2025-03-14 10:59:16;2025-03-14 11:59:16
2025-03-14 12:00:00;2025-03-14 13:00:00;DK1;Solar;1000,113770;1069,941650;1069,941650;1137,938354;1326,304565;2025-03-14 11:59:16;2025-03-14 12:59:16
2025-03-14 13:00:00;2025-03-14 14:00:00;DK1;Solar;895,347107;946,816650;941,327087;1000,338745;1189,287476;2025-03-14 12:59:16;2025-03-14 13:59:16
2025-03-14 14:00:00;2025-03-14 15:00:00;DK1;Solar;686,430847;725,442932;722,015808;781,161255;1008,091248;2025-03-14 13:59:16;2025-03-14 14:59:16
2025-03-14 15:00:00;2025-03-14 16:00:00;DK1;Solar;419,035828;441,100403;440,272095;512,398315;698,259155;2025-03-14 14:59:19;2025-03-14 15:59:19
2025-03-14 16:00:00;2025-03-14 17:00:00;DK1;Solar;137,100006;145,591660;145,654160;213,032913;312,070831;2025-03-14 15:59:16;2025-03-14 16:59:16
2025-03-14 17:00:00;2025-03-14 18:00:00;DK1;Solar;4,305833;4,648750;4,660833;48,422501;45,936249;2025-03-14 16:59:16;2025-03-14 17:59:16
2025-03-14 18:00:00;2025-03-14 19:00:00;DK1;Solar;0,093333;0,102083;0,095417;10,851666;0,000000;2025-03-14 17:59:17;2025-03-14 18:59:17
2025-03-14 19:00:00;2025-03-14 20:00:00;DK1;Solar;0,000000;0,000000;0,000000;0,000000;0,000000;2025-03-14 18:59:16;2025-03-14 19:59:16
2025-03-14 20:00:00;2025-03-14 21:00:00;DK1;Solar;0,000000;0,000000;0,000000;0,000000;0,000000;2025-03-14 19:59:16;2025-03-14 20:59:16
2025-03-14 21:00:00;2025-03-14 22:00:00;DK1;Solar;0,000000;0,000000;0,000000;0,000000;0,000000;2025-03-14 20:59:16;2025-03-14 21:59:16
2025-03-14 22:00:00;2025-03-14 23:00:00;DK1;Solar;0,000000;0,000000;0,000000;0,000000;0,000000;2025-03-14 21:59:16;2025-03-14 22:59:16
2025-03-14 23:00:00;2025-03-15 00:00:00;DK1;Solar;0,000000;0,000000;0,000000;0,000000;0,000000;2025-03-14 22:59:16;2025-03-14 23:59:16
2025-03-15 00:00:00;2025-03-15 01:00:00;DK1;Solar;0,000000;0,000000;0,000000;0,000000;0,000000;2025-03-14 23:59:18;2025-03-15 00:59:18
2025-03-15 01:00:00;2025-03-15 02:00:00;DK1;Solar;0,000000;0,000000;0,000000;0,000000;0,000000;2025-03-15 00:59:17;2025-03-15 01:59:17
2025-03-15 02:00:00;2025-03-15 03:00:00;DK1;Solar;0,000000;0,000000;0,000000;0,000000;0,000000;2025-03-15 01:59:18;2025-03-15 02:59:18
2025-03-15 03:00:00;2025-03-15 04:00:00;DK1;Solar;0,000000;0,000000;0,000000;0,000000;0,000000;2025-03-15 02:59:17;2025-03-15 03:59:17
2025-03-15 04:00:00;2025-03-15 05:00:00;DK1;Solar;0,050417;0,045833;0,045833;0,045833;0,045833;2025-03-15 03:58:46;2025-03-15 04:58:46
2025-03-15 05:00:00;2025-03-15 06:00:00;DK1;Solar;2,987500;2,872917;2,955417;2,960417;2,872917;2025-03-15 04:58:46;2025-03-15 05:58:46
2025-03-15 06:00:00;2025-03-15 07:00:00;DK1;Solar;153,766251;157,739166;151,031250;151,979172;157,739166;2025-03-15 05:58:46;2025-03-15 06:58:46
2025-03-15 07:00:00;2025-03-15 08:00:00;DK1;Solar;517,801697;578,008728;506,802094;509,447510;578,008728;2025-03-15 06:58:46;2025-03-15 07:58:46
2025-03-15 08:00:00;2025-03-15 09:00:00;DK1;Solar;841,247925;840,378357;827,551697;840,378357;1014,268311;2025-03-15 07:58:46;2025-03-15 08:58:46
2025-03-15 09:00:00;2025-03-15 10:00:00;DK1;Solar;1056,166260;1028,472046;1045,934204;1076,165894;1299,857056;2025-03-15 08:58:46;2025-03-15 09:58:46
2025-03-15 10:00:00;2025-03-15 11:00:00;DK1;Solar;1147,246704;1124,467041;1130,114990;1190,507080;1461,051270;2025-03-15 09:58:46;2025-03-15 10:58:46
2025-03-15 11:00:00;2025-03-15 12:00:00;DK1;Solar;1140,279541;1113,960815;1113,960815;1209,959106;1429,347534;2025-03-15 10:58:46;2025-03-15 11:58:46
2025-03-15 12:00:00;2025-03-15 13:00:00;DK1;Solar;1046,499634;1030,338379;1030,338379;1120,425781;1314,725464;2025-03-15 11:58:46;2025-03-15 12:58:46
2025-03-15 13:00:00;2025-03-15 14:00:00;DK1;Solar;891,928772;869,168335;880,709595;935,626221;1159,896240;2025-03-15 12:58:48;2025-03-15 13:58:48
2025-03-15 14:00:00;2025-03-15 15:00:00;DK1;Solar;668,626221;657,544983;664,509583;726,063721;950,108765;2025-03-15 13:58:48;2025-03-15 14:58:48
2025-03-15 15:00:00;2025-03-15 16:00:00;DK1;Solar;405,074158;403,476654;407,372070;480,716675;621,387085;2025-03-15 14:58:46;2025-03-15 15:58:46
2025-03-15 16:00:00;2025-03-15 17:00:00;DK1;Solar;136,482910;136,286667;139,483337;195,066254;254,419586;2025-03-15 15:58:46;2025-03-15 16:58:46
2025-03-15 17:00:00;2025-03-15 18:00:00;DK1;Solar;4,726666;4,714167;4,774583;34,924168;39,416248;2025-03-15 16:58:46;2025-03-15 17:58:46
2025-03-15 18:00:00;2025-03-15 19:00:00;DK1;Solar;0,114167;0,114167;0,110000;9,128333;0,802917;2025-03-15 17:58:46;2025-03-15 18:58:46
2025-03-15 19:00:00;2025-03-15 20:00:00;DK1;Solar;0,007917;0,010000;0,000000;0,183333;1,680833;2025-03-15 18:58:46;2025-03-15 19:58:46
2025-03-15 20:00:00;2025-03-15 21:00:00;DK1;Solar;0,000000;0,001250;0,000000;0,435417;1,703333;2025-03-15 19:58:46;2025-03-15 20:58:46
2025-03-15 21:00:00;2025-03-15 22:00:00;DK1;Solar;0,000000;0,000000;0,000000;0,444167;2,660833;2025-03-15 20:58:46;2025-03-15 21:58:46
2025-03-15 22:00:00;2025-03-15 23:00:00;DK1;Solar;0,000000;0,000000;0,000000;0,693333;2,547083;2025-03-15 21:58:46;2025-03-15 22:58:46
2025-03-15 23:00:00;2025-03-16 00:00:00;DK1;Solar;0,000000;3,222500;0,000000;0,663750;3,222500;2025-03-15 22:58:46;2025-03-15 23:58:46
2025-03-16 00:00:00;2025-03-16 01:00:00;DK1;Solar;0,000000;3,127083;0,000000;0,838750;3,127083;2025-03-15 23:58:46;2025-03-16 00:58:46
2025-03-16 01:00:00;2025-03-16 02:00:00;DK1;Solar;0,000000;3,553750;0,000000;0,814583;3,553750;2025-03-16 00:58:46;2025-03-16 01:58:46
2025-03-16 02:00:00;2025-03-16 03:00:00;DK1;Solar;0,000000;4,507500;0,000000;0,925000;4,507500;2025-03-16 01:58:46;2025-03-16 02:58:46
2025-03-16 03:00:00;2025-03-16 04:00:00;DK1;Solar;0,000000;3,504583;0,000000;1,173333;3,504583;2025-03-16 02:58:46;2025-03-16 03:58:46
2025-03-16 04:00:00;2025-03-16 05:00:00;DK1;Solar;0,044167;3,359167;0,041667;0,955000;3,359167;2025-03-16 03:58:53;2025-03-16 04:58:53
2025-03-16 05:00:00;2025-03-16 06:00:00;DK1;Solar;2,297917;6,690417;2,180000;3,068750;6,690417;2025-03-16 04:58:53;2025-03-16 05:58:53
2025-03-16 06:00:00;2025-03-16 07:00:00;DK1;Solar;104,660835;107,599167;104,693748;100,350418;107,599167;2025-03-16 05:58:53;2025-03-16 06:58:53
2025-03-16 07:00:00;2025-03-16 08:00:00;DK1;Solar;336,517090;367,938751;343,495422;332,904175;367,938751;2025-03-16 06:58:53;2025-03-16 07:58:53
2025-03-16 08:00:00;2025-03-16 09:00:00;DK1;Solar;568,728333;588,905823;592,283325;588,905823;610,376648;2025-03-16 07:58:53;2025-03-16 08:58:53
2025-03-16 09:00:00;2025-03-16 10:00:00;DK1;Solar;761,423767;788,051697;799,255005;769,459167;922,645020;2025-03-16 08:58:53;2025-03-16 09:58:53
2025-03-16 10:00:00;2025-03-16 11:00:00;DK1;Solar;879,109985;876,640442;915,604553;905,130005;1107,584961;2025-03-16 09:58:53;2025-03-16 10:58:53
2025-03-16 11:00:00;2025-03-16 12:00:00;DK1;Solar;850,281677;857,014160;857,014160;882,005432;1005,786255;2025-03-16 10:58:53;2025-03-16 11:58:53
2025-03-16 12:00:00;2025-03-16 13:00:00;DK1;Solar;789,487915;839,091248;839,091248;845,688721;994,047913;2025-03-16 11:58:53;2025-03-16 12:58:53
2025-03-16 13:00:00;2025-03-16 14:00:00;DK1;Solar;742,802917;798,412903;774,928345;812,406250;913,937927;2025-03-16 12:58:55;2025-03-16 13:58:55
2025-03-16 14:00:00;2025-03-16 15:00:00;DK1;Solar;568,000427;645,685852;600,956238;653,998352;882,974609;2025-03-16 13:58:55;2025-03-16 14:58:55
2025-03-16 15:00:00;2025-03-16 16:00:00;DK1;Solar;346,779175;393,844574;375,601654;463,575836;656,005005;2025-03-16 14:58:55;2025-03-16 15:58:55
2025-03-16 16:00:00;2025-03-16 17:00:00;DK1;Solar;120,751251;143,109589;140,775421;210,145828;308,128754;2025-03-16 15:58:53;2025-03-16 16:58:53
2025-03-16 17:00:00;2025-03-16 18:00:00;DK1;Solar;4,884167;5,700833;5,556667;48,942501;45,395000;2025-03-16 16:58:53;2025-03-16 17:58:53
2025-03-16 18:00:00;2025-03-16 19:00:00;DK1;Solar;0,127917;0,143333;0,131667;10,521667;3,581250;2025-03-16 17:58:53;2025-03-16 18:58:53
2025-03-16 19:00:00;2025-03-16 20:00:00;DK1;Solar;0,009583;0,010000;0,008750;0,899167;3,580833;2025-03-16 18:58:53;2025-03-16 19:58:53
2025-03-16 20:00:00;2025-03-16 21:00:00;DK1;Solar;0,010000;0,009583;0,000000;0,931667;2,358750;2025-03-16 19:58:53;2025-03-16 20:58:53
2025-03-16 21:00:00;2025-03-16 22:00:00;DK1;Solar;0,000417;0,000000;0,000000;0,613750;3,208750;2025-03-16 20:58:53;2025-03-16 21:58:53
2025-03-16 22:00:00;2025-03-16 23:00:00;DK1;Solar;0,000000;0,000000;0,000000;0,833333;2,408750;2025-03-16 21:58:54;2025-03-16 22:58:54
2025-03-16 23:00:00;2025-03-17 00:00:00;DK1;Solar;0,000000;1,493333;0,000000;0,625000;1,493333;2025-03-16 22:58:53;2025-03-16 23:58:53
2025-03-17 00:00:00;2025-03-17 01:00:00;DK1;Solar;0,000000;0,469583;0,000000;0,388750;0,469583;2025-03-16 23:58:53;2025-03-17 00:58:53
2025-03-17 01:00:00;2025-03-17 02:00:00;DK1;Solar;0,000000;0,842083;0,000000;0,122917;0,842083;2025-03-17 00:58:53;2025-03-17 01:58:53
2025-03-17 02:00:00;2025-03-17 03:00:00;DK1;Solar;0,000000;0,373333;0,000000;0,219583;0,373333;2025-03-17 01:58:53;2025-03-17 02:58:53
2025-03-17 03:00:00;2025-03-17 04:00:00;DK1;Solar;0,000000;0,769167;0,000000;0,097083;0,769167;2025-03-17 02:58:53;2025-03-17 03:58:53
2025-03-17 04:00:00;2025-03-17 05:00:00;DK1;Solar;0,087500;0,595417;0,087500;0,287083;0,595417;2025-03-17 03:58:30;2025-03-17 04:58:30
2025-03-17 05:00:00;2025-03-17 06:00:00;DK1;Solar;4,489583;4,314583;4,482917;4,607917;4,314583;2025-03-17 04:58:30;2025-03-17 05:58:30
2025-03-17 06:00:00;2025-03-17 07:00:00;DK1;Solar;188,757080;206,842499;188,256256;188,207916;206,842499;2025-03-17 05:58:30;2025-03-17 06:58:30
2025-03-17 07:00:00;2025-03-17 08:00:00;DK1;Solar;563,164612;614,693359;559,427490;566,548340;614,693359;2025-03-17 06:58:31;2025-03-17 07:58:31
2025-03-17 08:00:00;2025-03-17 09:00:00;DK1;Solar;888,087097;898,553772;881,198303;898,553772;1066,555054;2025-03-17 07:58:30;2025-03-17 08:58:30
2025-03-17 09:00:00;2025-03-17 10:00:00;DK1;Solar;1104,321289;1102,087036;1097,259644;1149,275024;1403,605835;2025-03-17 08:58:30;2025-03-17 09:58:30
2025-03-17 10:00:00;2025-03-17 11:00:00;DK1;Solar;1206,979126;1211,165039;1208,652100;1285,605835;1539,895020;2025-03-17 09:58:31;2025-03-17 10:58:31
2025-03-17 11:00:00;2025-03-17 12:00:00;DK1;Solar;1226,085815;1236,437134;1236,437134;1324,952026;1567,221680;2025-03-17 10:58:30;2025-03-17 11:58:30
2025-03-17 12:00:00;2025-03-17 13:00:00;DK1;Solar;1164,056641;1175,679565;1175,679565;1257,754150;1584,226685;2025-03-17 11:58:34;2025-03-17 12:58:34
2025-03-17 13:00:00;2025-03-17 14:00:00;DK1;Solar;1012,061279;1019,726257;1017,974182;1122,580444;1383,885864;2025-03-17 12:58:32;2025-03-17 13:58:32
2025-03-17 14:00:00;2025-03-17 15:00:00;DK1;Solar;771,462524;778,532471;772,866638;862,028748;1086,056274;2025-03-17 13:58:44;2025-03-17 14:58:44
2025-03-17 15:00:00;2025-03-17 16:00:00;DK1;Solar;473,502930;477,540833;470,234589;540,883728;467,243744;2025-03-17 14:58:30;2025-03-17 15:58:30
2025-03-17 16:00:00;2025-03-17 17:00:00;DK1;Solar;172,149582;173,466248;171,039581;170,818329;170,818329;2025-03-17 15:58:30;2025-03-17 16:58:30
2025-03-17 17:00:00;2025-03-17 18:00:00;DK1;Solar;7,002500;7,061250;6,971250;6,982917;6,982917;2025-03-17 16:58:30;2025-03-17 17:58:30
2025-03-17 18:00:00;2025-03-17 19:00:00;DK1;Solar;0,182083;0,176250;0,173333;0,173333;7,772083;2025-03-17 17:58:30;2025-03-17 18:58:30
2025-03-17 19:00:00;2025-03-17 20:00:00;DK1;Solar;0,002500;0,010000;0,000000;1,981250;9,285417;2025-03-17 18:58:30;2025-03-17 19:58:30
2025-03-17 20:00:00;2025-03-17 21:00:00;DK1;Solar;0,010000;0,007917;0,000000;2,416667;10,015417;2025-03-17 19:58:30;2025-03-17 20:58:30
2025-03-17 21:00:00;2025-03-17 22:00:00;DK1;Solar;0,000417;0,000000;0,000000;2,608333;10,942083;2025-03-17 20:58:30;2025-03-17 21:58:30
2025-03-17 22:00:00;2025-03-17 23:00:00;DK1;Solar;0,000000;0,000000;0,000000;2,850000;8,847083;2025-03-17 21:58:30;2025-03-17 22:58:30
2025-03-17 23:00:00;2025-03-18 00:00:00;DK1;Solar;0,000000;10,420834;0,000000;2,303750;10,420834;2025-03-17 22:58:30;2025-03-17 23:58:30
2025-03-18 00:00:00;2025-03-18 01:00:00;DK1;Solar;0,000000;8,853333;0,000000;2,712917;8,853333;2025-03-17 23:58:30;2025-03-18 00:58:30
2025-03-18 01:00:00;2025-03-18 02:00:00;DK1;Solar;0,000000;3,306667;0,000000;2,305417;3,306667;2025-03-18 00:58:30;2025-03-18 01:58:30
2025-03-18 02:00:00;2025-03-18 03:00:00;DK1;Solar;0,000000;5,173333;0,000000;0,861250;5,173333;2025-03-18 01:58:30;2025-03-18 02:58:30
2025-03-18 03:00:00;2025-03-18 04:00:00;DK1;Solar;0,000000;3,867500;0,000000;1,347083;3,867500;2025-03-18 02:58:30;2025-03-18 03:58:30
2025-03-18 04:00:00;2025-03-18 05:00:00;DK1;Solar;0,103333;3,925833;0,102500;1,112917;3,925833;2025-03-18 03:59:17;2025-03-18 04:59:17
2025-03-18 05:00:00;2025-03-18 06:00:00;DK1;Solar;4,685417;8,776667;4,674167;5,950417;8,776667;2025-03-18 04:59:17;2025-03-18 05:59:17
2025-03-18 06:00:00;2025-03-18 07:00:00;DK1;Solar;160,950836;183,539581;170,634995;176,481674;183,539581;2025-03-18 05:59:16;2025-03-18 06:59:16
2025-03-18 07:00:00;2025-03-18 08:00:00;DK1;Solar;446,351257;473,967499;464,441681;475,577515;473,967499;2025-03-18 06:59:17;2025-03-18 07:59:17
2025-03-18 08:00:00;2025-03-18 09:00:00;DK1;Solar;680,232056;720,500427;735,949585;720,500427;762,183777;2025-03-18 07:59:17;2025-03-18 08:59:17
2025-03-18 09:00:00;2025-03-18 10:00:00;DK1;Solar;794,216675;857,217102;869,163330;859,467529;876,359558;2025-03-18 08:59:17;2025-03-18 09:59:17
2025-03-18 10:00:00;2025-03-18 11:00:00;DK1;Solar;784,172485;859,270020;886,932922;851,914612;863,714600;2025-03-18 09:59:17;2025-03-18 10:59:17
2025-03-18 11:00:00;2025-03-18 12:00:00;DK1;Solar;703,451233;754,263306;754,263306;756,710388;756,940002;2025-03-18 10:59:16;2025-03-18 11:59:16
2025-03-18 12:00:00;2025-03-18 13:00:00;DK1;Solar;587,955017;663,226257;663,226257;666,119568;640,630432;2025-03-18 11:59:17;2025-03-18 12:59:17
2025-03-18 13:00:00;2025-03-18 14:00:00;DK1;Solar;679,552490;769,376648;786,549561;720,139587;873,693726;2025-03-18 12:59:19;2025-03-18 13:59:19
2025-03-18 14:00:00;2025-03-18 15:00:00;DK1;Solar;533,338745;593,820862;605,111267;623,364990;607,107056;2025-03-18 13:59:19;2025-03-18 14:59:19
2025-03-18 15:00:00;2025-03-18 16:00:00;DK1;Solar;361,454590;377,047089;389,462097;373,424988;347,045013;2025-03-18 14:59:17;2025-03-18 15:59:17
2025-03-18 16:00:00;2025-03-18 17:00:00;DK1;Solar;146,350830;149,160004;152,329590;137,902924;104,019585;2025-03-18 15:59:17;2025-03-18 16:59:17
2025-03-18 17:00:00;2025-03-18 18:00:00;DK1;Solar;6,925000;7,105834;6,205833;0,458333;7,997917;2025-03-18 16:59:17;2025-03-18 17:59:17
2025-03-18 18:00:00;2025-03-18 19:00:00;DK1;Solar;0,196250;0,195000;0,166250;0,588333;1,394583;2025-03-18 17:59:17;2025-03-18 18:59:17
2025-03-18 19:00:00;2025-03-18 20:00:00;DK1;Solar;0,010000;0,000000;0,000000;0,321250;2,225417;2025-03-18 18:59:17;2025-03-18 19:59:17
2025-03-18 20:00:00;2025-03-18 21:00:00;DK1;Solar;0,001250;0,000000;0,000000;0,578750;2,736250;2025-03-18 19:59:16;2025-03-18 20:59:16
2025-03-18 21:00:00;2025-03-18 22:00:00;DK1;Solar;0,000000;0,000000;0,000000;0,712917;2,982500;2025-03-18 20:59:16;2025-03-18 21:59:16
2025-03-18 22:00:00;2025-03-18 23:00:00;DK1;Solar;0,000000;0,000000;0,000000;0,776667;2,484583;2025-03-18 21:59:17;2025-03-18 22:59:17
2025-03-18 23:00:00;2025-03-19 00:00:00;DK1;Solar;0,000000;2,907500;0,000000;0,647917;2,907500;2025-03-18 22:59:17;2025-03-18 23:59:17
2025-03-19 00:00:00;2025-03-19 01:00:00;DK1;Solar;0,000000;2,392083;0,000000;0,756667;2,392083;2025-03-18 23:59:16;2025-03-19 00:59:16
2025-03-19 01:00:00;2025-03-19 02:00:00;DK1;Solar;0,000000;2,755417;0,000000;0,625000;2,755417;2025-03-19 00:59:17;2025-03-19 01:59:17
2025-03-19 02:00:00;2025-03-19 03:00:00;DK1;Solar;0,000000;2,100833;0,000000;0,717500;2,100833;2025-03-19 01:59:17;2025-03-19 02:59:17
2025-03-19 03:00:00;2025-03-19 04:00:00;DK1;Solar;0,000000;1,770417;0,000000;0,546250;1,770417;2025-03-19 02:59:17;2025-03-19 03:59:17
2025-03-19 04:00:00;2025-03-19 05:00:00;DK1;Solar;0,137500;1,716250;0,137917;0,602083;1,716250;2025-03-19 03:58:52;2025-03-19 04:58:52
2025-03-19 05:00:00;2025-03-19 06:00:00;DK1;Solar;6,534167;8,391666;6,685000;7,176667;8,391666;2025-03-19 04:58:51;2025-03-19 05:58:51
2025-03-19 06:00:00;2025-03-19 07:00:00;DK1;Solar;211,206665;226,680832;215,328751;216,177505;226,680832;2025-03-19 05:58:52;2025-03-19 06:58:52
2025-03-19 07:00:00;2025-03-19 08:00:00;DK1;Solar;566,307068;605,777527;579,706238;584,115417;605,777527;2025-03-19 06:58:52;2025-03-19 07:58:52
2025-03-19 08:00:00;2025-03-19 09:00:00;DK1;Solar;879,617493;907,729980;897,936279;907,729980;1061,673706;2025-03-19 07:58:52;2025-03-19 08:58:52
2025-03-19 09:00:00;2025-03-19 10:00:00;DK1;Solar;1098,525024;1111,684570;1109,975464;1153,287964;1406,940430;2025-03-19 08:58:52;2025-03-19 09:58:52
2025-03-19 10:00:00;2025-03-19 11:00:00;DK1;Solar;1052,879150;1053,858276;1052,742554;1133,298340;1408,056641;2025-03-19 09:58:52;2025-03-19 10:58:52
2025-03-19 11:00:00;2025-03-19 12:00:00;DK1;Solar;928,515808;925,254150;925,254150;1020,809998;1355,811279;2025-03-19 10:58:51;2025-03-19 11:58:51
2025-03-19 12:00:00;2025-03-19 13:00:00;DK1;Solar;956,452942;950,559143;950,559143;1065,087036;1345,518799;2025-03-19 11:58:51;2025-03-19 12:58:51
2025-03-19 13:00:00;2025-03-19 14:00:00;DK1;Solar;967,800842;959,912109;963,506226;1043,994141;1375,322876;2025-03-19 12:58:53;2025-03-19 13:58:53
2025-03-19 14:00:00;2025-03-19 15:00:00;DK1;Solar;813,831238;806,982483;805,154602;899,281677;1162,812500;2025-03-19 13:58:56;2025-03-19 14:58:56
2025-03-19 15:00:00;2025-03-19 16:00:00;DK1;Solar;507,147919;502,466675;501,530426;586,341675;827,538330;2025-03-19 14:53:51;2025-03-19 15:53:51
2025-03-19 16:00:00;2025-03-19 17:00:00;DK1;Solar;197,220001;194,362503;194,058334;268,229584;388,105835;2025-03-19 15:58:52;2025-03-19 16:58:52
2025-03-19 17:00:00;2025-03-19 18:00:00;DK1;Solar;9,880834;9,630417;9,515833;59,968750;57,619999;2025-03-19 16:58:52;2025-03-19 17:58:52
2025-03-19 18:00:00;2025-03-19 19:00:00;DK1;Solar;0,260000;0,244583;0,247500;12,727917;0,002083;2025-03-19 17:58:52;2025-03-19 18:58:52
2025-03-19 19:00:00;2025-03-19 20:00:00;DK1;Solar;0,006667;0,005000;0,008333;0,000000;0,000000;2025-03-19 18:58:52;2025-03-19 19:58:52
2025-03-19 20:00:00;2025-03-19 21:00:00;DK1;Solar;0,000000;0,000000;0,000000;0,000000;0,000000;2025-03-19 19:58:52;2025-03-19 20:58:52
2025-03-19 21:00:00;2025-03-19 22:00:00;DK1;Solar;0,000000;0,000000;0,000000;0,000000;0,000000;2025-03-19 20:58:52;2025-03-19 21:58:52
2025-03-19 22:00:00;2025-03-19 23:00:00;DK1;Solar;0,000000;0,000000;0,000000;0,000000;0,000000;2025-03-19 21:58:53;2025-03-19 22:58:53
2025-03-19 23:00:00;2025-03-20 00:00:00;DK1;Solar;0,000000;0,000000;0,000000;0,000000;0,000000;2025-03-19 22:58:52;2025-03-19 23:58:52
2025-03-20 00:00:00;2025-03-20 01:00:00;DK1;Solar;0,000000;0,449167;0,000000;0,000000;0,449167;2025-03-19 23:58:52;2025-03-20 00:58:52
2025-03-20 01:00:00;2025-03-20 02:00:00;DK1;Solar;0,000000;0,797083;0,000000;0,116667;0,797083;2025-03-20 00:58:52;2025-03-20 01:58:52
2025-03-20 02:00:00;2025-03-20 03:00:00;DK1;Solar;0,000000;0,626250;0,000000;0,208333;0,626250;2025-03-20 01:58:53;2025-03-20 02:58:53
2025-03-20 03:00:00;2025-03-20 04:00:00;DK1;Solar;0,003333;0,673750;0,000000;0,163750;0,673750;2025-03-20 02:58:52;2025-03-20 03:58:52
2025-03-20 04:00:00;2025-03-20 05:00:00;DK1;Solar;0,154583;0,729583;0,155833;0,329167;0,729583;2025-03-20 03:59:16;2025-03-20 04:59:16
2025-03-20 05:00:00;2025-03-20 06:00:00;DK1;Solar;6,821250;7,050833;6,997500;6,961667;7,050833;2025-03-20 04:59:16;2025-03-20 05:59:16
2025-03-20 06:00:00;2025-03-20 07:00:00;DK1;Solar;181,076660;206,471664;191,086243;185,729172;206,471664;2025-03-20 05:59:16;2025-03-20 06:59:16
2025-03-20 07:00:00;2025-03-20 08:00:00;DK1;Solar;475,609161;487,814575;502,743744;500,005005;487,814575;2025-03-20 06:59:16;2025-03-20 07:59:16
2025-03-20 08:00:00;2025-03-20 09:00:00;DK1;Solar;783,525818;810,116638;814,983337;810,116638;931,326660;2025-03-20 07:59:16;2025-03-20 08:59:16
2025-03-20 09:00:00;2025-03-20 10:00:00;DK1;Solar;988,237488;1035,736694;1023,373352;1068,572876;1248,135376;2025-03-20 08:59:17;2025-03-20 09:59:17
2025-03-20 10:00:00;2025-03-20 11:00:00;DK1;Solar;1066,706665;1139,234131;1124,696655;1194,551270;1366,525879;2025-03-20 09:59:16;2025-03-20 10:59:16
2025-03-20 11:00:00;2025-03-20 12:00:00;DK1;Solar;1065,652100;1103,227539;1103,227539;1163,712036;1406,165405;2025-03-20 10:59:17;2025-03-20 11:59:17
2025-03-20 12:00:00;2025-03-20 13:00:00;DK1;Solar;1051,794189;1076,415039;1076,415039;1147,143311;1441,704590;2025-03-20 11:59:17;2025-03-20 12:59:17
2025-03-20 13:00:00;2025-03-20 14:00:00;DK1;Solar;1020,107910;1032,920776;1032,423340;1123,280029;1454,818359;2025-03-20 12:59:20;2025-03-20 13:59:20
2025-03-20 14:00:00;2025-03-20 15:00:00;DK1;Solar;793,592529;803,821228;796,158325;908,832520;1155,807861;2025-03-20 13:59:19;2025-03-20 14:59:19
2025-03-20 15:00:00;2025-03-20 16:00:00;DK1;Solar;495,760010;502,804169;499,782501;594,049561;800,359985;2025-03-20 14:59:17;2025-03-20 15:59:17
2025-03-20 16:00:00;2025-03-20 17:00:00;DK1;Solar;195,197495;198,899994;198,460419;277,350403;358,276672;2025-03-20 15:59:17;2025-03-20 16:59:17
2025-03-20 17:00:00;2025-03-20 18:00:00;DK1;Solar;10,552083;10,870417;10,875000;52,384167;54,094166;2025-03-20 16:59:17;2025-03-20 17:59:17
2025-03-20 18:00:00;2025-03-20 19:00:00;DK1;Solar;0,267917;0,291250;0,289167;11,518750;3,519167;2025-03-20 17:59:17;2025-03-20 18:59:17
2025-03-20 19:00:00;2025-03-20 20:00:00;DK1;Solar;0,009583;0,010000;0,000000;0,843333;0,000000;2025-03-20 18:59:17;2025-03-20 19:59:17
2025-03-20 20:00:00;2025-03-20 21:00:00;DK1;Solar;0,010000;0,010000;0,000000;0,000000;0,604583;2025-03-20 19:59:17;2025-03-20 20:59:17
2025-03-20 21:00:00;2025-03-20 22:00:00;DK1;Solar;0,010000;0,010000;0,000417;0,157500;0,000000;2025-03-20 20:59:19;2025-03-20 21:59:19
2025-03-20 22:00:00;2025-03-20 23:00:00;DK1;Solar;0,010000;0,010000;0,008750;0,000000;0,000000;2025-03-20 21:59:17;2025-03-20 22:59:17
2025-03-20 23:00:00;2025-03-21 00:00:00;DK1;Solar;0,000000;0,000000;0,000000;0,000000;0,000000;2025-03-20 22:59:17;2025-03-20 23:59:17
2025-03-21 00:00:00;2025-03-21 01:00:00;DK1;Solar;0,000000;0,782917;0,000000;0,000000;0,782917;2025-03-20 23:59:16;2025-03-21 00:59:16
2025-03-21 01:00:00;2025-03-21 02:00:00;DK1;Solar;0,005000;0,604583;0,000000;0,203750;0,604583;2025-03-21 00:59:16;2025-03-21 01:59:16
2025-03-21 02:00:00;2025-03-21 03:00:00;DK1;Solar;0,000000;0,010000;0,007917;0,163750;0,010000;2025-03-21 01:59:16;2025-03-21 02:59:16
2025-03-21 03:00:00;2025-03-21 04:00:00;DK1;Solar;0,006667;0,000000;0,002083;0,007083;0,000000;2025-03-21 02:59:16;2025-03-21 03:59:16
2025-03-21 04:00:00;2025-03-21 05:00:00;DK1;Solar;0,182083;0,442083;0,186250;0,181667;0,442083;2025-03-21 03:59:18;2025-03-21 04:59:18
2025-03-21 05:00:00;2025-03-21 06:00:00;DK1;Solar;8,933333;9,286667;8,864166;8,982500;9,286667;2025-03-21 04:59:17;2025-03-21 05:59:17
2025-03-21 06:00:00;2025-03-21 07:00:00;DK1;Solar;214,988327;232,617920;215,705826;215,637924;232,617920;2025-03-21 05:59:18;2025-03-21 06:59:18
2025-03-21 07:00:00;2025-03-21 08:00:00;DK1;Solar;519,052917;540,665405;531,594971;524,000427;540,665405;2025-03-21 06:59:19;2025-03-21 07:59:19
2025-03-21 08:00:00;2025-03-21 09:00:00;DK1;Solar;821,706665;830,181274;824,820862;830,181274;984,518311;2025-03-21 07:59:18;2025-03-21 08:59:18
2025-03-21 09:00:00;2025-03-21 10:00:00;DK1;Solar;1045,758301;1053,399536;1053,926270;1096,018311;1372,554565;2025-03-21 08:59:18;2025-03-21 09:59:18
2025-03-21 10:00:00;2025-03-21 11:00:00;DK1;Solar;1154,519531;1178,940796;1173,950439;1257,100464;1567,579956;2025-03-21 09:59:17;2025-03-21 10:59:17
2025-03-21 11:00:00;2025-03-21 12:00:00;DK1;Solar;1121,907104;1146,752075;1146,752075;1249,307129;1535,892456;2025-03-21 10:59:17;2025-03-21 11:59:17
2025-03-21 12:00:00;2025-03-21 13:00:00;DK1;Solar;1048,454224;1064,598755;1064,598755;1165,954956;1245,970459;2025-03-21 11:59:17;2025-03-21 12:59:17
2025-03-21 13:00:00;2025-03-21 14:00:00;DK1;Solar;1038,971191;1049,187134;1049,163696;1013,610840;1114,985840;2025-03-21 12:59:18;2025-03-21 13:59:18
2025-03-21 14:00:00;2025-03-21 15:00:00;DK1;Solar;814,658752;819,838745;819,536255;828,335815;951,575439;2025-03-21 13:59:18;2025-03-21 14:59:18
2025-03-21 15:00:00;2025-03-21 16:00:00;DK1;Solar;512,505005;515,329163;514,703308;533,517090;694,077515;2025-03-21 14:59:19;2025-03-21 15:59:19
2025-03-21 16:00:00;2025-03-21 17:00:00;DK1;Solar;208,673340;209,512085;209,117081;253,994171;340,749176;2025-03-21 15:59:18;2025-03-21 16:59:18
2025-03-21 17:00:00;2025-03-21 18:00:00;DK1;Solar;12,735000;12,680833;12,512917;47,049583;60,832500;2025-03-21 16:59:17;2025-03-21 17:59:17
2025-03-21 18:00:00;2025-03-21 19:00:00;DK1;Solar;0,338750;0,332500;0,325417;12,887500;3,929167;2025-03-21 17:59:18;2025-03-21 18:59:18
2025-03-21 19:00:00;2025-03-21 20:00:00;DK1;Solar;0,018750;0,000000;0,007500;0,945417;3,942917;2025-03-21 18:59:17;2025-03-21 19:59:17
2025-03-21 20:00:00;2025-03-21 21:00:00;DK1;Solar;0,010417;0,000000;0,001250;1,027917;6,240000;2025-03-21 19:59:17;2025-03-21 20:59:17
2025-03-21 21:00:00;2025-03-21 22:00:00;DK1;Solar;0,010000;0,000000;0,000417;1,625000;7,882083;2025-03-21 20:59:18;2025-03-21 21:59:18
2025-03-21 22:00:00;2025-03-21 23:00:00;DK1;Solar;0,001250;0,000000;0,008750;2,052917;7,162083;2025-03-21 21:59:17;2025-03-21 22:59:17
2025-03-21 23:00:00;2025-03-22 00:00:00;DK1;Solar;0,000000;7,780833;0,000000;1,865833;7,780833;2025-03-21 22:59:17;2025-03-21 23:59:17
2025-03-22 00:00:00;2025-03-22 01:00:00;DK1;Solar;0,000000;7,307083;0,000000;2,028333;7,307083;2025-03-21 23:59:17;2025-03-22 00:59:17
2025-03-22 01:00:00;2025-03-22 02:00:00;DK1;Solar;0,000000;5,482083;0,006667;1,907083;5,482083;2025-03-22 00:59:17;2025-03-22 01:59:17
2025-03-22 02:00:00;2025-03-22 03:00:00;DK1;Solar;0,000000;4,758750;0,000000;1,427917;4,758750;2025-03-22 01:59:17;2025-03-22 02:59:17
2025-03-22 03:00:00;2025-03-22 04:00:00;DK1;Solar;0,007500;5,430000;0,000000;1,240417;5,430000;2025-03-22 02:59:17;2025-03-22 03:59:17
2025-03-22 04:00:00;2025-03-22 05:00:00;DK1;Solar;0,238333;6,749583;0,247917;1,673750;6,749583;2025-03-22 03:58:51;2025-03-22 04:58:51
2025-03-22 05:00:00;2025-03-22 06:00:00;DK1;Solar;11,956250;19,565001;12,470000;14,545417;19,565001;2025-03-22 04:58:52;2025-03-22 05:58:52
2025-03-22 06:00:00;2025-03-22 07:00:00;DK1;Solar;246,450836;270,911255;248,940002;256,607086;270,911255;2025-03-22 05:58:52;2025-03-22 06:58:52
2025-03-22 07:00:00;2025-03-22 08:00:00;DK1;Solar;587,798340;598,232483;580,813721;587,224182;598,232483;2025-03-22 06:58:51;2025-03-22 07:58:51
2025-03-22 08:00:00;2025-03-22 09:00:00;DK1;Solar;788,203308;777,431641;774,614197;777,431641;926,367920;2025-03-22 07:58:52;2025-03-22 08:58:52
2025-03-22 09:00:00;2025-03-22 10:00:00;DK1;Solar;766,142944;751,074158;752,743774;790,762939;1031,139160;2025-03-22 08:58:52;2025-03-22 09:58:52
2025-03-22 10:00:00;2025-03-22 11:00:00;DK1;Solar;662,321228;645,866638;647,210388;717,863770;1023,976685;2025-03-22 09:58:52;2025-03-22 10:58:52
2025-03-22 11:00:00;2025-03-22 12:00:00;DK1;Solar;679,778748;666,571228;666,571228;764,022095;995,190857;2025-03-22 10:58:52;2025-03-22 11:58:52
2025-03-22 12:00:00;2025-03-22 13:00:00;DK1;Solar;656,243774;644,142517;644,142517;729,799988;868,289978;2025-03-22 11:58:51;2025-03-22 12:58:51
2025-03-22 13:00:00;2025-03-22 14:00:00;DK1;Solar;591,979980;580,515015;580,419189;632,923767;807,486694;2025-03-22 12:58:53;2025-03-22 13:58:53
2025-03-22 14:00:00;2025-03-22 15:00:00;DK1;Solar;592,654175;583,141663;581,879150;531,810425;708,683777;2025-03-22 13:59:14;2025-03-22 14:59:14
2025-03-22 15:00:00;2025-03-22 16:00:00;DK1;Solar;500,847076;495,656250;479,605835;473,716675;839,962524;2025-03-22 14:58:51;2025-03-22 15:58:51
2025-03-22 16:00:00;2025-03-22 17:00:00;DK1;Solar;226,866669;226,564163;219,199997;312,882904;395,515015;2025-03-22 15:58:51;2025-03-22 16:58:51
2025-03-22 17:00:00;2025-03-22 18:00:00;DK1;Solar;15,521667;15,546250;14,395000;61,268333;55,807919;2025-03-22 16:58:51;2025-03-22 17:58:51
2025-03-22 18:00:00;2025-03-22 19:00:00;DK1;Solar;0,412083;0,410417;0,410833;10,919583;7,154167;2025-03-22 17:58:51;2025-03-22 18:58:51
2025-03-22 19:00:00;2025-03-22 20:00:00;DK1;Solar;0,013333;0,009583;0,010000;1,765833;7,659167;2025-03-22 18:58:51;2025-03-22 19:58:51
2025-03-22 20:00:00;2025-03-22 21:00:00;DK1;Solar;0,006667;0,000000;0,007917;1,997083;7,190000;2025-03-22 19:58:51;2025-03-22 20:58:51
2025-03-22 21:00:00;2025-03-22 22:00:00;DK1;Solar;0,010000;0,000000;0,000000;1,873750;7,377083;2025-03-22 20:58:51;2025-03-22 21:58:51
2025-03-22 22:00:00;2025-03-22 23:00:00;DK1;Solar;0,010000;0,000000;0,000000;1,921250;6,927083;2025-03-22 21:58:51;2025-03-22 22:58:51
2025-03-22 23:00:00;2025-03-23 00:00:00;DK1;Solar;0,005000;5,029167;0,005000;1,803750;5,029167;2025-03-22 22:58:51;2025-03-22 23:58:51
2025-03-23 00:00:00;2025-03-23 01:00:00;DK1;Solar;0,000000;6,774167;0,000000;1,312917;6,774167;2025-03-22 23:58:51;2025-03-23 00:58:51
2025-03-23 01:00:00;2025-03-23 02:00:00;DK1;Solar;0,005417;5,777083;0,000000;1,764583;5,777083;2025-03-23 00:58:51;2025-03-23 01:58:51
2025-03-23 02:00:00;2025-03-23 03:00:00;DK1;Solar;0,007083;6,090000;0,006250;1,504583;6,090000;2025-03-23 01:58:51;2025-03-23 02:58:51
2025-03-23 03:00:00;2025-03-23 04:00:00;DK1;Solar;0,000000;6,867084;0,002083;1,583750;6,867084;2025-03-23 02:58:51;2025-03-23 03:58:51
2025-03-23 04:00:00;2025-03-23 05:00:00;DK1;Solar;0,267500;7,494167;0,254167;2,042500;7,494167;2025-03-23 03:58:36;2025-03-23 04:58:36
2025-03-23 05:00:00;2025-03-23 06:00:00;DK1;Solar;13,640417;19,066250;12,095000;14,172916;19,066250;2025-03-23 04:58:35;2025-03-23 05:58:35
2025-03-23 06:00:00;2025-03-23 07:00:00;DK1;Solar;242,295837;213,152084;201,679169;205,066666;213,152084;2025-03-23 05:58:35;2025-03-23 06:58:35
2025-03-23 07:00:00;2025-03-23 08:00:00;DK1;Solar;598,881653;481,707489;505,929993;489,123322;481,707489;2025-03-23 06:58:35;2025-03-23 07:58:35
2025-03-23 08:00:00;2025-03-23 09:00:00;DK1;Solar;925,579163;766,440002;787,100403;766,440002;834,650818;2025-03-23 07:58:36;2025-03-23 08:58:36
2025-03-23 09:00:00;2025-03-23 10:00:00;DK1;Solar;1122,463379;947,162109;956,275024;963,080811;1074,257080;2025-03-23 08:58:36;2025-03-23 09:58:36
2025-03-23 10:00:00;2025-03-23 11:00:00;DK1;Solar;1209,576294;1028,661255;1020,146667;1051,992554;1221,099976;2025-03-23 09:58:35;2025-03-23 10:58:35
2025-03-23 11:00:00;2025-03-23 12:00:00;DK1;Solar;1219,531250;1059,129150;1059,129150;1096,110474;1235,638306;2025-03-23 10:58:39;2025-03-23 11:58:39
2025-03-23 12:00:00;2025-03-23 13:00:00;DK1;Solar;1168,082886;1005,560425;1005,560425;1042,984619;1059,616211;2025-03-23 11:58:35;2025-03-23 12:58:35
2025-03-23 13:00:00;2025-03-23 14:00:00;DK1;Solar;1032,541260;889,428772;884,084595;895,009155;1087,389160;2025-03-23 12:58:38;2025-03-23 13:58:38
2025-03-23 14:00:00;2025-03-23 15:00:00;DK1;Solar;809,145020;684,986267;680,119568;746,078735;784,914978;2025-03-23 13:58:38;2025-03-23 14:58:38
2025-03-23 15:00:00;2025-03-23 16:00:00;DK1;Solar;508,393738;479,658752;499,488739;525,515015;509,030426;2025-03-23 14:58:36;2025-03-23 15:58:36
2025-03-23 16:00:00;2025-03-23 17:00:00;DK1;Solar;210,309586;198,134995;210,982498;208,803757;176,002502;2025-03-23 15:58:36;2025-03-23 16:58:36
2025-03-23 17:00:00;2025-03-23 18:00:00;DK1;Solar;15,172083;14,228750;15,541250;7,650417;7,642500;2025-03-23 16:58:35;2025-03-23 17:58:35
2025-03-23 18:00:00;2025-03-23 19:00:00;DK1;Solar;0,415417;0,398333;0,407917;0,002083;2,872917;2025-03-23 17:58:36;2025-03-23 18:58:36
2025-03-23 19:00:00;2025-03-23 20:00:00;DK1;Solar;0,010000;0,000000;0,005000;0,653750;4,290833;2025-03-23 18:58:36;2025-03-23 19:58:36
2025-03-23 20:00:00;2025-03-23 21:00:00;DK1;Solar;0,010000;0,000000;0,000417;1,116667;4,420833;2025-03-23 19:58:35;2025-03-23 20:58:35
2025-03-23 21:00:00;2025-03-23 22:00:00;DK1;Solar;0,009583;0,000000;0,000000;1,151667;2,534167;2025-03-23 20:58:35;2025-03-23 21:58:35
2025-03-23 22:00:00;2025-03-23 23:00:00;DK1;Solar;0,000000;0,000000;0,000000;0,660833;3,783750;2025-03-23 21:58:35;2025-03-23 22:58:35
2025-03-23 23:00:00;2025-03-24 00:00:00;DK1;Solar;0,000000;5,627500;0,000000;0,986250;5,627500;2025-03-23 22:58:37;2025-03-23 23:58:37
2025-03-24 00:00:00;2025-03-24 01:00:00;DK1;Solar;0,000000;1,527083;0,000000;1,472917;1,527083;2025-03-23 23:58:35;2025-03-24 00:58:35
2025-03-24 01:00:00;2025-03-24 02:00:00;DK1;Solar;0,000000;0,000000;0,000417;0,398333;0,000000;2025-03-24 00:58:35;2025-03-24 01:58:35
2025-03-24 02:00:00;2025-03-24 03:00:00;DK1;Solar;0,000000;0,697500;0,000000;0,000000;0,697500;2025-03-24 01:58:35;2025-03-24 02:58:35
2025-03-24 03:00:00;2025-03-24 04:00:00;DK1;Solar;0,000000;0,000000;0,000000;0,181667;0,000000;2025-03-24 02:58:36;2025-03-24 03:58:36
2025-03-24 04:00:00;2025-03-24 05:00:00;DK1;Solar;0,299167;1,582500;0,302083;0,292083;1,582500;2025-03-24 03:59:01;2025-03-24 04:59:01
2025-03-24 05:00:00;2025-03-24 06:00:00;DK1;Solar;15,234583;16,397499;16,172916;15,956250;16,397499;2025-03-24 04:59:01;2025-03-24 05:59:01
2025-03-24 06:00:00;2025-03-24 07:00:00;DK1;Solar;234,659164;266,760834;243,070831;243,271255;266,760834;2025-03-24 05:59:02;2025-03-24 06:59:02
2025-03-24 07:00:00;2025-03-24 08:00:00;DK1;Solar;537,043762;569,715393;548,741272;569,289978;569,715393;2025-03-24 06:59:01;2025-03-24 07:59:01
2025-03-24 08:00:00;2025-03-24 09:00:00;DK1;Solar;835,502075;862,010010;831,128723;862,010010;978,092529;2025-03-24 07:59:01;2025-03-24 08:59:01
2025-03-24 09:00:00;2025-03-24 10:00:00;DK1;Solar;1057,836670;1076,800781;1040,522095;1109,819214;1311,533691;2025-03-24 08:59:01;2025-03-24 09:59:01
2025-03-24 10:00:00;2025-03-24 11:00:00;DK1;Solar;1180,414185;1210,131714;1177,456665;1286,432861;1502,435059;2025-03-24 09:59:01;2025-03-24 10:59:01
2025-03-24 11:00:00;2025-03-24 12:00:00;DK1;Solar;1223,763306;1261,904541;1261,904541;1339,622070;1559,602539;2025-03-24 10:59:02;2025-03-24 11:59:02
2025-03-24 12:00:00;2025-03-24 13:00:00;DK1;Solar;1162,537476;1207,187134;1207,187134;1283,042480;1498,580811;2025-03-24 11:59:01;2025-03-24 12:59:01
2025-03-24 13:00:00;2025-03-24 14:00:00;DK1;Solar;996,926270;1053,255859;1046,518799;1126,638306;1319,700439;2025-03-24 12:59:07;2025-03-24 13:59:07
2025-03-24 14:00:00;2025-03-24 15:00:00;DK1;Solar;754,032104;809,658325;818,352112;886,655823;1076,472046;2025-03-24 13:59:03;2025-03-24 14:59:03
2025-03-24 15:00:00;2025-03-24 16:00:00;DK1;Solar;488,469177;516,424561;525,366638;593,509155;745,115417;2025-03-24 14:59:07;2025-03-24 15:59:07
2025-03-24 16:00:00;2025-03-24 17:00:00;DK1;Solar;219,675827;226,007080;228,877502;286,095825;364,714996;2025-03-24 15:59:01;2025-03-24 16:59:01
2025-03-24 17:00:00;2025-03-24 18:00:00;DK1;Solar;17,937916;18,727917;18,867083;54,269585;49,034584;2025-03-24 16:59:01;2025-03-24 17:59:01
2025-03-24 18:00:00;2025-03-24 19:00:00;DK1;Solar;0,463333;0,494583;0,487917;8,382500;8,245833;2025-03-24 17:59:01;2025-03-24 18:59:01
2025-03-24 19:00:00;2025-03-24 20:00:00;DK1;Solar;0,020000;0,009583;0,000000;2,022917;9,620000;2025-03-24 18:59:01;2025-03-24 19:59:01
2025-03-24 20:00:00;2025-03-24 21:00:00;DK1;Solar;0,012083;0,000000;0,000000;2,507083;0,400000;2025-03-24 19:59:01;2025-03-24 20:59:01
2025-03-24 21:00:00;2025-03-24 22:00:00;DK1;Solar;0,010000;0,000000;0,000000;0,103750;0,576250;2025-03-24 20:59:02;2025-03-24 21:59:02
2025-03-24 22:00:00;2025-03-24 23:00:00;DK1;Solar;0,010000;0,000000;0,000000;0,150000;2,060833;2025-03-24 21:59:02;2025-03-24 22:59:02
2025-03-24 23:00:00;2025-03-25 00:00:00;DK1;Solar;0,000000;1,298750;0,000000;0,537083;1,298750;2025-03-24 22:59:01;2025-03-24 23:59:01
2025-03-25 00:00:00;2025-03-25 01:00:00;DK1;Solar;0,000000;0,912500;0,000000;0,341250;0,912500;2025-03-24 23:59:01;2025-03-25 00:59:01
2025-03-25 01:00:00;2025-03-25 02:00:00;DK1;Solar;0,000000;2,049167;0,000417;0,239167;2,049167;2025-03-25 00:59:01;2025-03-25 01:59:01
2025-03-25 02:00:00;2025-03-25 03:00:00;DK1;Solar;0,000000;2,109167;0,010000;0,533333;2,109167;2025-03-25 01:59:01;2025-03-25 02:59:01
2025-03-25 03:00:00;2025-03-25 04:00:00;DK1;Solar;0,000000;2,042083;0,001250;0,549167;2,042083;2025-03-25 02:59:01;2025-03-25 03:59:01
2025-03-25 04:00:00;2025-03-25 05:00:00;DK1;Solar;0,135417;3,715417;0,162500;0,697917;3,715417;2025-03-25 03:59:12;2025-03-25 04:59:12
2025-03-25 05:00:00;2025-03-25 06:00:00;DK1;Solar;5,249166;10,585834;6,581250;7,300416;10,585834;2025-03-25 04:59:12;2025-03-25 05:59:12
2025-03-25 06:00:00;2025-03-25 07:00:00;DK1;Solar;71,862083;96,349167;80,219170;80,889999;96,349167;2025-03-25 05:59:13;2025-03-25 06:59:13
2025-03-25 07:00:00;2025-03-25 08:00:00;DK1;Solar;159,654587;188,555420;168,904160;170,914993;188,555420;2025-03-25 06:59:12;2025-03-25 07:59:12
2025-03-25 08:00:00;2025-03-25 09:00:00;DK1;Solar;238,745834;232,157501;224,226257;232,157501;261,922485;2025-03-25 07:59:15;2025-03-25 08:59:15
2025-03-25 09:00:00;2025-03-25 10:00:00;DK1;Solar;287,447083;256,674164;258,613739;268,714569;315,944153;2025-03-25 08:59:12;2025-03-25 09:59:12
2025-03-25 10:00:00;2025-03-25 11:00:00;DK1;Solar;295,137085;285,666656;282,415009;294,596680;382,147919;2025-03-25 09:59:13;2025-03-25 10:59:13
2025-03-25 11:00:00;2025-03-25 12:00:00;DK1;Solar;301,525421;301,914154;301,914154;322,842499;465,282074;2025-03-25 10:59:13;2025-03-25 11:59:13
2025-03-25 12:00:00;2025-03-25 13:00:00;DK1;Solar;306,795013;293,010406;293,010406;348,795837;483,247070;2025-03-25 11:59:13;2025-03-25 12:59:13
2025-03-25 13:00:00;2025-03-25 14:00:00;DK1;Solar;306,140411;266,613342;278,377075;323,166260;402,825409;2025-03-25 12:59:14;2025-03-25 13:59:14
2025-03-25 14:00:00;2025-03-25 15:00:00;DK1;Solar;251,485413;218,445831;218,019577;244,600006;346,720428;2025-03-25 13:59:14;2025-03-25 14:59:14
2025-03-25 15:00:00;2025-03-25 16:00:00;DK1;Solar;173,276245;149,534164;151,759995;186,128754;225,564590;2025-03-25 14:59:13;2025-03-25 15:59:13
2025-03-25 16:00:00;2025-03-25 17:00:00;DK1;Solar;80,965836;71,768333;72,648331;94,410835;113,192085;2025-03-25 15:59:13;2025-03-25 16:59:13
2025-03-25 17:00:00;2025-03-25 18:00:00;DK1;Solar;7,423750;7,086667;7,915417;17,661667;25,854166;2025-03-25 16:59:13;2025-03-25 17:59:13
2025-03-25 18:00:00;2025-03-25 19:00:00;DK1;Solar;0,264583;0,263333;0,280417;5,025417;7,775000;2025-03-25 17:59:13;2025-03-25 18:59:13
2025-03-25 19:00:00;2025-03-25 20:00:00;DK1;Solar;0,010000;0,010000;0,009583;1,957500;4,042917;2025-03-25 18:59:13;2025-03-25 19:59:13
2025-03-25 20:00:00;2025-03-25 21:00:00;DK1;Solar;0,010000;0,001250;0,002917;1,055417;4,883750;2025-03-25 19:59:14;2025-03-25 20:59:14
2025-03-25 21:00:00;2025-03-25 22:00:00;DK1;Solar;0,010000;0,000000;0,000000;1,272917;4,775417;2025-03-25 20:59:14;2025-03-25 21:59:14
2025-03-25 22:00:00;2025-03-25 23:00:00;DK1;Solar;0,010000;0,000000;0,000000;1,244167;5,935417;2025-03-25 21:59:13;2025-03-25 22:59:13
2025-03-25 23:00:00;2025-03-26 00:00:00;DK1;Solar;0,005833;4,740833;0,005833;1,545417;4,740833;2025-03-25 22:59:14;2025-03-25 23:59:14
2025-03-26 00:00:00;2025-03-26 01:00:00;DK1;Solar;0,000000;6,570000;0,000000;1,235000;6,570000;2025-03-25 23:59:13;2025-03-26 00:59:13
2025-03-26 01:00:00;2025-03-26 02:00:00;DK1;Solar;0,000000;6,489167;0,008750;1,718333;6,489167;2025-03-26 00:59:13;2025-03-26 01:59:13
2025-03-26 02:00:00;2025-03-26 03:00:00;DK1;Solar;0,000000;4,490417;0,000417;1,690000;4,490417;2025-03-26 01:59:14;2025-03-26 02:59:14
2025-03-26 03:00:00;2025-03-26 04:00:00;DK1;Solar;0,000000;5,912083;0,000000;1,168750;5,912083;2025-03-26 02:59:13;2025-03-26 03:59:13
2025-03-26 04:00:00;2025-03-26 05:00:00;DK1;Solar;0,434167;5,646250;0,459583;1,989583;5,646250;2025-03-26 03:58:35;2025-03-26 04:58:35
2025-03-26 05:00:00;2025-03-26 06:00:00;DK1;Solar;25,242916;30,090416;27,426250;27,382084;30,090416;2025-03-26 04:58:34;2025-03-26 05:58:34
2025-03-26 06:00:00;2025-03-26 07:00:00;DK1;Solar;284,804596;318,006256;301,856659;296,067902;318,006256;2025-03-26 05:58:35;2025-03-26 06:58:35
2025-03-26 07:00:00;2025-03-26 08:00:00;DK1;Solar;615,276245;681,101257;645,205811;658,603333;681,101257;2025-03-26 06:58:34;2025-03-26 07:58:34
2025-03-26 08:00:00;2025-03-26 09:00:00;DK1;Solar;904,962891;963,943726;940,995422;963,943726;1080,522461;2025-03-26 07:58:35;2025-03-26 08:58:35
2025-03-26 09:00:00;2025-03-26 10:00:00;DK1;Solar;1097,205444;1165,727539;1152,158691;1196,589111;1402,681274;2025-03-26 08:58:35;2025-03-26 09:58:35
2025-03-26 10:00:00;2025-03-26 11:00:00;DK1;Solar;1200,774536;1260,974121;1250,718750;1308,707886;1471,925049;2025-03-26 09:58:35;2025-03-26 10:58:35
2025-03-26 11:00:00;2025-03-26 12:00:00;DK1;Solar;1233,009155;1266,538696;1266,538696;1312,931274;1559,864136;2025-03-26 10:58:35;2025-03-26 11:58:35
2025-03-26 12:00:00;2025-03-26 13:00:00;DK1;Solar;1190,872925;1200,424194;1200,424194;1273,997925;1469,457031;2025-03-26 11:58:35;2025-03-26 12:58:35
2025-03-26 13:00:00;2025-03-26 14:00:00;DK1;Solar;1022,258728;1041,386230;1043,543701;1097,140381;1308,403320;2025-03-26 12:58:35;2025-03-26 13:58:35
2025-03-26 14:00:00;2025-03-26 15:00:00;DK1;Solar;786,101257;795,200806;802,291687;859,525024;1155,700806;2025-03-26 13:58:37;2025-03-26 14:58:37
2025-03-26 15:00:00;2025-03-26 16:00:00;DK1;Solar;475,295410;488,124176;502,024597;587,393738;729,496277;2025-03-26 14:58:38;2025-03-26 15:58:38
2025-03-26 16:00:00;2025-03-26 17:00:00;DK1;Solar;197,524994;210,577087;213,049164;273,295410;350,290833;2025-03-26 15:58:35;2025-03-26 16:58:35
2025-03-26 17:00:00;2025-03-26 18:00:00;DK1;Solar;19,390833;20,437500;20,500000;56,700001;53,692917;2025-03-26 16:58:35;2025-03-26 17:58:35
2025-03-26 18:00:00;2025-03-26 19:00:00;DK1;Solar;0,542500;0,559167;0,560417;9,209583;0,739583;2025-03-26 17:58:35;2025-03-26 18:58:35
2025-03-26 19:00:00;2025-03-26 20:00:00;DK1;Solar;0,000000;0,009583;0,000000;0,047917;1,712917;2025-03-26 18:58:35;2025-03-26 19:58:35
2025-03-26 20:00:00;2025-03-26 21:00:00;DK1;Solar;0,000000;0,000000;0,000000;0,445417;1,730000;2025-03-26 19:58:34;2025-03-26 20:58:34
2025-03-26 21:00:00;2025-03-26 22:00:00;DK1;Solar;0,000000;0,000000;0,000000;0,450000;3,022917;2025-03-26 20:58:34;2025-03-26 21:58:34
2025-03-26 22:00:00;2025-03-26 23:00:00;DK1;Solar;0,000000;0,000000;0,000000;0,787083;3,893333;2025-03-26 21:58:35;2025-03-26 22:58:35
2025-03-26 23:00:00;2025-03-27 00:00:00;DK1;Solar;0,000000;4,804167;0,000000;1,013750;4,804167;2025-03-26 22:58:35;2025-03-26 23:58:35
2025-03-27 00:00:00;2025-03-27 01:00:00;DK1;Solar;0,000000;4,590833;0,000000;1,258750;4,590833;2025-03-26 23:58:35;2025-03-27 00:58:35
2025-03-27 01:00:00;2025-03-27 02:00:00;DK1;Solar;0,000000;4,364583;0,000000;1,195417;4,364583;2025-03-27 00:58:35;2025-03-27 01:58:35
2025-03-27 02:00:00;2025-03-27 03:00:00;DK1;Solar;0,000000;2,556250;0,000000;1,137083;2,556250;2025-03-27 01:58:35;2025-03-27 02:58:35
2025-03-27 03:00:00;2025-03-27 04:00:00;DK1;Solar;0,008333;5,450417;0,000000;0,666667;5,450417;2025-03-27 02:58:34;2025-03-27 03:58:34
2025-03-27 04:00:00;2025-03-27 05:00:00;DK1;Solar;0,403750;4,546250;0,437500;1,894167;4,546250;2025-03-27 03:59:18;2025-03-27 04:59:18
2025-03-27 05:00:00;2025-03-27 06:00:00;DK1;Solar;21,758333;30,970833;23,368750;27,057501;30,970833;2025-03-27 04:59:18;2025-03-27 05:59:18
2025-03-27 06:00:00;2025-03-27 07:00:00;DK1;Solar;206,304993;241,872910;221,332504;244,221252;241,872910;2025-03-27 05:59:18;2025-03-27 06:59:18
2025-03-27 07:00:00;2025-03-27 08:00:00;DK1;Solar;411,250824;393,998749;467,147095;494,400421;393,998749;2025-03-27 06:59:18;2025-03-27 07:59:18
2025-03-27 08:00:00;2025-03-27 09:00:00;DK1;Solar;622,439575;676,988770;678,165833;676,988770;565,290405;2025-03-27 07:59:18;2025-03-27 08:59:18
2025-03-27 09:00:00;2025-03-27 10:00:00;DK1;Solar;822,278748;868,566223;853,303345;805,988770;744,745422;2025-03-27 08:59:18;2025-03-27 09:59:18
2025-03-27 10:00:00;2025-03-27 11:00:00;DK1;Solar;957,437073;974,017090;972,963318;910,159973;923,108765;2025-03-27 09:59:18;2025-03-27 10:59:18
2025-03-27 11:00:00;2025-03-27 12:00:00;DK1;Solar;1014,531250;996,391235;996,391235;938,763306;950,899170;2025-03-27 10:59:18;2025-03-27 11:59:18
2025-03-27 12:00:00;2025-03-27 13:00:00;DK1;Solar;956,402893;958,770813;958,770813;910,523315;1022,381653;2025-03-27 11:59:18;2025-03-27 12:59:18
2025-03-27 13:00:00;2025-03-27 14:00:00;DK1;Solar;808,305420;827,848328;822,361267;872,762085;941,381653;2025-03-27 12:59:19;2025-03-27 13:59:19
2025-03-27 14:00:00;2025-03-27 15:00:00;DK1;Solar;640,049561;646,909607;657,431274;711,580444;736,330017;2025-03-27 13:59:20;2025-03-27 14:59:20
2025-03-27 15:00:00;2025-03-27 16:00:00;DK1;Solar;418,685425;444,026245;443,821259;473,721680;494,801666;2025-03-27 14:59:18;2025-03-27 15:59:18
2025-03-27 16:00:00;2025-03-27 17:00:00;DK1;Solar;198,282089;214,159576;212,315414;218,435410;300,784576;2025-03-27 15:59:18;2025-03-27 16:59:18
2025-03-27 17:00:00;2025-03-27 18:00:00;DK1;Solar;22,816668;23,934999;21,891666;46,619999;52,786667;2025-03-27 16:59:18;2025-03-27 17:59:18
2025-03-27 18:00:00;2025-03-27 19:00:00;DK1;Solar;0,645417;0,634167;0,582083;8,426250;4,976250;2025-03-27 17:59:18;2025-03-27 18:59:18
2025-03-27 19:00:00;2025-03-27 20:00:00;DK1;Solar;0,000417;0,009583;0,000000;1,141667;4,296667;2025-03-27 18:59:18;2025-03-27 19:59:18
2025-03-27 20:00:00;2025-03-27 21:00:00;DK1;Solar;0,000000;0,000000;0,000000;1,119583;4,837083;2025-03-27 19:59:18;2025-03-27 20:59:18
2025-03-27 21:00:00;2025-03-27 22:00:00;DK1;Solar;0,000000;0,000000;0,000000;1,259167;4,447083;2025-03-27 20:59:18;2025-03-27 21:59:18
2025-03-27 22:00:00;2025-03-27 23:00:00;DK1;Solar;0,000000;0,000000;0,000000;1,158333;5,970833;2025-03-27 21:59:18;2025-03-27 22:59:18
2025-03-27 23:00:00;2025-03-28 00:00:00;DK1;Solar;0,000000;5,095833;0,000000;1,555417;5,095833;2025-03-27 22:59:18;2025-03-27 23:59:18
2025-03-28 00:00:00;2025-03-28 01:00:00;DK1;Solar;0,005000;5,700833;0,005000;1,328750;5,700833;2025-03-27 23:59:18;2025-03-28 00:59:18
2025-03-28 01:00:00;2025-03-28 02:00:00;DK1;Solar;0,000000;6,044583;0,000000;1,485833;6,044583;2025-03-28 00:59:18;2025-03-28 01:59:18
2025-03-28 02:00:00;2025-03-28 03:00:00;DK1;Solar;0,000000;5,633750;0,000000;1,574167;5,633750;2025-03-28 01:59:18;2025-03-28 02:59:18
2025-03-28 03:00:00;2025-03-28 04:00:00;DK1;Solar;0,000000;5,780833;0,000000;1,466667;5,780833;2025-03-28 02:59:18;2025-03-28 03:59:18
2025-03-28 04:00:00;2025-03-28 05:00:00;DK1;Solar;0,445417;4,768750;0,480000;2,060000;4,768750;2025-03-28 03:58:42;2025-03-28 04:58:42
2025-03-28 05:00:00;2025-03-28 06:00:00;DK1;Solar;25,116667;38,177082;27,673750;34,514168;38,177082;2025-03-28 04:58:42;2025-03-28 05:58:42
2025-03-28 06:00:00;2025-03-28 07:00:00;DK1;Solar;219,544586;308,738342;282,109589;287,855011;308,738342;2025-03-28 05:58:42;2025-03-28 06:58:42
2025-03-28 07:00:00;2025-03-28 08:00:00;DK1;Solar;437,504181;636,141235;573,759155;608,017090;636,141235;2025-03-28 06:58:42;2025-03-28 07:58:42
2025-03-28 08:00:00;2025-03-28 09:00:00;DK1;Solar;636,682495;828,770447;786,837891;828,770447;892,872070;2025-03-28 07:58:42;2025-03-28 08:58:42
2025-03-28 09:00:00;2025-03-28 10:00:00;DK1;Solar;784,907471;939,167480;900,664978;938,260437;1024,049194;2025-03-28 08:58:42;2025-03-28 09:58:42
2025-03-28 10:00:00;2025-03-28 11:00:00;DK1;Solar;762,487488;896,201660;872,859558;970,575439;1008,843750;2025-03-28 09:58:42;2025-03-28 10:58:42
2025-03-28 11:00:00;2025-03-28 12:00:00;DK1;Solar;695,262512;835,524597;835,524597;907,942505;1039,301270;2025-03-28 10:58:42;2025-03-28 11:58:42
2025-03-28 12:00:00;2025-03-28 13:00:00;DK1;Solar;663,286255;735,212524;735,212524;850,147522;947,009583;2025-03-28 11:58:42;2025-03-28 12:58:42
2025-03-28 13:00:00;2025-03-28 14:00:00;DK1;Solar;602,747498;652,780029;685,922485;800,623779;742,916260;2025-03-28 12:58:42;2025-03-28 13:58:42
2025-03-28 14:00:00;2025-03-28 15:00:00;DK1;Solar;413,716248;460,724579;504,345825;552,005005;628,897522;2025-03-28 13:58:45;2025-03-28 14:58:45
2025-03-28 15:00:00;2025-03-28 16:00:00;DK1;Solar;224,575836;270,047089;287,177094;324,781250;382,949158;2025-03-28 14:58:45;2025-03-28 15:58:45
2025-03-28 16:00:00;2025-03-28 17:00:00;DK1;Solar;95,652496;114,838753;118,824997;143,429581;156,892502;2025-03-28 15:58:42;2025-03-28 16:58:42
2025-03-28 17:00:00;2025-03-28 18:00:00;DK1;Solar;11,378333;12,354584;13,083333;21,719999;19,718334;2025-03-28 16:58:43;2025-03-28 17:58:43
2025-03-28 18:00:00;2025-03-28 19:00:00;DK1;Solar;0,392917;0,400417;0,424167;2,141667;4,645833;2025-03-28 17:58:42;2025-03-28 18:58:42
2025-03-28 19:00:00;2025-03-28 20:00:00;DK1;Solar;0,008750;0,008750;0,000000;1,106667;1,626250;2025-03-28 18:58:43;2025-03-28 19:58:43
2025-03-28 20:00:00;2025-03-28 21:00:00;DK1;Solar;0,000000;0,000000;0,000000;0,421667;1,762083;2025-03-28 19:58:42;2025-03-28 20:58:42
2025-03-28 21:00:00;2025-03-28 22:00:00;DK1;Solar;0,000000;0,000000;0,000000;0,458333;1,784583;2025-03-28 20:58:42;2025-03-28 21:58:42
2025-03-28 22:00:00;2025-03-28 23:00:00;DK1;Solar;0,000000;0,000000;0,000000;0,464167;2,147083;2025-03-28 21:58:42;2025-03-28 22:58:42
2025-03-28 23:00:00;2025-03-29 00:00:00;DK1;Solar;0,000000;1,683750;0,000000;0,559167;1,683750;2025-03-28 22:58:42;2025-03-28 23:58:42
2025-03-29 00:00:00;2025-03-29 01:00:00;DK1;Solar;0,000000;0,960000;0,000000;0,439583;0,960000;2025-03-28 23:58:42;2025-03-29 00:58:42
2025-03-29 01:00:00;2025-03-29 02:00:00;DK1;Solar;0,000000;1,202500;0,000000;0,250000;1,202500;2025-03-29 00:58:42;2025-03-29 01:58:42
2025-03-29 02:00:00;2025-03-29 03:00:00;DK1;Solar;0,000000;0,866250;0,000000;0,314583;0,866250;2025-03-29 01:58:42;2025-03-29 02:58:42
2025-03-29 03:00:00;2025-03-29 04:00:00;DK1;Solar;0,000000;1,182083;0,000000;0,225833;1,182083;2025-03-29 02:58:42;2025-03-29 03:58:42
2025-03-29 04:00:00;2025-03-29 05:00:00;DK1;Solar;0,630417;2,404583;0,612500;0,982500;2,404583;2025-03-29 03:59:18;2025-03-29 04:59:18
2025-03-29 05:00:00;2025-03-29 06:00:00;DK1;Solar;39,810001;44,295834;41,100418;44,142502;44,295834;2025-03-29 04:59:18;2025-03-29 05:59:18
2025-03-29 06:00:00;2025-03-29 07:00:00;DK1;Solar;298,413330;337,077911;324,249176;330,182098;337,077911;2025-03-29 05:59:18;2025-03-29 06:59:18
2025-03-29 07:00:00;2025-03-29 08:00:00;DK1;Solar;612,390442;655,539978;647,904602;680,211670;655,539978;2025-03-29 06:59:18;2025-03-29 07:59:18
2025-03-29 08:00:00;2025-03-29 09:00:00;DK1;Solar;931,943726;972,136658;939,974182;972,136658;1046,087036;2025-03-29 07:59:18;2025-03-29 08:59:18
2025-03-29 09:00:00;2025-03-29 10:00:00;DK1;Solar;1159,184204;1176,434570;1139,206299;1183,036255;1290,375854;2025-03-29 08:59:18;2025-03-29 09:59:18
2025-03-29 10:00:00;2025-03-29 11:00:00;DK1;Solar;1251,255859;1253,564575;1214,827515;1281,052856;1387,370850;2025-03-29 09:59:18;2025-03-29 10:59:18
2025-03-29 11:00:00;2025-03-29 12:00:00;DK1;Solar;1268,005005;1272,841309;1272,841309;1311,844971;1258,460815;2025-03-29 10:59:18;2025-03-29 11:59:18
2025-03-29 12:00:00;2025-03-29 13:00:00;DK1;Solar;1194,764526;1199,780029;1199,780029;1131,692871;1218,752930;2025-03-29 11:59:18;2025-03-29 12:59:18
2025-03-29 13:00:00;2025-03-29 14:00:00;DK1;Solar;1076,976685;1082,828369;1076,585815;1041,128296;1068,945435;2025-03-29 12:59:20;2025-03-29 13:59:20
2025-03-29 14:00:00;2025-03-29 15:00:00;DK1;Solar;876,346680;876,652893;870,751221;816,262512;909,394165;2025-03-29 13:59:20;2025-03-29 14:59:20
2025-03-29 15:00:00;2025-03-29 16:00:00;DK1;Solar;582,237915;580,185425;578,064148;587,589600;772,510803;2025-03-29 14:59:18;2025-03-29 15:59:18
2025-03-29 16:00:00;2025-03-29 17:00:00;DK1;Solar;276,469574;276,069153;274,316254;323,002075;423,899597;2025-03-29 15:59:18;2025-03-29 16:59:18
2025-03-29 17:00:00;2025-03-29 18:00:00;DK1;Solar;35,569168;35,520832;35,217499;75,011253;91,288750;2025-03-29 16:59:18;2025-03-29 17:59:18
2025-03-29 18:00:00;2025-03-29 19:00:00;DK1;Solar;0,877917;0,884583;0,867083;15,559167;1,532083;2025-03-29 17:59:18;2025-03-29 18:59:18
2025-03-29 19:00:00;2025-03-29 20:00:00;DK1;Solar;0,010000;0,008750;0,000000;0,172917;2,930000;2025-03-29 18:59:18;2025-03-29 19:59:18
2025-03-29 20:00:00;2025-03-29 21:00:00;DK1;Solar;0,001250;0,000000;0,000000;0,763750;4,042083;2025-03-29 19:59:18;2025-03-29 20:59:18
2025-03-29 21:00:00;2025-03-29 22:00:00;DK1;Solar;0,000000;0,000000;0,000000;1,052917;4,731250;2025-03-29 20:59:18;2025-03-29 21:59:18
2025-03-29 22:00:00;2025-03-29 23:00:00;DK1;Solar;0,000000;0,000000;0,000000;1,232500;7,048750;2025-03-29 21:59:18;2025-03-29 22:59:18
2025-03-29 23:00:00;2025-03-30 00:00:00;DK1;Solar;0,000000;7,084583;0,000000;1,833333;7,084583;2025-03-29 22:59:18;2025-03-29 23:59:18
2025-03-30 00:00:00;2025-03-30 01:00:00;DK1;Solar;0,000000;6,520000;0,000000;1,852500;6,520000;2025-03-29 23:59:17;2025-03-30 00:59:17
2025-03-30 01:00:00;2025-03-30 03:00:00;DK1;Solar;0,008750;3,535417;0,001250;3,535417;3,535417;2025-03-30 00:59:18;2025-03-30 01:59:18
2025-03-30 02:00:00;2025-03-30 04:00:00;DK1;Solar;0,001667;17,420834;0,000000;;17,420834;2025-03-30 01:59:17;2025-03-30 03:59:17
2025-03-30 03:00:00;2025-03-30 05:00:00;DK1;Solar;0,010000;6,580833;0,005000;4,537083;6,580833;2025-03-30 02:59:18;2025-03-30 04:59:18
2025-03-30 04:00:00;2025-03-30 06:00:00;DK1;Solar;0,199583;6,420000;0,247083;1,963333;6,420000;2025-03-30 03:59:06;2025-03-30 05:59:06
2025-03-30 05:00:00;2025-03-30 07:00:00;DK1;Solar;9,887500;14,794167;12,129583;13,736250;14,794167;2025-03-30 04:59:02;2025-03-30 06:59:02
2025-03-30 06:00:00;2025-03-30 08:00:00;DK1;Solar;88,236252;105,087914;;94,934166;105,087914;2025-03-30 05:59:02;2025-03-30 07:59:02
2025-03-30 07:00:00;2025-03-30 09:00:00;DK1;Solar;194,741669;215,406250;218,973328;215,406250;246,782913;2025-03-30 06:59:03;2025-03-30 08:59:03
2025-03-30 08:00:00;2025-03-30 10:00:00;DK1;Solar;200,581253;208,820419;211,093338;217,738327;279,733765;2025-03-30 07:59:03;2025-03-30 09:59:03
2025-03-30 09:00:00;2025-03-30 11:00:00;DK1;Solar;264,246246;258,042511;258,369598;296,331238;391,898743;2025-03-30 08:59:02;2025-03-30 10:59:02
2025-03-30 10:00:00;2025-03-30 12:00:00;DK1;Solar;309,649597;307,124573;307,124573;371,297485;453,208740;2025-03-30 09:59:02;2025-03-30 11:59:02
2025-03-30 11:00:00;2025-03-30 13:00:00;DK1;Solar;365,594574;361,072906;361,072906;402,985413;513,477112;2025-03-30 10:59:02;2025-03-30 12:59:02
2025-03-30 12:00:00;2025-03-30 14:00:00;DK1;Solar;379,411652;393,824585;393,824585;460,746674;601,553772;2025-03-30 11:59:07;2025-03-30 13:59:07
2025-03-30 13:00:00;2025-03-30 15:00:00;DK1;Solar;344,330841;370,362488;358,670410;445,981262;487,713348;2025-03-30 12:59:06;2025-03-30 14:59:06
2025-03-30 14:00:00;2025-03-30 16:00:00;DK1;Solar;282,536255;297,864166;302,288757;344,410004;366,132507;2025-03-30 13:59:06;2025-03-30 15:59:06
2025-03-30 15:00:00;2025-03-30 17:00:00;DK1;Solar;313,403748;303,119598;258,092499;290,041656;330,694153;2025-03-30 14:59:02;2025-03-30 16:59:02
2025-03-30 16:00:00;2025-03-30 18:00:00;DK1;Solar;166,310837;146,350418;131,108337;152,467499;120,690414;2025-03-30 15:59:02;2025-03-30 17:59:02
2025-03-30 17:00:00;2025-03-30 19:00:00;DK1;Solar;24,061666;19,670416;20,614166;16,160418;16,330833;2025-03-30 16:59:02;2025-03-30 18:59:02
2025-03-30 18:00:00;2025-03-30 20:00:00;DK1;Solar;0,647083;0,570833;0,614583;0,002083;4,741250;2025-03-30 17:59:02;2025-03-30 19:59:02
2025-03-30 19:00:00;2025-03-30 21:00:00;DK1;Solar;0,000000;0,010000;0,000000;1,085417;4,716250;2025-03-30 18:59:02;2025-03-30 20:59:02
2025-03-30 20:00:00;2025-03-30 22:00:00;DK1;Solar;0,000000;0,007083;0,005833;1,227917;3,494167;2025-03-30 19:59:02;2025-03-30 21:59:02
2025-03-30 21:00:00;2025-03-30 23:00:00;DK1;Solar;0,000000;0,000000;0,000000;0,909167;2,657917;2025-03-30 20:59:06;2025-03-30 22:59:06
2025-03-30 22:00:00;2025-03-31 00:00:00;DK1;Solar;0,000000;2,403750;0,000000;0,691667;2,403750;2025-03-30 21:59:04;2025-03-30 23:59:04
2025-03-30 23:00:00;2025-03-31 01:00:00;DK1;Solar;0,000000;2,684583;0,000000;0,625000;2,684583;2025-03-30 22:59:02;2025-03-31 00:59:02
2025-03-31 00:00:00;2025-03-31 02:00:00;DK1;Solar;0,000000;0,140833;0,000000;0,702500;0,140833;2025-03-30 23:59:02;2025-03-31 01:59:02
2025-03-31 01:00:00;2025-03-31 03:00:00;DK1;Solar;0,005000;0,330000;0,000000;0,040417;0,330000;2025-03-31 00:59:02;2025-03-31 02:59:02
2025-03-31 02:00:00;2025-03-31 04:00:00;DK1;Solar;0,000000;0,423333;0,000000;0,087083;0,423333;2025-03-31 01:59:02;2025-03-31 03:59:02
2025-03-31 03:00:00;2025-03-31 05:00:00;DK1;Solar;0,000000;0,106667;0,000000;0,110000;0,106667;2025-03-31 02:59:20;2025-03-31 04:59:20
2025-03-31 04:00:00;2025-03-31 06:00:00;DK1;Solar;0,842500;0,995000;0,882500;0,905000;0,995000;2025-03-31 03:59:20;2025-03-31 05:59:20
2025-03-31 05:00:00;2025-03-31 07:00:00;DK1;Solar;53,686668;61,098751;62,534584;61,561249;61,098751;2025-03-31 04:59:20;2025-03-31 06:59:20
2025-03-31 06:00:00;2025-03-31 08:00:00;DK1;Solar;327,146240;385,606262;388,249176;375,952515;385,606262;2025-03-31 05:59:20;2025-03-31 07:59:20
2025-03-31 07:00:00;2025-03-31 09:00:00;DK1;Solar;640,082520;728,724609;739,678345;728,724609;836,503723;2025-03-31 06:59:20;2025-03-31 08:59:20
2025-03-31 08:00:00;2025-03-31 10:00:00;DK1;Solar;899,012085;1048,771240;1061,368286;1077,795776;1304,434570;2025-03-31 07:59:20;2025-03-31 09:59:20
2025-03-31 09:00:00;2025-03-31 11:00:00;DK1;Solar;1074,480469;1266,590454;1275,657959;1333,231689;1595,234131;2025-03-31 08:59:20;2025-03-31 10:59:20
2025-03-31 10:00:00;2025-03-31 12:00:00;DK1;Solar;1157,177490;1368,143311;1368,143311;1452,376709;1704,713745;2025-03-31 09:59:20;2025-03-31 11:59:20
2025-03-31 11:00:00;2025-03-31 13:00:00;DK1;Solar;1178,057495;1390,662476;1390,662476;1475,624634;1656,396606;2025-03-31 10:59:21;2025-03-31 12:59:21
2025-03-31 12:00:00;2025-03-31 14:00:00;DK1;Solar;1141,953735;1331,073364;1337,622070;1404,697144;1573,185059;2025-03-31 11:59:27;2025-03-31 13:59:27
2025-03-31 13:00:00;2025-03-31 15:00:00;DK1;Solar;1016,904175;1172,655029;1188,710815;1248,257935;1475,435425;2025-03-31 12:59:21;2025-03-31 14:59:21
2025-03-31 14:00:00;2025-03-31 16:00:00;DK1;Solar;796,277527;930,679138;935,592896;1009,347107;1268,799561;2025-03-31 13:59:20;2025-03-31 15:59:20
2025-03-31 15:00:00;2025-03-31 17:00:00;DK1;Solar;524,526672;619,642090;620,390442;707,370850;953,079163;2025-03-31 14:59:20;2025-03-31 16:59:20
2025-03-31 16:00:00;2025-03-31 18:00:00;DK1;Solar;254,951660;300,768738;301,690430;385,122070;540,542908;2025-03-31 15:59:20;2025-03-31 17:59:20
2025-03-31 17:00:00;2025-03-31 19:00:00;DK1;Solar;39,635834;45,022499;44,993752;107,552498;114,086670;2025-03-31 16:59:20;2025-03-31 18:59:20
2025-03-31 18:00:00;2025-03-31 20:00:00;DK1;Solar;1,083333;1,077917;1,081250;19,326250;5,955000;2025-03-31 17:59:20;2025-03-31 19:59:20
2025-03-31 19:00:00;2025-03-31 21:00:00;DK1;Solar;0,000000;0,000000;0,000000;1,275833;0,000000;2025-03-31 18:59:20;2025-03-31 20:59:20
2025-03-31 20:00:00;2025-03-31 22:00:00;DK1;Solar;0,009167;0,000000;0,000000;0,000000;0,015417;2025-03-31 19:59:20;2025-03-31 21:59:20
2025-03-31 21:00:00;2025-03-31 23:00:00;DK1;Solar;0,000000;0,000000;0,000000;0,002917;0,042083;2025-03-31 20:59:20;2025-03-31 22:59:20
2025-03-31 22:00:00;2025-04-01 00:00:00;DK1;Solar;0,000000;0,056250;0,000000;0,011250;0,056250;2025-03-31 21:59:20;2025-03-31 23:59:20
2025-03-31 23:00:00;2025-04-01 01:00:00;DK1;Solar;0,000000;0,062083;0,000000;0,013750;0,062083;2025-03-31 22:59:20;2025-04-01 00:59:20
2025-04-01 00:00:00;2025-04-01 02:00:00;DK1;Solar;0,000000;0,297500;0,000000;0,016667;0,297500;2025-03-31 23:59:20;2025-04-01 01:59:20
2025-04-01 01:00:00;2025-04-01 03:00:00;DK1;Solar;0,000417;0,082500;0,000000;0,079583;0,082500;2025-04-01 00:59:20;2025-04-01 02:59:20
2025-04-01 02:00:00;2025-04-01 04:00:00;DK1;Solar;0,008750;0,032500;0,000000;0,022917;0,032500;2025-04-01 01:59:21;2025-04-01 03:59:21
2025-04-01 03:00:00;2025-04-01 05:00:00;DK1;Solar;0,000417;0,035833;0,000417;0,013750;0,035833;2025-04-01 02:58:29;2025-04-01 04:58:29
2025-04-01 04:00:00;2025-04-01 06:00:00;DK1;Solar;0,980417;1,012083;0,969583;0,976667;1,012083;2025-04-01 03:58:29;2025-04-01 05:58:29
2025-04-01 05:00:00;2025-04-01 07:00:00;DK1;Solar;69,081253;67,457497;68,239166;68,249580;67,457497;2025-04-01 04:58:29;2025-04-01 06:58:29
2025-04-01 06:00:00;2025-04-01 08:00:00;DK1;Solar;389,985840;392,780823;388,726257;388,347504;392,780823;2025-04-01 05:58:29;2025-04-01 07:58:29
2025-04-01 07:00:00;2025-04-01 09:00:00;DK1;Solar;745,293335;747,035828;746,281677;747,035828;769,882507;2025-04-01 06:58:29;2025-04-01 08:58:29
2025-04-01 08:00:00;2025-04-01 10:00:00;DK1;Solar;1066,993286;1064,541260;1064,780029;1070,239990;1159,209961;2025-04-01 07:58:29;2025-04-01 09:58:29
2025-04-01 09:00:00;2025-04-01 11:00:00;DK1;Solar;1279,456299;1284,096191;1284,215820;1307,976685;1441,903320;2025-04-01 08:58:29;2025-04-01 10:58:29
2025-04-01 10:00:00;2025-04-01 12:00:00;DK1;Solar;1371,827881;1383,939209;1383,939209;1424,491211;1701,024536;2025-04-01 09:58:29;2025-04-01 11:58:29
2025-04-01 11:00:00;2025-04-01 13:00:00;DK1;Solar;1393,958374;1407,169556;1407,169556;1494,453735;1573,075806;2025-04-01 10:58:29;2025-04-01 12:58:29
2025-04-01 12:00:00;2025-04-01 14:00:00;DK1;Solar;1350,835815;1364,384644;1363,679565;1424,701294;1674,287476;2025-04-01 11:58:29;2025-04-01 13:58:29
2025-04-01 13:00:00;2025-04-01 15:00:00;DK1;Solar;1212,075806;1224,872070;1224,260376;1313,883789;1530,605835;2025-04-01 12:58:31;2025-04-01 14:58:31
2025-04-01 14:00:00;2025-04-01 16:00:00;DK1;Solar;954,267090;964,925415;964,359985;1038,546265;1333,145020;2025-04-01 13:58:31;2025-04-01 15:58:31
2025-04-01 15:00:00;2025-04-01 17:00:00;DK1;Solar;627,439148;635,476685;634,222900;724,999573;974,815857;2025-04-01 14:58:29;2025-04-01 16:58:29
2025-04-01 16:00:00;2025-04-01 18:00:00;DK1;Solar;305,294159;309,279572;306,697510;395,605835;540,918335;2025-04-01 15:58:29;2025-04-01 17:58:29
2025-04-01 17:00:00;2025-04-01 19:00:00;DK1;Solar;49,125416;49,407917;49,012917;110,087082;115,767082;2025-04-01 16:58:29;2025-04-01 18:58:29
2025-04-01 18:00:00;2025-04-01 20:00:00;DK1;Solar;1,190000;1,177917;1,163333;18,639166;5,090416;2025-04-01 17:58:29;2025-04-01 19:58:29
2025-04-01 19:00:00;2025-04-01 21:00:00;DK1;Solar;0,010000;0,010000;0,007500;1,035833;0,055417;2025-04-01 18:58:29;2025-04-01 20:58:29
2025-04-01 20:00:00;2025-04-01 22:00:00;DK1;Solar;0,001250;0,001250;0,000000;0,016667;0,115417;2025-04-01 19:58:29;2025-04-01 21:58:29
2025-04-01 21:00:00;2025-04-01 23:00:00;DK1;Solar;0,000000;0,000000;0,000000;0,029583;0,115417;2025-04-01 20:58:29;2025-04-01 22:58:29
2025-04-01 22:00:00;2025-04-02 00:00:00;DK1;Solar;0,000000;0,029167;0,000000;0,029583;0,029167;2025-04-01 21:58:29;2025-04-01 23:58:29
2025-04-01 23:00:00;2025-04-02 01:00:00;DK1;Solar;0,000000;0,010000;0,000000;0,007500;0,010000;2025-04-01 22:58:29;2025-04-02 00:58:29
2025-04-02 00:00:00;2025-04-02 02:00:00;DK1;Solar;0,000000;0,056250;0,000000;0,001250;0,056250;2025-04-01 23:58:29;2025-04-02 01:58:29
2025-04-02 01:00:00;2025-04-02 03:00:00;DK1;Solar;0,000000;0,096250;0,000000;0,016667;0,096250;2025-04-02 00:58:43;2025-04-02 02:58:43
2025-04-02 02:00:00;2025-04-02 04:00:00;DK1;Solar;0,000000;0,042917;0,000000;0,031250;0,042917;2025-04-02 01:58:29;2025-04-02 03:58:29
2025-04-02 03:00:00;2025-04-02 05:00:00;DK1;Solar;0,002500;0,042083;0,002500;0,017083;0,042083;2025-04-02 02:58:53;2025-04-02 04:58:53
2025-04-02 04:00:00;2025-04-02 06:00:00;DK1;Solar;1,165000;1,180417;1,145833;1,152500;1,180417;2025-04-02 03:58:52;2025-04-02 05:58:52
2025-04-02 05:00:00;2025-04-02 07:00:00;DK1;Solar;81,644997;80,132080;81,524170;81,637085;80,132080;2025-04-02 04:58:52;2025-04-02 06:58:52
2025-04-02 06:00:00;2025-04-02 08:00:00;DK1;Solar;418,043335;420,065826;419,931244;415,345428;420,065826;2025-04-02 05:58:52;2025-04-02 07:58:52
2025-04-02 07:00:00;2025-04-02 09:00:00;DK1;Solar;778,986694;768,342102;782,431641;768,342102;702,748352;2025-04-02 06:58:52;2025-04-02 08:58:52
2025-04-02 08:00:00;2025-04-02 10:00:00;DK1;Solar;1087,507080;1062,445435;1089,145020;1045,830444;1289,109619;2025-04-02 07:58:52;2025-04-02 09:58:52
2025-04-02 09:00:00;2025-04-02 11:00:00;DK1;Solar;1120,382446;1091,289551;1108,589111;1132,697510;1357,228394;2025-04-02 08:58:52;2025-04-02 10:58:52
2025-04-02 10:00:00;2025-04-02 12:00:00;DK1;Solar;991,727478;973,109985;973,109985;1028,163330;1266,898804;2025-04-02 09:58:52;2025-04-02 11:58:52
2025-04-02 11:00:00;2025-04-02 13:00:00;DK1;Solar;1009,041260;991,540405;991,540405;1054,069214;1176,699951;2025-04-02 10:58:52;2025-04-02 12:58:52
2025-04-02 12:00:00;2025-04-02 14:00:00;DK1;Solar;980,349182;963,318726;963,455444;968,844971;1150,922485;2025-04-02 11:58:56;2025-04-02 13:58:56
2025-04-02 13:00:00;2025-04-02 15:00:00;DK1;Solar;885,194580;869,733337;851,224609;879,297485;1092,555054;2025-04-02 12:58:56;2025-04-02 14:58:56
2025-04-02 14:00:00;2025-04-02 16:00:00;DK1;Solar;761,219604;749,177063;748,739197;780,062500;1002,891663;2025-04-02 13:58:53;2025-04-02 15:58:53
2025-04-02 15:00:00;2025-04-02 17:00:00;DK1;Solar;642,577515;638,751648;638,929565;682,409180;890,513306;2025-04-02 14:58:52;2025-04-02 16:58:52
2025-04-02 16:00:00;2025-04-02 18:00:00;DK1;Solar;316,417908;314,585846;298,746246;375,205841;547,077087;2025-04-02 15:58:52;2025-04-02 17:58:52
2025-04-02 17:00:00;2025-04-02 19:00:00;DK1;Solar;54,146667;53,747917;51,357082;115,206253;116,765419;2025-04-02 16:58:52;2025-04-02 18:58:52
2025-04-02 18:00:00;2025-04-02 20:00:00;DK1;Solar;1,267083;1,255417;1,260000;17,674999;9,021250;2025-04-02 17:58:52;2025-04-02 19:58:52
2025-04-02 19:00:00;2025-04-02 21:00:00;DK1;Solar;0,001250;0,000000;0,010000;2,028750;0,004167;2025-04-02 18:58:52;2025-04-02 20:58:52
2025-04-02 20:00:00;2025-04-02 22:00:00;DK1;Solar;0,017917;0,000000;0,007083;0,000000;0,000000;2025-04-02 19:58:52;2025-04-02 21:58:52
2025-04-02 21:00:00;2025-04-02 23:00:00;DK1;Solar;0,011250;0,000000;0,000000;0,000000;1,244583;2025-04-02 20:58:52;2025-04-02 22:58:52
2025-04-02 22:00:00;2025-04-03 00:00:00;DK1;Solar;0,000000;0,045417;0,000000;0,324167;0,045417;2025-04-02 21:58:52;2025-04-02 23:58:52
2025-04-02 23:00:00;2025-04-03 01:00:00;DK1;Solar;0,000000;0,042083;0,000000;0,012083;0,042083;2025-04-02 22:58:52;2025-04-03 00:58:52
2025-04-03 00:00:00;2025-04-03 02:00:00;DK1;Solar;0,000000;0,037500;0,000000;0,011250;0,037500;2025-04-02 23:58:52;2025-04-03 01:58:52
2025-04-03 01:00:00;2025-04-03 03:00:00;DK1;Solar;0,009583;0,031667;0,000000;0,012917;0,031667;2025-04-03 00:58:52;2025-04-03 02:58:52
2025-04-03 02:00:00;2025-04-03 04:00:00;DK1;Solar;0,000417;0,090417;0,000000;0,008333;0,090417;2025-04-03 01:58:52;2025-04-03 03:58:52
2025-04-03 03:00:00;2025-04-03 05:00:00;DK1;Solar;0,007917;0,075833;0,006667;0,032917;0,075833;2025-04-03 02:59:12;2025-04-03 04:59:12
2025-04-03 04:00:00;2025-04-03 06:00:00;DK1;Solar;1,361250;1,411667;1,358750;1,372500;1,411667;2025-04-03 03:59:12;2025-04-03 05:59:12
2025-04-03 05:00:00;2025-04-03 07:00:00;DK1;Solar;90,270416;93,123337;92,135834;92,131668;93,123337;2025-04-03 04:59:12;2025-04-03 06:59:12
2025-04-03 06:00:00;2025-04-03 08:00:00;DK1;Solar;425,968323;446,370422;436,493744;436,055847;446,370422;2025-04-03 05:59:12;2025-04-03 07:59:12
2025-04-03 07:00:00;2025-04-03 09:00:00;DK1;Solar;784,837891;803,547913;801,919556;803,547913;910,002930;2025-04-03 06:59:12;2025-04-03 08:59:12
2025-04-03 08:00:00;2025-04-03 10:00:00;DK1;Solar;1086,395386;1104,723755;1106,061646;1133,969116;1340,164185;2025-04-03 07:59:12;2025-04-03 09:59:12
2025-04-03 09:00:00;2025-04-03 11:00:00;DK1;Solar;1085,627075;1070,224976;1071,158325;1142,573730;1371,413330;2025-04-03 08:59:12;2025-04-03 10:59:12
2025-04-03 10:00:00;2025-04-03 12:00:00;DK1;Solar;991,325012;975,720825;975,720825;1063,569214;1212,269531;2025-04-03 09:59:12;2025-04-03 11:59:12
2025-04-03 11:00:00;2025-04-03 13:00:00;DK1;Solar;785,782471;783,366638;783,366638;841,372925;1189,411621;2025-04-03 10:59:12;2025-04-03 12:59:12
2025-04-03 12:00:00;2025-04-03 14:00:00;DK1;Solar;780,347473;777,185852;777,923767;888,096252;1125,367554;2025-04-03 11:59:16;2025-04-03 13:59:16
2025-04-03 13:00:00;2025-04-03 15:00:00;DK1;Solar;993,330811;979,152893;989,317505;906,042480;1039,565796;2025-04-03 12:59:14;2025-04-03 14:59:14
2025-04-03 14:00:00;2025-04-03 16:00:00;DK1;Solar;958,391663;976,922913;977,052063;883,574585;1310,756226;2025-04-03 13:59:12;2025-04-03 15:59:12
2025-04-03 15:00:00;2025-04-03 17:00:00;DK1;Solar;634,070007;647,708313;630,496277;724,124146;975,271667;2025-04-03 14:59:12;2025-04-03 16:59:12
2025-04-03 16:00:00;2025-04-03 18:00:00;DK1;Solar;314,497925;321,967499;312,166260;402,292511;546,009583;2025-04-03 15:59:12;2025-04-03 17:59:12
2025-04-03 17:00:00;2025-04-03 19:00:00;DK1;Solar;57,747501;58,731667;51,366249;117,027496;119,639580;2025-04-03 16:59:12;2025-04-03 18:59:12
2025-04-03 18:00:00;2025-04-03 20:00:00;DK1;Solar;1,390000;1,370417;1,366667;17,273750;12,765417;2025-04-03 17:59:12;2025-04-03 19:59:12
2025-04-03 19:00:00;2025-04-03 21:00:00;DK1;Solar;0,010000;0,008333;0,005000;2,975833;1,199167;2025-04-03 18:59:12;2025-04-03 20:59:12
2025-04-03 20:00:00;2025-04-03 22:00:00;DK1;Solar;0,007917;0,010000;0,009583;0,312083;0,922917;2025-04-03 19:59:12;2025-04-03 21:59:12
2025-04-03 21:00:00;2025-04-03 23:00:00;DK1;Solar;0,000000;0,000417;0,000000;0,240833;0,000000;2025-04-03 20:59:12;2025-04-03 22:59:12
2025-04-03 22:00:00;2025-04-04 00:00:00;DK1;Solar;0,000000;0,000000;0,000000;0,000000;0,000000;2025-04-03 21:59:12;2025-04-03 23:59:12
2025-04-03 23:00:00;2025-04-04 01:00:00;DK1;Solar;0,000000;0,000000;0,000000;0,000000;0,000000;2025-04-03 22:59:12;2025-04-04 00:59:12
2025-04-04 00:00:00;2025-04-04 02:00:00;DK1;Solar;0,000000;0,000000;0,000000;0,000000;0,000000;2025-04-03 23:59:12;2025-04-04 01:59:12
2025-04-04 01:00:00;2025-04-04 03:00:00;DK1;Solar;0,000000;0,000000;0,000000;0,005833;0,000000;2025-04-04 00:59:12;2025-04-04 02:59:12
2025-04-04 02:00:00;2025-04-04 04:00:00;DK1;Solar;0,008333;0,149583;0,000000;0,000000;0,149583;2025-04-04 01:59:12;2025-04-04 03:59:12
2025-04-04 03:00:00;2025-04-04 05:00:00;DK1;Solar;0,013333;0,040000;0,012500;0,053750;0,040000;2025-04-04 02:59:08;2025-04-04 04:59:08
2025-04-04 04:00:00;2025-04-04 06:00:00;DK1;Solar;1,652917;1,772083;1,628750;1,635833;1,772083;2025-04-04 03:59:08;2025-04-04 05:59:08
2025-04-04 05:00:00;2025-04-04 07:00:00;DK1;Solar;104,346664;103,133331;103,437500;103,202080;103,133331;2025-04-04 04:59:08;2025-04-04 06:59:08
2025-04-04 06:00:00;2025-04-04 08:00:00;DK1;Solar;450,459595;438,414154;446,822510;444,038757;438,414154;2025-04-04 05:59:08;2025-04-04 07:59:08
2025-04-04 07:00:00;2025-04-04 09:00:00;DK1;Solar;808,869995;799,902100;801,645813;799,902100;862,493774;2025-04-04 06:59:08;2025-04-04 08:59:08
2025-04-04 08:00:00;2025-04-04 10:00:00;DK1;Solar;1111,947144;1094,657471;1101,989136;1109,914185;1267,849976;2025-04-04 07:59:08;2025-04-04 09:59:08
2025-04-04 09:00:00;2025-04-04 11:00:00;DK1;Solar;1292,954590;1274,704956;1286,269531;1316,630859;1529,168701;2025-04-04 08:59:08;2025-04-04 10:59:08
2025-04-04 10:00:00;2025-04-04 12:00:00;DK1;Solar;1180,025879;1176,206665;1176,206665;1225,767090;1516,038696;2025-04-04 09:59:08;2025-04-04 11:59:08
2025-04-04 11:00:00;2025-04-04 13:00:00;DK1;Solar;940,176270;939,549561;939,549561;1014,320862;1278,064941;2025-04-04 10:59:08;2025-04-04 12:59:08
2025-04-04 12:00:00;2025-04-04 14:00:00;DK1;Solar;926,997925;920,294556;908,929993;1005,159607;1208,719116;2025-04-04 11:59:14;2025-04-04 13:59:14
2025-04-04 13:00:00;2025-04-04 15:00:00;DK1;Solar;1076,230469;1051,264526;1041,333740;1124,389160;1376,381714;2025-04-04 12:59:11;2025-04-04 14:59:11
2025-04-04 14:00:00;2025-04-04 16:00:00;DK1;Solar;992,312073;963,498779;959,891663;1020,205444;1249,052124;2025-04-04 13:59:08;2025-04-04 15:59:08
2025-04-04 15:00:00;2025-04-04 17:00:00;DK1;Solar;661,913757;638,774597;636,963745;696,622070;971,729553;2025-04-04 14:59:08;2025-04-04 16:59:08
2025-04-04 16:00:00;2025-04-04 18:00:00;DK1;Solar;333,334167;329,307922;317,670837;410,275421;549,981689;2025-04-04 15:59:08;2025-04-04 17:59:08
2025-04-04 17:00:00;2025-04-04 19:00:00;DK1;Solar;66,064583;66,503334;64,163330;123,808746;129,583328;2025-04-04 16:59:08;2025-04-04 18:59:08
2025-04-04 18:00:00;2025-04-04 20:00:00;DK1;Solar;1,601667;1,616250;1,593333;18,266666;12,658750;2025-04-04 17:59:08;2025-04-04 19:59:08
2025-04-04 19:00:00;2025-04-04 21:00:00;DK1;Solar;0,020000;0,002917;0,010000;2,895833;1,844583;2025-04-04 18:59:08;2025-04-04 20:59:08
2025-04-04 20:00:00;2025-04-04 22:00:00;DK1;Solar;0,020000;0,009583;0,006667;0,481250;1,120000;2025-04-04 19:59:08;2025-04-04 21:59:08
2025-04-04 21:00:00;2025-04-04 23:00:00;DK1;Solar;0,017083;0,009583;0,007917;0,291667;2,042917;2025-04-04 20:59:08;2025-04-04 22:59:08
2025-04-04 22:00:00;2025-04-05 00:00:00;DK1;Solar;0,000000;1,723750;0,000000;0,532500;1,723750;2025-04-04 21:59:08;2025-04-04 23:59:08
2025-04-04 23:00:00;2025-04-05 01:00:00;DK1;Solar;0,000000;2,210000;0,000000;0,450833;2,210000;2025-04-04 22:59:08;2025-04-05 00:59:08
2025-04-05 00:00:00;2025-04-05 02:00:00;DK1;Solar;0,007917;2,404583;0,000000;0,577500;2,404583;2025-04-04 23:59:08;2025-04-05 01:59:08
2025-04-05 01:00:00;2025-04-05 03:00:00;DK1;Solar;0,009583;2,002500;0,000000;0,625000;2,002500;2025-04-05 00:59:08;2025-04-05 02:59:08
2025-04-05 02:00:00;2025-04-05 04:00:00;DK1;Solar;0,000000;1,746250;0,003333;0,528333;1,746250;2025-04-05 01:59:10;2025-04-05 03:59:10
2025-04-05 03:00:00;2025-04-05 05:00:00;DK1;Solar;0,022917;2,424167;0,022917;0,482917;2,424167;2025-04-05 02:58:49;2025-04-05 04:58:49
2025-04-05 04:00:00;2025-04-05 06:00:00;DK1;Solar;2,069583;3,301667;2,068750;2,707083;3,301667;2025-04-05 03:58:49;2025-04-05 05:58:49
2025-04-05 05:00:00;2025-04-05 07:00:00;DK1;Solar;115,380836;115,982498;114,311249;115,463753;115,982498;2025-04-05 04:58:49;2025-04-05 06:58:49
2025-04-05 06:00:00;2025-04-05 08:00:00;DK1;Solar;443,282928;417,813751;443,502502;432,778748;417,813751;2025-04-05 05:58:50;2025-04-05 07:58:50
2025-04-05 07:00:00;2025-04-05 09:00:00;DK1;Solar;769,112488;770,623779;786,652527;770,623779;879,952942;2025-04-05 06:58:50;2025-04-05 08:58:50
2025-04-05 08:00:00;2025-04-05 10:00:00;DK1;Solar;991,090393;1002,987915;1006,365417;1001,313721;1096,908691;2025-04-05 07:58:49;2025-04-05 09:58:49
2025-04-05 09:00:00;2025-04-05 11:00:00;DK1;Solar;761,029602;762,569153;763,989197;771,199158;985,750000;2025-04-05 08:58:49;2025-04-05 10:58:49
2025-04-05 10:00:00;2025-04-05 12:00:00;DK1;Solar;698,212891;695,624573;695,624573;738,095825;994,753357;2025-04-05 09:58:49;2025-04-05 11:58:49
2025-04-05 11:00:00;2025-04-05 13:00:00;DK1;Solar;744,253357;741,882935;741,882935;805,449158;972,254578;2025-04-05 10:58:49;2025-04-05 12:58:49
2025-04-05 12:00:00;2025-04-05 14:00:00;DK1;Solar;723,450439;722,203735;703,227905;767,499573;912,381226;2025-04-05 11:58:50;2025-04-05 13:58:50
2025-04-05 13:00:00;2025-04-05 15:00:00;DK1;Solar;629,135437;629,151672;610,304138;641,162903;860,192078;2025-04-05 12:58:51;2025-04-05 14:58:51
2025-04-05 14:00:00;2025-04-05 16:00:00;DK1;Solar;545,094604;545,480408;528,530029;597,138306;815,843750;2025-04-05 13:58:50;2025-04-05 15:58:50
2025-04-05 15:00:00;2025-04-05 17:00:00;DK1;Solar;581,342529;582,159973;535,506226;557,600403;775,005859;2025-04-05 14:58:49;2025-04-05 16:58:49
2025-04-05 16:00:00;2025-04-05 18:00:00;DK1;Solar;344,533752;345,763336;295,987488;371,463348;544,669983;2025-04-05 15:58:49;2025-04-05 17:58:49
2025-04-05 17:00:00;2025-04-05 19:00:00;DK1;Solar;72,294167;72,618752;63,598751;128,438751;150,178329;2025-04-05 16:58:50;2025-04-05 18:58:50
2025-04-05 18:00:00;2025-04-05 20:00:00;DK1;Solar;1,777500;1,771667;1,768750;22,151667;15,262917;2025-04-05 17:58:50;2025-04-05 19:58:50
2025-04-05 19:00:00;2025-04-05 21:00:00;DK1;Solar;0,023333;0,005833;0,012500;3,529167;1,658750;2025-04-05 18:58:49;2025-04-05 20:58:49
2025-04-05 20:00:00;2025-04-05 22:00:00;DK1;Solar;0,020000;0,000000;0,007917;0,433333;1,705833;2025-04-05 19:58:50;2025-04-05 21:58:50
2025-04-05 21:00:00;2025-04-05 23:00:00;DK1;Solar;0,018750;0,009167;0,000000;0,447083;0,707917;2025-04-05 20:58:50;2025-04-05 22:58:50
2025-04-05 22:00:00;2025-04-06 00:00:00;DK1;Solar;0,000000;0,184583;0,000000;0,183333;0,184583;2025-04-05 21:58:50;2025-04-05 23:58:50
2025-04-05 23:00:00;2025-04-06 01:00:00;DK1;Solar;0,000000;0,000000;0,000000;0,047083;0,000000;2025-04-05 22:58:49;2025-04-06 00:58:49
2025-04-06 00:00:00;2025-04-06 02:00:00;DK1;Solar;0,000000;0,610000;0,000000;0,000000;0,610000;2025-04-05 23:58:50;2025-04-06 01:58:50
2025-04-06 01:00:00;2025-04-06 03:00:00;DK1;Solar;0,006250;0,794583;0,000000;0,161667;0,794583;2025-04-06 00:58:49;2025-04-06 02:58:49
2025-04-06 02:00:00;2025-04-06 04:00:00;DK1;Solar;0,008750;0,188333;0,000000;0,208333;0,188333;2025-04-06 01:58:49;2025-04-06 03:58:49
2025-04-06 03:00:00;2025-04-06 05:00:00;DK1;Solar;0,032917;0,036250;0,035833;0,086250;0,036250;2025-04-06 02:58:39;2025-04-06 04:58:39
2025-04-06 04:00:00;2025-04-06 06:00:00;DK1;Solar;2,419167;2,333333;2,401667;2,396250;2,333333;2025-04-06 03:58:39;2025-04-06 05:58:39
2025-04-06 05:00:00;2025-04-06 07:00:00;DK1;Solar;112,512497;130,893326;129,680832;128,546661;130,893326;2025-04-06 04:58:38;2025-04-06 06:58:38
2025-04-06 06:00:00;2025-04-06 08:00:00;DK1;Solar;411,535431;483,934174;481,286652;480,700836;483,934174;2025-04-06 05:58:38;2025-04-06 07:58:38
2025-04-06 07:00:00;2025-04-06 09:00:00;DK1;Solar;656,659607;760,827515;756,932922;760,827515;870,277527;2025-04-06 06:58:38;2025-04-06 08:58:38
2025-04-06 08:00:00;2025-04-06 10:00:00;DK1;Solar;832,467529;871,064575;866,719971;900,250854;1129,004639;2025-04-06 07:58:39;2025-04-06 09:58:39
2025-04-06 09:00:00;2025-04-06 11:00:00;DK1;Solar;693,351257;674,437500;669,684570;755,780396;1026,035889;2025-04-06 08:58:39;2025-04-06 10:58:39
2025-04-06 10:00:00;2025-04-06 12:00:00;DK1;Solar;758,400818;743,827515;743,827515;849,276245;1213,600830;2025-04-06 09:58:39;2025-04-06 11:58:39
2025-04-06 11:00:00;2025-04-06 13:00:00;DK1;Solar;763,534973;752,098328;752,098328;873,926270;1175,225830;2025-04-06 10:58:39;2025-04-06 12:58:39
2025-04-06 12:00:00;2025-04-06 14:00:00;DK1;Solar;659,579590;667,173340;668,584595;753,807068;926,715820;2025-04-06 11:58:41;2025-04-06 13:58:41
2025-04-06 13:00:00;2025-04-06 15:00:00;DK1;Solar;592,516235;602,006226;619,148315;671,355835;812,569153;2025-04-06 12:59:06;2025-04-06 14:59:06
2025-04-06 14:00:00;2025-04-06 16:00:00;DK1;Solar;482,996674;499,852905;515,844177;549,327942;655,102112;2025-04-06 13:58:39;2025-04-06 15:58:39
2025-04-06 15:00:00;2025-04-06 17:00:00;DK1;Solar;516,640808;596,305420;545,123779;557,102478;697,753723;2025-04-06 14:58:39;2025-04-06 16:58:39
2025-04-06 16:00:00;2025-04-06 18:00:00;DK1;Solar;294,561249;342,412079;295,077515;342,744598;575,247925;2025-04-06 15:58:38;2025-04-06 17:58:38
2025-04-06 17:00:00;2025-04-06 19:00:00;DK1;Solar;66,615837;75,660835;66,988335;139,615829;148,856247;2025-04-06 16:58:39;2025-04-06 18:58:39
2025-04-06 18:00:00;2025-04-06 20:00:00;DK1;Solar;1,926250;1,890833;1,900833;20,826666;14,745417;2025-04-06 17:58:38;2025-04-06 19:58:38
2025-04-06 19:00:00;2025-04-06 21:00:00;DK1;Solar;0,028333;0,010000;0,015417;3,361250;0,547500;2025-04-06 18:58:39;2025-04-06 20:58:39
2025-04-06 20:00:00;2025-04-06 22:00:00;DK1;Solar;0,010417;0,000000;0,010000;0,143333;1,440000;2025-04-06 19:58:39;2025-04-06 21:58:39
2025-04-06 21:00:00;2025-04-06 23:00:00;DK1;Solar;0,010000;0,005833;0,010000;0,375000;1,382500;2025-04-06 20:58:39;2025-04-06 22:58:39
2025-04-06 22:00:00;2025-04-07 00:00:00;DK1;Solar;0,003750;1,504583;0,002917;0,360000;1,504583;2025-04-06 21:58:39;2025-04-06 23:58:39
2025-04-06 23:00:00;2025-04-07 01:00:00;DK1;Solar;0,000000;1,687500;0,000000;0,394167;1,687500;2025-04-06 22:58:39;2025-04-07 00:58:39
2025-04-07 00:00:00;2025-04-07 02:00:00;DK1;Solar;0,000000;1,402917;0,000000;0,440000;1,402917;2025-04-06 23:58:39;2025-04-07 01:58:39
2025-04-07 01:00:00;2025-04-07 03:00:00;DK1;Solar;0,000000;1,257500;0,000000;0,365833;1,257500;2025-04-07 00:58:39;2025-04-07 02:58:39
2025-04-07 02:00:00;2025-04-07 04:00:00;DK1;Solar;0,000000;0,935417;0,000000;0,329583;0,935417;2025-04-07 01:58:38;2025-04-07 03:58:38
2025-04-07 03:00:00;2025-04-07 05:00:00;DK1;Solar;0,047500;1,128750;0,045833;0,289583;1,128750;2025-04-07 02:58:49;2025-04-07 04:58:49
2025-04-07 04:00:00;2025-04-07 06:00:00;DK1;Solar;2,907083;3,486667;2,690833;3,001667;3,486667;2025-04-07 03:58:49;2025-04-07 05:58:49
2025-04-07 05:00:00;2025-04-07 07:00:00;DK1;Solar;118,260834;124,953331;125,138336;126,057083;124,953331;2025-04-07 04:58:49;2025-04-07 06:58:49
2025-04-07 06:00:00;2025-04-07 08:00:00;DK1;Solar;397,254181;411,563751;432,054993;437,702515;411,563751;2025-04-07 05:58:49;2025-04-07 07:58:49
2025-04-07 07:00:00;2025-04-07 09:00:00;DK1;Solar;671,434570;742,454163;750,084595;742,454163;720,674194;2025-04-07 06:58:49;2025-04-07 08:58:49
2025-04-07 08:00:00;2025-04-07 10:00:00;DK1;Solar;933,118774;1048,239136;1041,632080;1056,673340;1021,559143;2025-04-07 07:58:49;2025-04-07 09:58:49
2025-04-07 09:00:00;2025-04-07 11:00:00;DK1;Solar;1108,919189;1268,399170;1267,902466;1262,464600;1295,327515;2025-04-07 08:58:49;2025-04-07 10:58:49
2025-04-07 10:00:00;2025-04-07 12:00:00;DK1;Solar;1199,308716;1386,516724;1386,516724;1391,352905;1543,189941;2025-04-07 09:58:49;2025-04-07 11:58:49
2025-04-07 11:00:00;2025-04-07 13:00:00;DK1;Solar;1203,097534;1399,216309;1399,216309;1441,373779;1540,919556;2025-04-07 10:58:49;2025-04-07 12:58:49
2025-04-07 12:00:00;2025-04-07 14:00:00;DK1;Solar;1170,447876;1365,544189;1366,182129;1424,851685;1522,746216;2025-04-07 11:58:50;2025-04-07 13:58:50
2025-04-07 13:00:00;2025-04-07 15:00:00;DK1;Solar;1058,295410;1243,287109;1252,866699;1268,157104;1419,632446;2025-04-07 12:58:52;2025-04-07 14:58:52
2025-04-07 14:00:00;2025-04-07 16:00:00;DK1;Solar;823,099182;961,793335;977,226685;1023,021667;1293,212524;2025-04-07 13:58:51;2025-04-07 15:58:51
2025-04-07 15:00:00;2025-04-07 17:00:00;DK1;Solar;555,386230;636,432068;647,146667;727,252930;987,765442;2025-04-07 14:58:50;2025-04-07 16:58:50
2025-04-07 16:00:00;2025-04-07 18:00:00;DK1;Solar;290,548340;333,140839;332,748322;422,987488;568,259155;2025-04-07 15:58:50;2025-04-07 17:58:50
2025-04-07 17:00:00;2025-04-07 19:00:00;DK1;Solar;69,787498;77,894997;76,508331;139,059174;142,272079;2025-04-07 16:58:50;2025-04-07 18:58:50
2025-04-07 18:00:00;2025-04-07 20:00:00;DK1;Solar;2,097500;2,053333;2,040833;18,588751;17,480417;2025-04-07 17:58:50;2025-04-07 19:58:50
2025-04-07 19:00:00;2025-04-07 21:00:00;DK1;Solar;0,020833;0,013750;0,021667;4,044167;0,349167;2025-04-07 18:58:24;2025-04-07 20:58:24
2025-04-07 20:00:00;2025-04-07 22:00:00;DK1;Solar;0,010000;0,000000;0,010000;0,091250;0,000000;2025-04-07 19:58:24;2025-04-07 21:58:24
2025-04-07 21:00:00;2025-04-07 23:00:00;DK1;Solar;0,010000;0,000000;0,001250;0,000000;0,557500;2025-04-07 20:58:24;2025-04-07 22:58:24
2025-04-07 22:00:00;2025-04-08 00:00:00;DK1;Solar;0,000000;0,972917;0,000000;0,143750;0,972917;2025-04-07 21:58:24;2025-04-07 23:58:24
2025-04-07 23:00:00;2025-04-08 01:00:00;DK1;Solar;0,000000;0,853750;0,000000;0,252917;0,853750;2025-04-07 22:58:24;2025-04-08 00:58:24
2025-04-08 00:00:00;2025-04-08 02:00:00;DK1;Solar;0,000000;0,570833;0,000000;0,225000;0,570833;2025-04-07 23:58:24;2025-04-08 01:58:24
2025-04-08 01:00:00;2025-04-08 03:00:00;DK1;Solar;0,000000;0,220000;0,000417;0,149167;0,220000;2025-04-08 00:58:24;2025-04-08 02:58:24
2025-04-08 02:00:00;2025-04-08 04:00:00;DK1;Solar;0,005833;0,707917;0,009583;0,061667;0,707917;2025-04-08 01:58:24;2025-04-08 03:58:24
2025-04-08 03:00:00;2025-04-08 05:00:00;DK1;Solar;0,056667;0,195417;0,058333;0,246667;0,195417;2025-04-08 02:58:36;2025-04-08 04:58:36
2025-04-08 04:00:00;2025-04-08 06:00:00;DK1;Solar;3,052917;3,690000;3,147083;3,305000;3,690000;2025-04-08 03:58:37;2025-04-08 05:58:37
2025-04-08 05:00:00;2025-04-08 07:00:00;DK1;Solar;136,134583;153,319168;142,166672;147,051666;153,319168;2025-04-08 04:58:37;2025-04-08 06:58:37
2025-04-08 06:00:00;2025-04-08 08:00:00;DK1;Solar;458,585846;493,741241;472,198334;489,154999;493,741241;2025-04-08 05:58:37;2025-04-08 07:58:37
2025-04-08 07:00:00;2025-04-08 09:00:00;DK1;Solar;796,199158;841,918762;847,287109;841,918762;943,358337;2025-04-08 06:58:37;2025-04-08 08:58:37
2025-04-08 08:00:00;2025-04-08 10:00:00;DK1;Solar;1098,316284;1141,800415;1152,761230;1168,641724;1136,162476;2025-04-08 07:58:37;2025-04-08 09:58:37
2025-04-08 09:00:00;2025-04-08 11:00:00;DK1;Solar;1285,186279;1328,265869;1331,277466;1316,986694;1558,872925;2025-04-08 08:58:37;2025-04-08 10:58:37
2025-04-08 10:00:00;2025-04-08 12:00:00;DK1;Solar;1334,135376;1358,037109;1358,037109;1395,805420;1749,358276;2025-04-08 09:58:37;2025-04-08 11:58:37
2025-04-08 11:00:00;2025-04-08 13:00:00;DK1;Solar;1291,660034;1284,513306;1284,513306;1366,665039;1542,941650;2025-04-08 10:58:37;2025-04-08 12:58:37
2025-04-08 12:00:00;2025-04-08 14:00:00;DK1;Solar;1169,782471;1184,217041;1184,217041;1273,845459;1516,000000;2025-04-08 11:58:39;2025-04-08 13:58:39
2025-04-08 13:00:00;2025-04-08 15:00:00;DK1;Solar;983,115417;1035,442139;1007,910400;1165,223755;1570,986206;2025-04-08 12:58:39;2025-04-08 14:58:39
2025-04-08 14:00:00;2025-04-08 16:00:00;DK1;Solar;778,140442;802,492920;778,580811;977,283325;1217,832886;2025-04-08 13:58:37;2025-04-08 15:58:37
2025-04-08 15:00:00;2025-04-08 17:00:00;DK1;Solar;534,623352;566,660828;557,229553;673,379578;888,877075;2025-04-08 14:58:37;2025-04-08 16:58:37
2025-04-08 16:00:00;2025-04-08 18:00:00;DK1;Solar;287,084991;304,706665;301,779999;388,647491;568,060852;2025-04-08 15:58:37;2025-04-08 17:58:37
2025-04-08 17:00:00;2025-04-08 19:00:00;DK1;Solar;73,925003;77,755417;76,896248;146,551666;168,160828;2025-04-08 16:58:37;2025-04-08 18:58:37
2025-04-08 18:00:00;2025-04-08 20:00:00;DK1;Solar;2,131667;2,234167;2,252500;25,279167;16,049999;2025-04-08 17:58:37;2025-04-08 19:58:37
2025-04-08 19:00:00;2025-04-08 21:00:00;DK1;Solar;0,037500;0,039167;0,029583;3,602917;2,582083;2025-04-08 18:58:39;2025-04-08 20:58:39
2025-04-08 20:00:00;2025-04-08 22:00:00;DK1;Solar;0,009583;0,010000;0,000417;0,666667;0,000000;2025-04-08 19:58:37;2025-04-08 21:58:37
2025-04-08 21:00:00;2025-04-08 23:00:00;DK1;Solar;0,000000;0,008750;0,000000;0,000000;0,467083;2025-04-08 20:58:37;2025-04-08 22:58:37
2025-04-08 22:00:00;2025-04-09 00:00:00;DK1;Solar;0,000000;0,697500;0,000000;0,122917;0,697500;2025-04-08 21:58:37;2025-04-08 23:58:37
2025-04-08 23:00:00;2025-04-09 01:00:00;DK1;Solar;0,000000;0,228750;0,000000;0,180833;0,228750;2025-04-08 22:58:37;2025-04-09 00:58:37
2025-04-09 00:00:00;2025-04-09 02:00:00;DK1;Solar;0,000000;1,161250;0,000000;0,060833;1,161250;2025-04-08 23:58:37;2025-04-09 01:58:37
2025-04-09 01:00:00;2025-04-09 03:00:00;DK1;Solar;0,008333;2,390000;0,006250;0,308333;2,390000;2025-04-09 00:58:38;2025-04-09 02:58:38
2025-04-09 02:00:00;2025-04-09 04:00:00;DK1;Solar;0,000000;2,823750;0,008750;0,624583;2,823750;2025-04-09 01:58:38;2025-04-09 03:58:38
2025-04-09 03:00:00;2025-04-09 05:00:00;DK1;Solar;0,072500;1,541250;0,076667;0,810000;1,541250;2025-04-09 02:58:46;2025-04-09 04:58:46
2025-04-09 04:00:00;2025-04-09 06:00:00;DK1;Solar;3,521250;4,361250;3,535833;3,934583;4,361250;2025-04-09 03:58:46;2025-04-09 05:58:46
2025-04-09 05:00:00;2025-04-09 07:00:00;DK1;Solar;131,702087;130,160828;130,793335;133,322083;130,160828;2025-04-09 04:58:46;2025-04-09 06:58:46
2025-04-09 06:00:00;2025-04-09 08:00:00;DK1;Solar;419,692902;351,697510;413,494171;406,526672;351,697510;2025-04-09 05:58:47;2025-04-09 07:58:47
2025-04-09 07:00:00;2025-04-09 09:00:00;DK1;Solar;722,733765;708,723328;724,212524;708,723328;691,844971;2025-04-09 06:13:47;2025-04-09 08:13:47
2025-04-09 08:00:00;2025-04-09 10:00:00;DK1;Solar;1020,770813;1035,791260;1022,784973;;1035,588379;2025-04-09 06:13:47;2025-04-09 08:13:47
2025-04-09 09:00:00;2025-04-09 11:00:00;DK1;Solar;1224,786255;1257,560059;1233,277466;;1257,560059;2025-04-09 06:13:47;2025-04-09 08:13:47
2025-04-09 10:00:00;2025-04-09 12:00:00;DK1;Solar;1330,052856;1362,492065;1335,495850;;1362,492065;2025-04-09 06:13:47;2025-04-09 08:13:47
2025-04-09 11:00:00;2025-04-09 13:00:00;DK1;Solar;1360,905029;1401,962036;1401,962036;;1401,962036;2025-04-09 06:13:47;2025-04-09 08:13:47
2025-04-09 12:00:00;2025-04-09 14:00:00;DK1;Solar;1338,720825;1374,267944;;;1374,267944;2025-04-09 06:13:47;2025-04-09 08:13:47
2025-04-09 13:00:00;2025-04-09 15:00:00;DK1;Solar;1219,982056;1252,146240;;;1252,146240;2025-04-09 06:13:47;2025-04-09 08:13:47
2025-04-09 14:00:00;2025-04-09 16:00:00;DK1;Solar;971,564575;991,005432;;;991,005432;2025-04-09 06:13:47;2025-04-09 08:13:47
2025-04-09 15:00:00;2025-04-09 17:00:00;DK1;Solar;664,810852;664,086670;;;664,086670;2025-04-09 06:13:47;2025-04-09 08:13:47
2025-04-09 16:00:00;2025-04-09 18:00:00;DK1;Solar;352,730835;345,201263;;;345,201263;2025-04-09 06:13:47;2025-04-09 08:13:47
2025-04-09 17:00:00;2025-04-09 19:00:00;DK1;Solar;90,527084;88,999580;;;88,999580;2025-04-09 06:13:47;2025-04-09 08:13:47
2025-04-09 18:00:00;2025-04-09 20:00:00;DK1;Solar;2,598333;2,607083;;;2,607083;2025-04-09 06:13:47;2025-04-09 08:13:47
2025-04-09 19:00:00;2025-04-09 21:00:00;DK1;Solar;0,057083;0,045833;;;0,045833;2025-04-09 06:13:47;2025-04-09 08:13:47
2025-04-09 20:00:00;2025-04-09 22:00:00;DK1;Solar;0,020000;0,002917;;;0,002917;2025-04-09 06:13:47;2025-04-09 08:13:47
2025-04-09 21:00:00;2025-04-09 23:00:00;DK1;Solar;0,013750;0,000000;;;0,000000;2025-04-09 06:13:47;2025-04-09 08:13:47
2025-04-10 08:00:00;2025-04-10 10:00:00;DK1;Solar;;;;;1132,184570;2025-04-10 07:58:33;2025-04-10 09:58:33
2025-04-10 09:00:00;2025-04-10 11:00:00;DK1;Solar;;;;1357,559204;1449,165405;2025-04-10 08:58:33;2025-04-10 10:58:33
2025-04-10 10:00:00;2025-04-10 12:00:00;DK1;Solar;;;;1439,617065;1467,061646;2025-04-10 09:58:34;2025-04-10 11:58:34
2025-04-10 11:00:00;2025-04-10 13:00:00;DK1;Solar;;;;1420,811646;1484,778809;2025-04-10 10:58:34;2025-04-10 12:58:34
2025-04-10 12:00:00;2025-04-10 14:00:00;DK1;Solar;;;;1331,302490;1352,104980;2025-04-10 11:58:37;2025-04-10 13:58:37
2025-04-10 13:00:00;2025-04-10 15:00:00;DK1;Solar;;;1182,022949;1188,742920;1372,061646;2025-04-10 12:58:36;2025-04-10 14:58:36
2025-04-10 14:00:00;2025-04-10 16:00:00;DK1;Solar;;;980,192932;1025,142090;1196,479126;2025-04-10 13:58:33;2025-04-10 15:58:33
2025-04-10 15:00:00;2025-04-10 17:00:00;DK1;Solar;;;623,545837;632,560852;796,547058;2025-04-10 14:58:33;2025-04-10 16:58:33
2025-04-10 16:00:00;2025-04-10 18:00:00;DK1;Solar;;;288,962097;336,776245;345,442078;2025-04-10 15:58:33;2025-04-10 17:58:33
2025-04-10 17:00:00;2025-04-10 19:00:00;DK1;Solar;;;68,193748;87,385414;50,504166;2025-04-10 16:58:33;2025-04-10 18:58:33
2025-04-10 18:00:00;2025-04-10 20:00:00;DK1;Solar;;;2,167917;0,048750;7,522083;2025-04-10 17:58:33;2025-04-10 19:58:33
2025-04-10 19:00:00;2025-04-10 21:00:00;DK1;Solar;;;0,033750;1,440000;7,165417;2025-04-10 18:58:33;2025-04-10 20:58:33
2025-04-10 20:00:00;2025-04-10 22:00:00;DK1;Solar;;;0,000000;1,858333;6,240000;2025-04-10 19:58:33;2025-04-10 21:58:33
2025-04-10 21:00:00;2025-04-10 23:00:00;DK1;Solar;;;0,000000;1,625000;6,272083;2025-04-10 20:58:33;2025-04-10 22:58:33
2025-04-10 22:00:00;2025-04-11 00:00:00;DK1;Solar;0,000000;7,282500;0,000000;1,635000;7,282500;2025-04-10 21:58:33;2025-04-10 23:58:33
2025-04-10 23:00:00;2025-04-11 01:00:00;DK1;Solar;0,000000;6,670000;0,000000;1,897917;6,670000;2025-04-10 22:58:34;2025-04-11 00:58:34
2025-04-11 00:00:00;2025-04-11 02:00:00;DK1;Solar;0,000000;6,948333;0,000000;1,738750;6,948333;2025-04-10 23:58:33;2025-04-11 01:58:33
2025-04-11 01:00:00;2025-04-11 03:00:00;DK1;Solar;0,006250;6,429167;0,007083;1,815000;6,429167;2025-04-11 00:58:33;2025-04-11 02:58:33
2025-04-11 02:00:00;2025-04-11 04:00:00;DK1;Solar;0,007917;7,423750;0,007917;1,674167;7,423750;2025-04-11 01:58:33;2025-04-11 03:58:33
2025-04-11 03:00:00;2025-04-11 05:00:00;DK1;Solar;0,085833;7,912500;0,083333;2,024583;7,912500;2025-04-11 02:59:06;2025-04-11 04:59:06
2025-04-11 04:00:00;2025-04-11 06:00:00;DK1;Solar;3,598333;11,325000;3,271667;5,766250;11,325000;2025-04-11 03:59:06;2025-04-11 05:59:06
2025-04-11 05:00:00;2025-04-11 07:00:00;DK1;Solar;96,012085;111,671669;89,016251;98,873749;111,671669;2025-04-11 04:59:06;2025-04-11 06:59:06
2025-04-11 06:00:00;2025-04-11 08:00:00;DK1;Solar;269,391663;245,097916;263,329987;276,946655;245,097916;2025-04-11 05:59:06;2025-04-11 07:59:06
2025-04-11 07:00:00;2025-04-11 09:00:00;DK1;Solar;476,011658;448,380829;456,434570;448,380829;424,479584;2025-04-11 06:59:06;2025-04-11 08:59:06
2025-04-11 08:00:00;2025-04-11 10:00:00;DK1;Solar;669,465820;631,497498;645,197510;623,452087;622,619568;2025-04-11 07:59:06;2025-04-11 09:59:06
2025-04-11 09:00:00;2025-04-11 11:00:00;DK1;Solar;737,453308;700,949585;734,153320;720,202942;731,617493;2025-04-11 08:59:08;2025-04-11 10:59:08
2025-04-11 10:00:00;2025-04-11 12:00:00;DK1;Solar;664,215393;632,974609;632,974609;640,044983;769,429993;2025-04-11 09:59:06;2025-04-11 11:59:06
2025-04-11 11:00:00;2025-04-11 13:00:00;DK1;Solar;555,349976;559,605835;559,605835;583,581665;670,296265;2025-04-11 10:59:05;2025-04-11 12:59:05
2025-04-11 12:00:00;2025-04-11 14:00:00;DK1;Solar;535,308777;543,400024;549,633362;578,518738;677,059570;2025-04-11 11:59:06;2025-04-11 13:59:06
2025-04-11 13:00:00;2025-04-11 15:00:00;DK1;Solar;680,372925;682,592529;694,136230;717,260803;766,968323;2025-04-11 12:59:10;2025-04-11 14:59:10
2025-04-11 14:00:00;2025-04-11 16:00:00;DK1;Solar;545,522095;553,313354;568,117493;592,520020;652,559998;2025-04-11 13:59:08;2025-04-11 15:59:08
2025-04-11 15:00:00;2025-04-11 17:00:00;DK1;Solar;404,596680;393,174164;412,430420;380,587097;438,210419;2025-04-11 14:59:06;2025-04-11 16:59:06
2025-04-11 16:00:00;2025-04-11 18:00:00;DK1;Solar;203,565826;190,003754;177,071243;197,733337;242,919998;2025-04-11 15:59:06;2025-04-11 17:59:06
2025-04-11 17:00:00;2025-04-11 19:00:00;DK1;Solar;56,446251;52,997917;48,867916;68,440414;59,381248;2025-04-11 16:59:05;2025-04-11 18:59:05
2025-04-11 18:00:00;2025-04-11 20:00:00;DK1;Solar;2,106250;2,058750;2,089167;3,047500;3,502500;2025-04-11 17:59:05;2025-04-11 19:59:05
2025-04-11 19:00:00;2025-04-11 21:00:00;DK1;Solar;0,037917;0,040000;0,046250;0,386250;3,611667;2025-04-11 18:59:06;2025-04-11 20:59:06
2025-04-11 20:00:00;2025-04-11 22:00:00;DK1;Solar;0,000000;0,009583;0,000000;0,931250;4,240833;2025-04-11 19:59:05;2025-04-11 21:59:05
2025-04-11 21:00:00;2025-04-11 23:00:00;DK1;Solar;0,000000;0,000417;0,000000;1,106250;5,090000;2025-04-11 20:59:06;2025-04-11 22:59:06
2025-04-11 22:00:00;2025-04-12 00:00:00;DK1;Solar;0,000000;4,949584;0,000000;1,325833;4,949584;2025-04-11 21:59:05;2025-04-11 23:59:05
2025-04-11 23:00:00;2025-04-12 01:00:00;DK1;Solar;0,000000;6,389583;0,000000;1,288750;6,389583;2025-04-11 22:59:05;2025-04-12 00:59:05
2025-04-12 00:00:00;2025-04-12 02:00:00;DK1;Solar;0,000000;4,297083;0,000000;1,666250;4,297083;2025-04-11 23:59:05;2025-04-12 01:59:05
2025-04-12 01:00:00;2025-04-12 03:00:00;DK1;Solar;0,005000;3,229167;0,000000;1,121250;3,229167;2025-04-12 00:59:05;2025-04-12 02:59:05
2025-04-12 02:00:00;2025-04-12 04:00:00;DK1;Solar;0,000000;3,817500;0,000000;0,840833;3,817500;2025-04-12 01:59:05;2025-04-12 03:59:05
2025-04-12 03:00:00;2025-04-12 05:00:00;DK1;Solar;0,120833;1,715000;0,112917;1,107083;1,715000;2025-04-12 02:58:37;2025-04-12 04:58:37
2025-04-12 04:00:00;2025-04-12 06:00:00;DK1;Solar;4,909584;5,700000;4,637500;5,166667;5,700000;2025-04-12 03:58:37;2025-04-12 05:58:37
2025-04-12 05:00:00;2025-04-12 07:00:00;DK1;Solar;124,408752;126,184166;121,119164;126,862503;126,184166;2025-04-12 04:58:37;2025-04-12 06:58:37
2025-04-12 06:00:00;2025-04-12 08:00:00;DK1;Solar;358,489990;286,304169;354,129578;348,987488;286,304169;2025-04-12 05:58:37;2025-04-12 07:58:37
2025-04-12 07:00:00;2025-04-12 09:00:00;DK1;Solar;633,917908;585,555420;608,582520;585,555420;482,107086;2025-04-12 06:58:37;2025-04-12 08:58:37
2025-04-12 08:00:00;2025-04-12 10:00:00;DK1;Solar;869,693359;842,125000;842,924561;810,956238;688,057495;2025-04-12 07:58:37;2025-04-12 09:58:37
2025-04-12 09:00:00;2025-04-12 11:00:00;DK1;Solar;918,576233;917,101685;917,421692;883,416687;785,685852;2025-04-12 08:58:37;2025-04-12 10:58:37
2025-04-12 10:00:00;2025-04-12 12:00:00;DK1;Solar;643,505005;617,584167;626,702087;599,969604;600,478333;2025-04-12 09:58:38;2025-04-12 11:58:38
2025-04-12 11:00:00;2025-04-12 13:00:00;DK1;Solar;646,377075;634,651672;634,651672;639,454590;810,367065;2025-04-12 10:58:37;2025-04-12 12:58:37
2025-04-12 12:00:00;2025-04-12 14:00:00;DK1;Solar;662,430847;642,395813;642,395813;689,385803;817,791687;2025-04-12 11:58:39;2025-04-12 13:58:39
2025-04-12 13:00:00;2025-04-12 15:00:00;DK1;Solar;640,725403;622,598755;632,549988;666,936646;822,679138;2025-04-12 12:58:38;2025-04-12 14:58:38
2025-04-12 14:00:00;2025-04-12 16:00:00;DK1;Solar;843,710815;830,779175;835,588318;822,268311;957,165833;2025-04-12 13:58:37;2025-04-12 15:58:37
2025-04-12 15:00:00;2025-04-12 17:00:00;DK1;Solar;699,489563;733,054993;737,413330;666,038330;879,072083;2025-04-12 14:58:37;2025-04-12 16:58:37
2025-04-12 16:00:00;2025-04-12 18:00:00;DK1;Solar;376,345428;394,639587;335,863342;404,164581;624,736267;2025-04-12 15:58:37;2025-04-12 17:58:37
2025-04-12 17:00:00;2025-04-12 19:00:00;DK1;Solar;109,153336;113,927086;98,052917;173,762497;189,134995;2025-04-12 16:58:37;2025-04-12 18:58:37
2025-04-12 18:00:00;2025-04-12 20:00:00;DK1;Solar;3,836250;3,779167;3,709583;23,323750;20,246250;2025-04-12 17:58:37;2025-04-12 19:58:37
2025-04-12 19:00:00;2025-04-12 21:00:00;DK1;Solar;0,086667;0,074583;0,074583;4,368750;0,006667;2025-04-12 18:58:37;2025-04-12 20:58:37
2025-04-12 20:00:00;2025-04-12 22:00:00;DK1;Solar;0,010000;0,000000;0,004167;0,000000;0,000000;2025-04-12 19:58:37;2025-04-12 21:58:37
2025-04-12 21:00:00;2025-04-12 23:00:00;DK1;Solar;0,001250;0,000000;0,000000;0,000000;0,286250;2025-04-12 20:58:37;2025-04-12 22:58:37
2025-04-12 22:00:00;2025-04-13 00:00:00;DK1;Solar;0,000000;3,139167;0,000000;0,075000;3,139167;2025-04-12 21:58:37;2025-04-12 23:58:37
2025-04-12 23:00:00;2025-04-13 01:00:00;DK1;Solar;0,000000;2,264583;0,000000;0,817500;2,264583;2025-04-12 22:58:37;2025-04-13 00:58:37
2025-04-13 00:00:00;2025-04-13 02:00:00;DK1;Solar;0,000000;1,410833;0,000000;0,596250;1,410833;2025-04-12 23:58:37;2025-04-13 01:58:37
2025-04-13 01:00:00;2025-04-13 03:00:00;DK1;Solar;0,009167;1,729167;0,000417;0,370000;1,729167;2025-04-13 00:58:37;2025-04-13 02:58:37
2025-04-13 02:00:00;2025-04-13 04:00:00;DK1;Solar;0,000000;1,570833;0,007500;0,450000;1,570833;2025-04-13 01:58:37;2025-04-13 03:58:37
2025-04-13 03:00:00;2025-04-13 05:00:00;DK1;Solar;0,180833;2,742917;0,190833;0,602083;2,742917;2025-04-13 02:58:52;2025-04-13 04:58:52
2025-04-13 04:00:00;2025-04-13 06:00:00;DK1;Solar;8,266250;12,255834;8,721250;9,684167;12,255834;2025-04-13 03:58:53;2025-04-13 05:58:53
2025-04-13 05:00:00;2025-04-13 07:00:00;DK1;Solar;186,321243;222,127914;206,031662;208,546249;222,127914;2025-04-13 04:58:53;2025-04-13 06:58:53
2025-04-13 06:00:00;2025-04-13 08:00:00;DK1;Solar;489,399597;514,977478;529,431274;522,572083;514,977478;2025-04-13 05:58:53;2025-04-13 07:58:53
2025-04-13 07:00:00;2025-04-13 09:00:00;DK1;Solar;739,138733;785,272095;798,691650;785,272095;875,561646;2025-04-13 06:58:53;2025-04-13 08:58:53
2025-04-13 08:00:00;2025-04-13 10:00:00;DK1;Solar;741,697510;797,859985;799,405823;821,118347;909,284973;2025-04-13 07:58:54;2025-04-13 09:58:54
2025-04-13 09:00:00;2025-04-13 11:00:00;DK1;Solar;699,638306;663,150024;660,707092;798,046692;758,214600;2025-04-13 08:58:53;2025-04-13 10:58:53
2025-04-13 10:00:00;2025-04-13 12:00:00;DK1;Solar;434,427490;435,442505;435,442505;442,975830;449,342072;2025-04-13 09:58:53;2025-04-13 11:58:53
2025-04-13 11:00:00;2025-04-13 13:00:00;DK1;Solar;285,444580;297,371674;297,371674;313,594177;398,027924;2025-04-13 10:58:53;2025-04-13 12:58:53
2025-04-13 12:00:00;2025-04-13 14:00:00;DK1;Solar;178,490005;183,180832;183,180832;207,396667;241,804993;2025-04-13 11:58:54;2025-04-13 13:58:54
2025-04-13 13:00:00;2025-04-13 15:00:00;DK1;Solar;137,549576;136,362915;132,183746;154,116257;149,924576;2025-04-13 12:58:55;2025-04-13 14:58:55
2025-04-13 14:00:00;2025-04-13 16:00:00;DK1;Solar;216,034164;210,686661;218,065826;227,225006;296,877930;2025-04-13 13:58:53;2025-04-13 15:58:53
2025-04-13 15:00:00;2025-04-13 17:00:00;DK1;Solar;247,813339;280,242920;275,562500;282,174591;422,184174;2025-04-13 14:58:53;2025-04-13 16:58:53
2025-04-13 16:00:00;2025-04-13 18:00:00;DK1;Solar;173,000000;199,658340;198,184998;214,981674;303,790405;2025-04-13 15:58:53;2025-04-13 17:58:53
2025-04-13 17:00:00;2025-04-13 19:00:00;DK1;Solar;59,008335;71,005417;63,863335;92,982498;87,234581;2025-04-13 16:58:53;2025-04-13 18:58:53
2025-04-13 18:00:00;2025-04-13 20:00:00;DK1;Solar;2,761250;3,059167;3,036667;7,777083;13,431666;2025-04-13 17:58:53;2025-04-13 19:58:53
2025-04-13 19:00:00;2025-04-13 21:00:00;DK1;Solar;0,075833;0,079583;0,068333;2,806250;3,133750;2025-04-13 18:58:53;2025-04-13 20:58:53
2025-04-13 20:00:00;2025-04-13 22:00:00;DK1;Solar;0,015833;0,000000;0,007917;0,803750;3,667083;2025-04-13 19:58:53;2025-04-13 21:58:53
2025-04-13 21:00:00;2025-04-13 23:00:00;DK1;Solar;0,006667;0,000000;0,000417;0,957083;2,665417;2025-04-13 20:58:53;2025-04-13 22:58:53
2025-04-13 22:00:00;2025-04-14 00:00:00;DK1;Solar;0,000000;0,871667;0,000000;0,696250;0,871667;2025-04-13 21:58:54;2025-04-13 23:58:54
2025-04-13 23:00:00;2025-04-14 01:00:00;DK1;Solar;0,000000;1,751250;0,000000;0,226667;1,751250;2025-04-13 22:58:53;2025-04-14 00:58:53
2025-04-14 00:00:00;2025-04-14 02:00:00;DK1;Solar;0,000000;1,050833;0,000000;0,458333;1,050833;2025-04-13 23:58:53;2025-04-14 01:58:53
2025-04-14 01:00:00;2025-04-14 03:00:00;DK1;Solar;0,000000;1,167083;0,000000;0,273333;1,167083;2025-04-14 00:58:53;2025-04-14 02:58:53
2025-04-14 02:00:00;2025-04-14 04:00:00;DK1;Solar;0,000000;0,675417;0,000000;0,303750;0,675417;2025-04-14 01:58:52;2025-04-14 03:58:52
2025-04-14 03:00:00;2025-04-14 05:00:00;DK1;Solar;0,175417;0,322500;0,164167;0,340000;0,322500;2025-04-14 02:58:52;2025-04-14 04:58:52
2025-04-14 04:00:00;2025-04-14 06:00:00;DK1;Solar;6,325833;6,192500;6,323750;6,537500;6,192500;2025-04-14 03:58:52;2025-04-14 05:58:52
2025-04-14 05:00:00;2025-04-14 07:00:00;DK1;Solar;99,983749;115,640419;108,753754;107,177086;115,640419;2025-04-14 04:58:52;2025-04-14 06:58:52
2025-04-14 06:00:00;2025-04-14 08:00:00;DK1;Solar;215,977081;235,575424;245,796249;228,981247;235,575424;2025-04-14 05:58:52;2025-04-14 07:58:52
2025-04-14 07:00:00;2025-04-14 09:00:00;DK1;Solar;293,649994;316,851654;314,566254;316,851654;298,485413;2025-04-14 06:58:52;2025-04-14 08:58:52
2025-04-14 08:00:00;2025-04-14 10:00:00;DK1;Solar;397,765015;411,793335;411,793335;407,604584;375,703735;2025-04-14 07:58:52;2025-04-14 09:58:52
2025-04-14 09:00:00;2025-04-14 11:00:00;DK1;Solar;533,042053;489,928741;489,928741;490,346680;505,313324;2025-04-14 08:58:52;2025-04-14 10:58:52
2025-04-14 10:00:00;2025-04-14 12:00:00;DK1;Solar;707,560425;629,631226;629,631226;664,423767;739,810852;2025-04-14 09:58:51;2025-04-14 11:58:51
2025-04-14 11:00:00;2025-04-14 13:00:00;DK1;Solar;876,628357;845,851257;845,851257;886,163757;862,570435;2025-04-14 10:58:52;2025-04-14 12:58:52
2025-04-14 12:00:00;2025-04-14 14:00:00;DK1;Solar;1012,600403;1002,014160;1002,014160;1009,516663;1005,927917;2025-04-14 11:58:54;2025-04-14 13:58:54
2025-04-14 13:00:00;2025-04-14 15:00:00;DK1;Solar;1013,030396;1038,407471;1059,439941;1058,285889;1170,199219;2025-04-14 12:58:53;2025-04-14 14:58:53
2025-04-14 14:00:00;2025-04-14 16:00:00;DK1;Solar;839,200012;908,161255;926,173340;955,372925;1101,654175;2025-04-14 13:58:52;2025-04-14 15:58:52
2025-04-14 15:00:00;2025-04-14 17:00:00;DK1;Solar;578,881653;662,434570;669,679565;724,911682;942,945862;2025-04-14 14:58:52;2025-04-14 16:58:52
2025-04-14 16:00:00;2025-04-14 18:00:00;DK1;Solar;342,897491;381,089172;381,186676;457,433319;576,025818;2025-04-14 15:58:52;2025-04-14 17:58:52
2025-04-14 17:00:00;2025-04-14 19:00:00;DK1;Solar;111,593750;123,387497;122,442917;173,345413;206,760422;2025-04-14 16:58:52;2025-04-14 18:58:52
2025-04-14 18:00:00;2025-04-14 20:00:00;DK1;Solar;4,760833;4,820833;4,782084;26,830416;17,681250;2025-04-14 17:58:52;2025-04-14 19:58:52
2025-04-14 19:00:00;2025-04-14 21:00:00;DK1;Solar;0,134583;0,117083;0,120000;3,483750;0,000000;2025-04-14 18:58:52;2025-04-14 20:58:52
2025-04-14 20:00:00;2025-04-14 22:00:00;DK1;Solar;0,010000;0,000000;0,009583;0,000000;0,000000;2025-04-14 19:58:51;2025-04-14 21:58:51
2025-04-14 21:00:00;2025-04-14 23:00:00;DK1;Solar;0,000417;0,000000;0,000000;0,000000;0,000000;2025-04-14 20:58:52;2025-04-14 22:58:52
2025-04-14 22:00:00;2025-04-15 00:00:00;DK1;Solar;0,000000;1,010833;0,000000;0,000000;1,010833;2025-04-14 21:58:52;2025-04-14 23:58:52
2025-04-14 23:00:00;2025-04-15 01:00:00;DK1;Solar;0,000000;1,055417;0,000000;0,265417;1,055417;2025-04-14 22:58:52;2025-04-15 00:58:52
2025-04-15 00:00:00;2025-04-15 02:00:00;DK1;Solar;0,000000;1,530833;0,000000;0,277500;1,530833;2025-04-14 23:58:52;2025-04-15 01:58:52
2025-04-15 01:00:00;2025-04-15 03:00:00;DK1;Solar;0,000000;1,391667;0,000000;0,398333;1,391667;2025-04-15 00:58:52;2025-04-15 02:58:52
2025-04-15 02:00:00;2025-04-15 04:00:00;DK1;Solar;0,000000;1,851250;0,000000;0,362083;1,851250;2025-04-15 01:58:52;2025-04-15 03:58:52
2025-04-15 03:00:00;2025-04-15 05:00:00;DK1;Solar;0,231667;1,548750;0,238750;0,709583;1,548750;2025-04-15 02:59:23;2025-04-15 04:59:23
2025-04-15 04:00:00;2025-04-15 06:00:00;DK1;Solar;11,283334;12,360833;10,915417;11,372916;12,360833;2025-04-15 03:59:22;2025-04-15 05:59:22
2025-04-15 05:00:00;2025-04-15 07:00:00;DK1;Solar;202,983337;210,520828;200,818756;199,765411;210,520828;2025-04-15 04:59:23;2025-04-15 06:59:23
2025-04-15 06:00:00;2025-04-15 08:00:00;DK1;Solar;499,247925;465,984161;504,807098;494,429596;465,984161;2025-04-15 05:59:23;2025-04-15 07:59:23
2025-04-15 07:00:00;2025-04-15 09:00:00;DK1;Solar;797,561646;789,786682;827,321655;789,786682;847,616638;2025-04-15 06:59:23;2025-04-15 08:59:23
2025-04-15 08:00:00;2025-04-15 10:00:00;DK1;Solar;1023,566650;1053,238770;1044,120361;1001,793335;1209,826294;2025-04-15 07:59:23;2025-04-15 09:59:23
2025-04-15 09:00:00;2025-04-15 11:00:00;DK1;Solar;1131,060059;1077,577881;1131,564209;1137,851196;1237,435059;2025-04-15 08:59:23;2025-04-15 10:59:23
2025-04-15 10:00:00;2025-04-15 12:00:00;DK1;Solar;1046,224121;1057,829590;1057,829590;1151,047119;1302,004150;2025-04-15 09:59:22;2025-04-15 11:59:22
2025-04-15 11:00:00;2025-04-15 13:00:00;DK1;Solar;1025,045410;1024,542969;1024,542969;1095,757080;1254,555054;2025-04-15 10:59:22;2025-04-15 12:59:22
2025-04-15 12:00:00;2025-04-15 14:00:00;DK1;Solar;1032,981201;1005,077515;1005,077515;1084,062134;1106,998291;2025-04-15 11:59:23;2025-04-15 13:59:23
2025-04-15 13:00:00;2025-04-15 15:00:00;DK1;Solar;1072,666626;997,721252;974,444580;994,651672;1290,480469;2025-04-15 12:59:26;2025-04-15 14:59:26
2025-04-15 14:00:00;2025-04-15 16:00:00;DK1;Solar;825,150024;863,029175;865,856262;874,628723;1095,975830;2025-04-15 13:59:24;2025-04-15 15:59:24
2025-04-15 15:00:00;2025-04-15 17:00:00;DK1;Solar;566,652100;606,452942;596,142090;644,957947;837,336670;2025-04-15 14:59:22;2025-04-15 16:59:22
2025-04-15 16:00:00;2025-04-15 18:00:00;DK1;Solar;316,872925;380,233337;364,009583;432,562500;523,430420;2025-04-15 15:59:22;2025-04-15 17:59:22
2025-04-15 17:00:00;2025-04-15 19:00:00;DK1;Solar;99,821251;126,153336;119,512917;164,024994;162,354172;2025-04-15 16:59:23;2025-04-15 18:59:23
2025-04-15 18:00:00;2025-04-15 20:00:00;DK1;Solar;3,992083;5,266667;4,978750;15,665417;19,670000;2025-04-15 17:59:23;2025-04-15 19:59:23
2025-04-15 19:00:00;2025-04-15 21:00:00;DK1;Solar;0,104167;0,131250;0,137500;3,922500;4,469584;2025-04-15 18:59:22;2025-04-15 20:59:22
2025-04-15 20:00:00;2025-04-15 22:00:00;DK1;Solar;0,010000;0,000000;0,009583;1,135833;5,077917;2025-04-15 19:59:23;2025-04-15 21:59:23
2025-04-15 21:00:00;2025-04-15 23:00:00;DK1;Solar;0,000417;0,000000;0,000000;1,322083;5,541667;2025-04-15 20:59:23;2025-04-15 22:59:23
2025-04-15 22:00:00;2025-04-16 00:00:00;DK1;Solar;0,000000;4,989167;0,000000;1,443333;4,989167;2025-04-15 21:59:22;2025-04-15 23:59:22
2025-04-15 23:00:00;2025-04-16 01:00:00;DK1;Solar;0,000000;4,990833;0,000000;1,299167;4,990833;2025-04-15 22:59:22;2025-04-16 00:59:22
2025-04-16 00:00:00;2025-04-16 02:00:00;DK1;Solar;0,000000;3,360000;0,000000;1,300000;3,360000;2025-04-15 23:59:22;2025-04-16 01:59:22
2025-04-16 01:00:00;2025-04-16 03:00:00;DK1;Solar;0,000000;1,429583;0,000000;0,875000;1,429583;2025-04-16 00:59:25;2025-04-16 02:59:25
2025-04-16 02:00:00;2025-04-16 04:00:00;DK1;Solar;0,000000;0,664583;0,000000;0,372917;0,664583;2025-04-16 01:59:24;2025-04-16 03:59:24
2025-04-16 03:00:00;2025-04-16 05:00:00;DK1;Solar;0,162500;0,955417;0,159167;0,297500;0,955417;2025-04-16 02:58:57;2025-04-16 04:58:57
2025-04-16 04:00:00;2025-04-16 06:00:00;DK1;Solar;6,772500;6,362916;6,849167;5,147500;6,362916;2025-04-16 03:58:55;2025-04-16 05:58:55
2025-04-16 05:00:00;2025-04-16 07:00:00;DK1;Solar;113,057503;79,255417;106,119164;91,277916;79,255417;2025-04-16 04:58:55;2025-04-16 06:58:55
2025-04-16 06:00:00;2025-04-16 08:00:00;DK1;Solar;297,109985;246,577087;287,006256;246,310837;246,577087;2025-04-16 05:58:55;2025-04-16 07:58:55
2025-04-16 07:00:00;2025-04-16 09:00:00;DK1;Solar;510,002502;502,614594;507,029175;502,614594;511,695831;2025-04-16 06:58:55;2025-04-16 08:58:55
2025-04-16 08:00:00;2025-04-16 10:00:00;DK1;Solar;755,577087;752,588745;766,521667;755,000854;831,429993;2025-04-16 07:58:55;2025-04-16 09:58:55
2025-04-16 09:00:00;2025-04-16 11:00:00;DK1;Solar;972,746277;977,479553;985,707092;1043,850830;1192,802856;2025-04-16 08:58:55;2025-04-16 10:58:55
2025-04-16 10:00:00;2025-04-16 12:00:00;DK1;Solar;1161,994629;1144,878784;1144,878784;1251,438354;1439,403320;2025-04-16 09:58:55;2025-04-16 11:58:55
2025-04-16 11:00:00;2025-04-16 13:00:00;DK1;Solar;1265,489624;1258,085815;1258,085815;1379,688354;1604,880371;2025-04-16 10:58:55;2025-04-16 12:58:55
2025-04-16 12:00:00;2025-04-16 14:00:00;DK1;Solar;1256,379639;1289,535034;1289,535034;1384,692505;1563,613281;2025-04-16 11:58:57;2025-04-16 13:58:57
2025-04-16 13:00:00;2025-04-16 15:00:00;DK1;Solar;1089,324219;1219,114624;1234,833374;1272,390381;1426,524170;2025-04-16 12:58:58;2025-04-16 14:58:58
2025-04-16 14:00:00;2025-04-16 16:00:00;DK1;Solar;809,376648;967,191223;973,835022;1013,212097;1232,078369;2025-04-16 13:58:55;2025-04-16 15:58:55
2025-04-16 15:00:00;2025-04-16 17:00:00;DK1;Solar;520,044189;645,139587;641,684998;722,184570;856,048340;2025-04-16 14:58:56;2025-04-16 16:58:56
2025-04-16 16:00:00;2025-04-16 18:00:00;DK1;Solar;271,283325;352,111664;344,053741;403,164154;485,529999;2025-04-16 15:58:55;2025-04-16 17:58:55
2025-04-16 17:00:00;2025-04-16 19:00:00;DK1;Solar;88,332085;114,079170;110,727081;145,403748;157,676254;2025-04-16 16:58:55;2025-04-16 18:58:55
2025-04-16 18:00:00;2025-04-16 20:00:00;DK1;Solar;4,115833;5,174583;4,987083;16,591249;16,490000;2025-04-16 17:58:55;2025-04-16 19:58:55
2025-04-16 19:00:00;2025-04-16 21:00:00;DK1;Solar;0,111667;0,142083;0,131250;3,099167;0,000000;2025-04-16 18:58:55;2025-04-16 20:58:55
2025-04-16 20:00:00;2025-04-16 22:00:00;DK1;Solar;0,000000;0,000000;0,000000;0,000000;0,000000;2025-04-16 19:58:55;2025-04-16 21:58:55
2025-04-16 21:00:00;2025-04-16 23:00:00;DK1;Solar;0,000000;0,000000;0,000000;0,000000;0,000000;2025-04-16 20:58:55;2025-04-16 22:58:55
2025-04-16 22:00:00;2025-04-17 00:00:00;DK1;Solar;0,000000;0,000000;0,000000;0,000000;0,000000;2025-04-16 21:58:58;2025-04-16 23:58:58
2025-04-16 23:00:00;2025-04-17 01:00:00;DK1;Solar;0,000000;0,149583;0,000000;0,000000;0,149583;2025-04-16 22:58:55;2025-04-17 00:58:55
2025-04-17 00:00:00;2025-04-17 02:00:00;DK1;Solar;0,000000;0,000000;0,000000;0,038750;0,000000;2025-04-16 23:58:55;2025-04-17 01:58:55
2025-04-17 01:00:00;2025-04-17 03:00:00;DK1;Solar;0,000000;0,000000;0,000000;0,000000;0,000000;2025-04-17 00:58:55;2025-04-17 02:58:55
2025-04-17 02:00:00;2025-04-17 04:00:00;DK1;Solar;0,000000;0,000000;0,000000;0,000000;0,000000;2025-04-17 01:58:56;2025-04-17 03:58:56
2025-04-17 03:00:00;2025-04-17 05:00:00;DK1;Solar;0,115417;0,128750;0,110833;0,128750;0,128750;2025-04-17 02:58:26;2025-04-17 04:58:26
2025-04-17 04:00:00;2025-04-17 06:00:00;DK1;Solar;4,334167;4,449167;4,417500;4,689167;4,449167;2025-04-17 03:58:26;2025-04-17 05:58:26
2025-04-17 05:00:00;2025-04-17 07:00:00;DK1;Solar;53,990002;54,333332;54,804165;58,092918;54,333332;2025-04-17 04:58:26;2025-04-17 06:58:26
2025-04-17 06:00:00;2025-04-17 08:00:00;DK1;Solar;136,409164;129,039169;125,621246;129,137085;129,039169;2025-04-17 05:58:26;2025-04-17 07:58:26
2025-04-17 07:00:00;2025-04-17 09:00:00;DK1;Solar;252,684174;222,984161;223,945419;222,984161;193,598755;2025-04-17 06:58:25;2025-04-17 08:58:25
2025-04-17 08:00:00;2025-04-17 10:00:00;DK1;Solar;408,141663;317,917511;319,376251;310,242493;305,013336;2025-04-17 07:58:26;2025-04-17 09:58:26
2025-04-17 09:00:00;2025-04-17 11:00:00;DK1;Solar;514,433777;387,531677;382,527924;470,086243;394,637909;2025-04-17 08:58:25;2025-04-17 10:58:25
2025-04-17 10:00:00;2025-04-17 12:00:00;DK1;Solar;590,867920;435,059570;435,059570;548,964172;461,107513;2025-04-17 09:58:26;2025-04-17 11:58:26
2025-04-17 11:00:00;2025-04-17 13:00:00;DK1;Solar;586,760010;477,157501;477,157501;562,121643;441,429169;2025-04-17 10:58:26;2025-04-17 12:58:26
2025-04-17 12:00:00;2025-04-17 14:00:00;DK1;Solar;560,847107;465,545013;465,545013;535,799561;409,032074;2025-04-17 11:58:30;2025-04-17 13:58:30
2025-04-17 13:00:00;2025-04-17 15:00:00;DK1;Solar;481,761658;384,116241;417,801666;433,470825;363,692078;2025-04-17 12:58:28;2025-04-17 14:58:28
2025-04-17 14:00:00;2025-04-17 16:00:00;DK1;Solar;367,141235;276,629578;329,934174;309,583344;236,402084;2025-04-17 13:58:27;2025-04-17 15:58:27
2025-04-17 15:00:00;2025-04-17 17:00:00;DK1;Solar;253,367920;180,880005;201,386673;180,965424;116,165001;2025-04-17 14:58:26;2025-04-17 16:58:26
2025-04-17 16:00:00;2025-04-17 18:00:00;DK1;Solar;141,957916;92,848747;107,935837;92,534584;64,321663;2025-04-17 15:58:26;2025-04-17 17:58:26
2025-04-17 17:00:00;2025-04-17 19:00:00;DK1;Solar;48,314999;30,632500;35,801250;28,793333;16,456249;2025-04-17 16:58:26;2025-04-17 18:58:26
2025-04-17 18:00:00;2025-04-17 20:00:00;DK1;Solar;2,795833;2,140417;2,356667;0,127917;0,000000;2025-04-17 17:58:26;2025-04-17 19:58:26
2025-04-17 19:00:00;2025-04-17 21:00:00;DK1;Solar;0,091250;0,093750;0,086250;0,002083;0,002500;2025-04-17 18:58:26;2025-04-17 20:58:26
2025-04-17 20:00:00;2025-04-17 22:00:00;DK1;Solar;0,000000;0,000000;0,000000;0,000000;0,000000;2025-04-17 19:58:26;2025-04-17 21:58:26
2025-04-17 21:00:00;2025-04-17 23:00:00;DK1;Solar;0,000000;0,000000;0,000000;0,000000;0,000000;2025-04-17 20:58:26;2025-04-17 22:58:26
2025-04-17 22:00:00;2025-04-18 00:00:00;DK1;Solar;0,000000;0,000000;0,000000;0,000000;0,000000;2025-04-17 21:58:26;2025-04-17 23:58:26
2025-04-17 23:00:00;2025-04-18 01:00:00;DK1;Solar;0,000000;0,000000;0,000000;0,000000;0,000000;2025-04-17 22:58:26;2025-04-18 00:58:26
2025-04-18 00:00:00;2025-04-18 02:00:00;DK1;Solar;0,005000;0,237500;0,005000;0,000000;0,237500;2025-04-17 23:58:26;2025-04-18 01:58:26
2025-04-18 01:00:00;2025-04-18 03:00:00;DK1;Solar;0,000000;0,904583;0,000000;0,064583;0,904583;2025-04-18 00:58:27;2025-04-18 02:58:27
2025-04-18 02:00:00;2025-04-18 04:00:00;DK1;Solar;0,004167;0,000000;0,000000;0,238750;0,000000;2025-04-18 01:58:26;2025-04-18 03:58:26
2025-04-18 03:00:00;2025-04-18 05:00:00;DK1;Solar;0,164583;0,399583;0,195000;0,260417;0,399583;2025-04-18 02:58:28;2025-04-18 04:58:28
2025-04-18 04:00:00;2025-04-18 06:00:00;DK1;Solar;6,778333;10,832500;8,887917;10,884167;10,832500;2025-04-18 03:58:28;2025-04-18 05:58:28
2025-04-18 05:00:00;2025-04-18 07:00:00;DK1;Solar;84,252083;146,002914;105,870834;118,810837;146,002914;2025-04-18 04:58:28;2025-04-18 06:58:28
2025-04-18 06:00:00;2025-04-18 08:00:00;DK1;Solar;187,960831;232,024170;226,815002;296,077911;232,024170;2025-04-18 05:58:28;2025-04-18 07:58:28
2025-04-18 07:00:00;2025-04-18 09:00:00;DK1;Solar;255,926254;319,767914;326,689178;319,767914;264,394165;2025-04-18 06:58:28;2025-04-18 08:58:28
2025-04-18 08:00:00;2025-04-18 10:00:00;DK1;Solar;306,268341;446,466675;400,189575;427,644989;346,040009;2025-04-18 07:58:28;2025-04-18 09:58:28
2025-04-18 09:00:00;2025-04-18 11:00:00;DK1;Solar;394,570007;478,541260;445,387512;429,816254;427,355011;2025-04-18 08:58:28;2025-04-18 10:58:28
2025-04-18 10:00:00;2025-04-18 12:00:00;DK1;Solar;495,455414;508,428345;508,428345;507,131256;543,302490;2025-04-18 09:58:28;2025-04-18 11:58:28
2025-04-18 11:00:00;2025-04-18 13:00:00;DK1;Solar;540,054993;558,099976;558,099976;576,873779;560,415405;2025-04-18 10:58:29;2025-04-18 12:58:29
2025-04-18 12:00:00;2025-04-18 14:00:00;DK1;Solar;569,240845;591,461670;591,461670;574,981262;559,461243;2025-04-18 11:58:30;2025-04-18 13:58:30
2025-04-18 13:00:00;2025-04-18 15:00:00;DK1;Solar;555,715393;572,481689;598,845825;593,477478;604,857910;2025-04-18 12:58:30;2025-04-18 14:58:30
2025-04-18 14:00:00;2025-04-18 16:00:00;DK1;Solar;480,202911;507,665833;525,320435;526,659607;594,245850;2025-04-18 13:58:28;2025-04-18 15:58:28
2025-04-18 15:00:00;2025-04-18 17:00:00;DK1;Solar;325,737091;355,980835;356,014160;374,054993;529,435425;2025-04-18 14:58:28;2025-04-18 16:58:28
2025-04-18 16:00:00;2025-04-18 18:00:00;DK1;Solar;180,335831;209,213333;208,447922;282,494598;402,607910;2025-04-18 15:58:28;2025-04-18 17:58:28
2025-04-18 17:00:00;2025-04-18 19:00:00;DK1;Solar;63,428749;78,224998;75,853752;129,834579;135,175415;2025-04-18 16:58:28;2025-04-18 18:58:28
2025-04-18 18:00:00;2025-04-18 20:00:00;DK1;Solar;3,879167;4,610833;4,465833;18,051666;37,305416;2025-04-18 17:58:28;2025-04-18 19:58:28
2025-04-18 19:00:00;2025-04-18 21:00:00;DK1;Solar;0,140833;0,159583;0,172500;8,703333;0,635000;2025-04-18 18:58:28;2025-04-18 20:58:28
2025-04-18 20:00:00;2025-04-18 22:00:00;DK1;Solar;0,000000;0,000000;0,000000;0,125000;0,960000;2025-04-18 19:58:29;2025-04-18 21:58:29
2025-04-18 21:00:00;2025-04-18 23:00:00;DK1;Solar;0,000000;0,000000;0,000000;0,250000;1,375417;2025-04-18 20:58:28;2025-04-18 22:58:28
2025-04-18 22:00:00;2025-04-19 00:00:00;DK1;Solar;0,000000;1,112917;0,000000;0,359167;1,112917;2025-04-18 21:58:28;2025-04-18 23:58:28
2025-04-18 23:00:00;2025-04-19 01:00:00;DK1;Solar;0,000000;1,188750;0,000000;0,291667;1,188750;2025-04-18 22:58:29;2025-04-19 00:58:29
2025-04-19 00:00:00;2025-04-19 02:00:00;DK1;Solar;0,000000;0,679583;0,000000;0,312500;0,679583;2025-04-18 23:58:28;2025-04-19 01:58:28
2025-04-19 01:00:00;2025-04-19 03:00:00;DK1;Solar;0,007083;0,398333;0,000000;0,175833;0,398333;2025-04-19 00:58:30;2025-04-19 02:58:30
2025-04-19 02:00:00;2025-04-19 04:00:00;DK1;Solar;0,000417;0,880000;0,003333;0,106250;0,880000;2025-04-19 01:58:29;2025-04-19 03:58:29
2025-04-19 03:00:00;2025-04-19 05:00:00;DK1;Solar;0,220417;1,707500;0,237500;0,442917;1,707500;2025-04-19 02:59:23;2025-04-19 04:59:23
2025-04-19 04:00:00;2025-04-19 06:00:00;DK1;Solar;10,577917;9,811250;10,489583;10,222083;9,811250;2025-04-19 03:59:22;2025-04-19 05:59:22
2025-04-19 05:00:00;2025-04-19 07:00:00;DK1;Solar;132,837082;115,802086;111,667503;106,954170;115,802086;2025-04-19 04:59:21;2025-04-19 06:59:21
2025-04-19 06:00:00;2025-04-19 08:00:00;DK1;Solar;294,439178;197,455414;227,724167;227,160416;197,455414;2025-04-19 05:59:22;2025-04-19 07:59:22
2025-04-19 07:00:00;2025-04-19 09:00:00;DK1;Solar;458,482513;305,171265;290,166260;305,171265;283,446655;2025-04-19 06:59:21;2025-04-19 08:59:21
2025-04-19 08:00:00;2025-04-19 10:00:00;DK1;Solar;556,701233;339,890839;337,140015;332,200836;327,116669;2025-04-19 07:59:22;2025-04-19 09:59:22
2025-04-19 09:00:00;2025-04-19 11:00:00;DK1;Solar;555,290405;336,092072;334,540833;331,975830;308,309570;2025-04-19 08:59:22;2025-04-19 10:59:22
2025-04-19 10:00:00;2025-04-19 12:00:00;DK1;Solar;448,941681;313,256256;313,256256;259,776672;239,733749;2025-04-19 09:59:21;2025-04-19 11:59:21
2025-04-19 11:00:00;2025-04-19 13:00:00;DK1;Solar;312,238739;214,452499;214,452499;179,567078;192,954163;2025-04-19 10:59:23;2025-04-19 12:59:23
2025-04-19 12:00:00;2025-04-19 14:00:00;DK1;Solar;310,446655;186,654587;186,654587;177,905411;233,767914;2025-04-19 11:59:23;2025-04-19 13:59:23
2025-04-19 13:00:00;2025-04-19 15:00:00;DK1;Solar;260,367493;131,460007;126,780418;147,060837;180,737915;2025-04-19 12:59:23;2025-04-19 14:59:23
2025-04-19 14:00:00;2025-04-19 16:00:00;DK1;Solar;301,770844;140,960419;136,872086;141,500412;153,062088;2025-04-19 13:59:21;2025-04-19 15:59:21
2025-04-19 15:00:00;2025-04-19 17:00:00;DK1;Solar;221,169174;102,778748;102,445000;97,346252;97,457497;2025-04-19 14:59:22;2025-04-19 16:59:22
2025-04-19 16:00:00;2025-04-19 18:00:00;DK1;Solar;125,466667;55,087917;54,862083;51,124584;62,661667;2025-04-19 15:59:22;2025-04-19 17:59:22
2025-04-19 17:00:00;2025-04-19 19:00:00;DK1;Solar;45,716251;19,665833;17,613750;19,966249;24,767084;2025-04-19 16:59:22;2025-04-19 18:59:22
2025-04-19 18:00:00;2025-04-19 20:00:00;DK1;Solar;3,027083;1,448333;1,398333;3,161667;8,767917;2025-04-19 17:59:22;2025-04-19 19:59:22
2025-04-19 19:00:00;2025-04-19 21:00:00;DK1;Solar;0,118750;0,059167;0,058750;1,988333;6,485000;2025-04-19 18:59:22;2025-04-19 20:59:22
2025-04-19 20:00:00;2025-04-19 22:00:00;DK1;Solar;0,007083;0,000000;0,008750;1,680833;6,214167;2025-04-19 19:59:22;2025-04-19 21:59:22
2025-04-19 21:00:00;2025-04-19 23:00:00;DK1;Solar;0,000000;0,000000;0,000000;1,619167;5,842500;2025-04-19 20:59:22;2025-04-19 22:59:22
2025-04-19 22:00:00;2025-04-20 00:00:00;DK1;Solar;0,000000;5,978333;0,000000;1,522917;5,978333;2025-04-19 21:59:22;2025-04-19 23:59:22
2025-04-19 23:00:00;2025-04-20 01:00:00;DK1;Solar;0,000000;5,106250;0,000000;1,556667;5,106250;2025-04-19 22:59:22;2025-04-20 00:59:22
2025-04-20 00:00:00;2025-04-20 02:00:00;DK1;Solar;0,000000;4,810000;0,000000;1,332083;4,810000;2025-04-19 23:59:22;2025-04-20 01:59:22
2025-04-20 01:00:00;2025-04-20 03:00:00;DK1;Solar;0,002500;5,220833;0,003750;1,259167;5,220833;2025-04-20 00:59:22;2025-04-20 02:59:22
2025-04-20 02:00:00;2025-04-20 04:00:00;DK1;Solar;0,000000;5,644583;0,010000;1,360000;5,644583;2025-04-20 01:59:22;2025-04-20 03:59:22
2025-04-20 03:00:00;2025-04-20 05:00:00;DK1;Solar;0,110000;5,693333;0,115833;1,581667;5,693333;2025-04-20 02:58:47;2025-04-20 04:58:47
2025-04-20 04:00:00;2025-04-20 06:00:00;DK1;Solar;4,176250;10,396667;4,054167;5,602917;10,396667;2025-04-20 03:58:47;2025-04-20 05:58:47
2025-04-20 05:00:00;2025-04-20 07:00:00;DK1;Solar;44,686249;50,164585;43,687500;46,452499;50,164585;2025-04-20 04:58:48;2025-04-20 06:58:48
2025-04-20 06:00:00;2025-04-20 08:00:00;DK1;Solar;100,975418;105,545418;105,150002;103,909584;105,545418;2025-04-20 05:58:47;2025-04-20 07:58:47
2025-04-20 07:00:00;2025-04-20 09:00:00;DK1;Solar;162,273743;171,380005;169,236252;171,380005;184,595413;2025-04-20 06:58:47;2025-04-20 08:58:47
2025-04-20 08:00:00;2025-04-20 10:00:00;DK1;Solar;198,273743;205,018326;209,074585;208,654587;241,585007;2025-04-20 07:58:47;2025-04-20 09:58:47
2025-04-20 09:00:00;2025-04-20 11:00:00;DK1;Solar;216,055420;230,982910;237,785828;247,836243;304,589569;2025-04-20 08:58:47;2025-04-20 10:58:47
2025-04-20 10:00:00;2025-04-20 12:00:00;DK1;Solar;209,382919;211,924576;211,924576;247,839584;296,656250;2025-04-20 09:58:47;2025-04-20 11:58:47
2025-04-20 11:00:00;2025-04-20 13:00:00;DK1;Solar;278,243744;307,428345;307,428345;328,661652;387,959167;2025-04-20 10:58:47;2025-04-20 12:58:47
2025-04-20 12:00:00;2025-04-20 14:00:00;DK1;Solar;304,771240;330,048737;330,048737;328,552917;356,690430;2025-04-20 11:58:47;2025-04-20 13:58:47
2025-04-20 13:00:00;2025-04-20 15:00:00;DK1;Solar;213,255417;220,547913;224,858337;232,806244;207,314590;2025-04-20 12:58:49;2025-04-20 14:58:49
2025-04-20 14:00:00;2025-04-20 16:00:00;DK1;Solar;247,332916;234,900833;228,302505;233,029999;245,065826;2025-04-20 13:58:47;2025-04-20 15:58:47
2025-04-20 15:00:00;2025-04-20 17:00:00;DK1;Solar;210,527496;202,627090;191,508331;191,450836;177,266251;2025-04-20 14:58:50;2025-04-20 16:58:50
2025-04-20 16:00:00;2025-04-20 18:00:00;DK1;Solar;122,245003;120,740837;104,771248;99,385414;92,062920;2025-04-20 15:58:47;2025-04-20 17:58:47
2025-04-20 17:00:00;2025-04-20 19:00:00;DK1;Solar;45,450832;43,075832;36,989582;35,122501;35,197918;2025-04-20 16:58:47;2025-04-20 18:58:47
2025-04-20 18:00:00;2025-04-20 20:00:00;DK1;Solar;3,290000;2,985000;2,883333;1,208333;2,334167;2025-04-20 17:58:47;2025-04-20 19:58:47
2025-04-20 19:00:00;2025-04-20 21:00:00;DK1;Solar;0,130417;0,123750;0,119583;0,021667;0,041250;2025-04-20 18:58:47;2025-04-20 20:58:47
2025-04-20 20:00:00;2025-04-20 22:00:00;DK1;Solar;0,000000;0,000000;0,010000;0,002083;0,887500;2025-04-20 19:58:47;2025-04-20 21:58:47
2025-04-20 21:00:00;2025-04-20 23:00:00;DK1;Solar;0,000000;0,000000;0,000417;0,232500;1,051250;2025-04-20 20:58:48;2025-04-20 22:58:48
2025-04-20 22:00:00;2025-04-21 00:00:00;DK1;Solar;0,000000;0,660833;0,000000;0,275000;0,660833;2025-04-20 21:58:48;2025-04-20 23:58:48
2025-04-20 23:00:00;2025-04-21 01:00:00;DK1;Solar;0,000000;0,642083;0,000000;0,171250;0,642083;2025-04-20 22:58:47;2025-04-21 00:58:47
2025-04-21 00:00:00;2025-04-21 02:00:00;DK1;Solar;0,000000;0,563750;0,000000;0,166667;0,563750;2025-04-20 23:58:47;2025-04-21 01:58:47
2025-04-21 01:00:00;2025-04-21 03:00:00;DK1;Solar;0,002083;0,310417;0,008750;0,153750;0,310417;2025-04-21 00:58:47;2025-04-21 02:58:47
2025-04-21 02:00:00;2025-04-21 04:00:00;DK1;Solar;0,010000;0,000000;0,010000;0,083333;0,000000;2025-04-21 01:58:47;2025-04-21 03:58:47
2025-04-21 03:00:00;2025-04-21 05:00:00;DK1;Solar;0,192500;0,187500;0,195417;0,187500;0,187500;2025-04-21 02:59:01;2025-04-21 04:59:01
2025-04-21 04:00:00;2025-04-21 06:00:00;DK1;Solar;8,238750;7,867084;8,477917;8,215417;7,867084;2025-04-21 03:59:01;2025-04-21 05:59:01
2025-04-21 05:00:00;2025-04-21 07:00:00;DK1;Solar;76,381668;73,982918;75,909584;74,373749;73,982918;2025-04-21 04:59:01;2025-04-21 06:59:01
2025-04-21 06:00:00;2025-04-21 08:00:00;DK1;Solar;169,321243;141,912506;168,918747;158,748749;141,912506;2025-04-21 05:59:01;2025-04-21 07:59:01
2025-04-21 07:00:00;2025-04-21 09:00:00;DK1;Solar;262,549164;248,852081;248,118744;248,852081;233,137085;2025-04-21 06:59:01;2025-04-21 08:59:01
2025-04-21 08:00:00;2025-04-21 10:00:00;DK1;Solar;343,947510;321,769592;321,153748;316,250824;304,407074;2025-04-21 07:59:01;2025-04-21 09:59:01
2025-04-21 09:00:00;2025-04-21 11:00:00;DK1;Solar;396,862488;375,415833;380,290833;371,809174;397,894165;2025-04-21 08:59:01;2025-04-21 10:59:01
2025-04-21 10:00:00;2025-04-21 12:00:00;DK1;Solar;405,520844;416,119598;421,792084;431,949585;437,478333;2025-04-21 09:59:01;2025-04-21 11:59:01
2025-04-21 11:00:00;2025-04-21 13:00:00;DK1;Solar;401,484985;422,578735;422,578735;433,180847;413,853333;2025-04-21 10:59:00;2025-04-21 12:59:00
2025-04-21 12:00:00;2025-04-21 14:00:00;DK1;Solar;378,146240;383,209595;383,209595;382,154175;387,774597;2025-04-21 11:59:04;2025-04-21 13:59:04
2025-04-21 13:00:00;2025-04-21 15:00:00;DK1;Solar;367,772095;361,293335;343,986664;354,334167;359,995819;2025-04-21 12:59:02;2025-04-21 14:59:02
2025-04-21 14:00:00;2025-04-21 16:00:00;DK1;Solar;322,963348;289,225403;287,490417;289,902069;286,375000;2025-04-21 13:59:01;2025-04-21 15:59:01
2025-04-21 15:00:00;2025-04-21 17:00:00;DK1;Solar;225,697083;197,512924;197,469162;195,963745;226,114578;2025-04-21 14:59:01;2025-04-21 16:59:01
2025-04-21 16:00:00;2025-04-21 18:00:00;DK1;Solar;137,847076;115,160004;113,704582;116,272087;155,163330;2025-04-21 15:59:01;2025-04-21 17:59:01
2025-04-21 17:00:00;2025-04-21 19:00:00;DK1;Solar;54,099998;43,891251;42,455833;52,886250;72,012917;2025-04-21 16:59:01;2025-04-21 18:59:01
2025-04-21 18:00:00;2025-04-21 20:00:00;DK1;Solar;4,235000;3,510417;3,367500;11,586250;18,913750;2025-04-21 17:59:01;2025-04-21 19:59:01
2025-04-21 19:00:00;2025-04-21 21:00:00;DK1;Solar;0,161250;0,138750;0,126250;4,256667;0,058750;2025-04-21 18:59:01;2025-04-21 20:59:01
2025-04-21 20:00:00;2025-04-21 22:00:00;DK1;Solar;0,000000;0,000000;0,000000;0,000000;0,000000;2025-04-21 19:59:01;2025-04-21 21:59:01
2025-04-21 21:00:00;2025-04-21 23:00:00;DK1;Solar;0,000000;0,000000;0,000000;0,000000;0,000000;2025-04-21 20:59:01;2025-04-21 22:59:01
2025-04-21 22:00:00;2025-04-22 00:00:00;DK1;Solar;0,000000;0,000000;0,000000;0,000000;0,000000;2025-04-21 21:59:01;2025-04-21 23:59:01
2025-04-21 23:00:00;2025-04-22 01:00:00;DK1;Solar;0,007083;0,000000;0,007083;0,000000;0,000000;2025-04-21 22:59:01;2025-04-22 00:59:01
2025-04-22 00:00:00;2025-04-22 02:00:00;DK1;Solar;0,010000;0,000000;0,010000;0,000000;0,000000;2025-04-21 23:59:01;2025-04-22 01:59:01
2025-04-22 01:00:00;2025-04-22 03:00:00;DK1;Solar;0,000417;0,000000;0,000000;0,000000;0,000000;2025-04-22 00:59:01;2025-04-22 02:59:01
2025-04-22 02:00:00;2025-04-22 04:00:00;DK1;Solar;0,009167;0,000000;0,000000;0,000000;0,000000;2025-04-22 01:59:01;2025-04-22 03:59:01
2025-04-22 03:00:00;2025-04-22 05:00:00;DK1;Solar;0,301250;0,315000;0,304583;0,315000;0,315000;2025-04-22 02:59:03;2025-04-22 04:59:03
2025-04-22 04:00:00;2025-04-22 06:00:00;DK1;Solar;13,990000;14,057917;14,392917;14,641666;14,057917;2025-04-22 03:59:06;2025-04-22 05:59:06
2025-04-22 05:00:00;2025-04-22 07:00:00;DK1;Solar;116,593330;123,597916;115,361664;117,672920;123,597916;2025-04-22 04:59:03;2025-04-22 06:59:03
2025-04-22 06:00:00;2025-04-22 08:00:00;DK1;Solar;253,105423;264,336243;234,485413;269,731659;264,336243;2025-04-22 05:59:03;2025-04-22 07:59:03
2025-04-22 07:00:00;2025-04-22 09:00:00;DK1;Solar;404,159576;456,904999;452,051666;456,904999;458,846680;2025-04-22 06:59:06;2025-04-22 08:59:06
2025-04-22 08:00:00;2025-04-22 10:00:00;DK1;Solar;548,571228;598,154175;574,879578;598,385437;558,001221;2025-04-22 07:59:03;2025-04-22 09:59:03
2025-04-22 09:00:00;2025-04-22 11:00:00;DK1;Solar;681,079163;640,837097;634,923340;637,084595;615,699158;2025-04-22 08:59:02;2025-04-22 10:59:02
2025-04-22 10:00:00;2025-04-22 12:00:00;DK1;Solar;723,827942;671,002502;671,002502;653,735840;703,812927;2025-04-22 09:59:03;2025-04-22 11:59:03
2025-04-22 11:00:00;2025-04-22 13:00:00;DK1;Solar;674,647095;681,561279;681,561279;697,392517;769,998352;2025-04-22 10:59:03;2025-04-22 12:59:03
2025-04-22 12:00:00;2025-04-22 14:00:00;DK1;Solar;621,114563;648,279175;648,279175;680,205017;722,971680;2025-04-22 11:59:04;2025-04-22 13:59:04
2025-04-22 13:00:00;2025-04-22 15:00:00;DK1;Solar;550,837891;604,750427;599,714600;610,630859;623,188354;2025-04-22 12:59:05;2025-04-22 14:59:05
2025-04-22 14:00:00;2025-04-22 16:00:00;DK1;Solar;462,362488;491,950836;480,004578;486,597931;550,539185;2025-04-22 13:59:03;2025-04-22 15:59:03
2025-04-22 15:00:00;2025-04-22 17:00:00;DK1;Solar;326,246674;347,201263;342,562927;371,487488;401,407928;2025-04-22 14:59:06;2025-04-22 16:59:06
2025-04-22 16:00:00;2025-04-22 18:00:00;DK1;Solar;196,635422;211,578339;207,065002;223,986664;208,729172;2025-04-22 15:59:06;2025-04-22 17:59:06
2025-04-22 17:00:00;2025-04-22 19:00:00;DK1;Solar;78,228333;85,631668;78,549164;80,812080;69,992081;2025-04-22 16:59:03;2025-04-22 18:59:03
2025-04-22 18:00:00;2025-04-22 20:00:00;DK1;Solar;6,292500;6,686666;6,040417;4,156667;11,915000;2025-04-22 17:59:02;2025-04-22 19:59:02
2025-04-22 19:00:00;2025-04-22 21:00:00;DK1;Solar;0,245000;0,245833;0,240833;1,782917;0,301250;2025-04-22 18:59:03;2025-04-22 20:59:03
2025-04-22 20:00:00;2025-04-22 22:00:00;DK1;Solar;0,008750;0,000000;0,000000;0,015833;0,387917;2025-04-22 19:59:03;2025-04-22 21:59:03
2025-04-22 21:00:00;2025-04-22 23:00:00;DK1;Solar;0,000000;0,000000;0,000000;0,101667;0,000000;2025-04-22 20:59:03;2025-04-22 22:59:03
2025-04-22 22:00:00;2025-04-23 00:00:00;DK1;Solar;0,000000;0,000000;0,000000;0,000000;0,000000;2025-04-22 21:59:06;2025-04-22 23:59:06
2025-04-22 23:00:00;2025-04-23 01:00:00;DK1;Solar;0,000000;0,000000;0,000000;0,000000;0,000000;2025-04-22 22:59:06;2025-04-23 00:59:06
2025-04-23 00:00:00;2025-04-23 02:00:00;DK1;Solar;0,000000;0,000000;0,000000;0,006250;0,000000;2025-04-22 23:59:06;2025-04-23 01:59:06
2025-04-23 01:00:00;2025-04-23 03:00:00;DK1;Solar;0,000000;0,000000;0,002500;0,001250;0,000000;2025-04-23 00:59:04;2025-04-23 02:59:04
2025-04-23 02:00:00;2025-04-23 04:00:00;DK1;Solar;0,000000;0,000000;0,010000;0,000000;0,000000;2025-04-23 01:59:03;2025-04-23 03:59:03
2025-04-23 03:00:00;2025-04-23 05:00:00;DK1;Solar;0,368333;0,422917;0,387917;0,422917;0,422917;2025-04-23 02:59:02;2025-04-23 04:59:02
2025-04-23 04:00:00;2025-04-23 06:00:00;DK1;Solar;16,811251;18,224167;17,869167;19,007084;18,224167;2025-04-23 03:59:02;2025-04-23 05:59:02
2025-04-23 05:00:00;2025-04-23 07:00:00;DK1;Solar;119,669998;133,513336;122,911247;131,201248;133,513336;2025-04-23 04:59:03;2025-04-23 06:59:03
2025-04-23 06:00:00;2025-04-23 08:00:00;DK1;Solar;258,761261;256,656677;268,075836;272,855835;256,656677;2025-04-23 05:59:01;2025-04-23 07:59:01
2025-04-23 07:00:00;2025-04-23 09:00:00;DK1;Solar;458,147095;446,395416;454,061249;446,395416;451,804993;2025-04-23 06:59:03;2025-04-23 08:59:03
2025-04-23 08:00:00;2025-04-23 10:00:00;DK1;Solar;608,986267;623,107056;632,980408;623,475403;647,359985;2025-04-23 07:59:01;2025-04-23 09:59:01
2025-04-23 09:00:00;2025-04-23 11:00:00;DK1;Solar;708,011658;740,061279;749,754150;759,718750;772,263306;2025-04-23 08:59:01;2025-04-23 10:59:01
2025-04-23 10:00:00;2025-04-23 12:00:00;DK1;Solar;793,595825;798,408325;798,408325;832,094604;831,371643;2025-04-23 09:59:02;2025-04-23 11:59:02
2025-04-23 11:00:00;2025-04-23 13:00:00;DK1;Solar;852,121643;868,150818;868,150818;874,897888;794,798767;2025-04-23 10:59:01;2025-04-23 12:59:01
2025-04-23 12:00:00;2025-04-23 14:00:00;DK1;Solar;839,764160;861,398743;861,398743;856,670837;797,275024;2025-04-23 11:59:03;2025-04-23 13:59:03
2025-04-23 13:00:00;2025-04-23 15:00:00;DK1;Solar;805,077515;768,664978;781,425842;773,979553;761,314575;2025-04-23 12:59:01;2025-04-23 14:59:01
2025-04-23 14:00:00;2025-04-23 16:00:00;DK1;Solar;696,299561;670,798767;657,789612;676,827515;684,917053;2025-04-23 13:59:00;2025-04-23 15:59:00
2025-04-23 15:00:00;2025-04-23 17:00:00;DK1;Solar;504,959595;506,029175;495,937500;499,545837;556,469604;2025-04-23 14:59:01;2025-04-23 16:59:01
2025-04-23 16:00:00;2025-04-23 18:00:00;DK1;Solar;309,462494;315,598328;290,100403;329,529572;399,435425;2025-04-23 15:59:01;2025-04-23 17:59:01
2025-04-23 17:00:00;2025-04-23 19:00:00;DK1;Solar;127,804581;133,114578;128,360840;157,764587;204,749161;2025-04-23 16:59:01;2025-04-23 18:59:01
2025-04-23 18:00:00;2025-04-23 20:00:00;DK1;Solar;10,950417;11,770833;11,492500;30,643333;39,608749;2025-04-23 17:59:01;2025-04-23 19:59:01
2025-04-23 19:00:00;2025-04-23 21:00:00;DK1;Solar;0,390417;0,417500;0,417917;7,583333;1,618750;2025-04-23 18:59:01;2025-04-23 20:59:01
2025-04-23 20:00:00;2025-04-23 22:00:00;DK1;Solar;0,010417;0,010000;0,010000;0,320000;0,896250;2025-04-23 19:59:01;2025-04-23 21:59:01
2025-04-23 21:00:00;2025-04-23 23:00:00;DK1;Solar;0,020000;0,002917;0,009583;0,233333;0,551250;2025-04-23 20:59:01;2025-04-23 22:59:01
2025-04-23 22:00:00;2025-04-24 00:00:00;DK1;Solar;0,000000;0,418750;0,000000;0,145417;0,418750;2025-04-23 21:59:01;2025-04-23 23:59:01
2025-04-23 23:00:00;2025-04-24 01:00:00;DK1;Solar;0,000000;0,044583;0,000000;0,109167;0,044583;2025-04-23 22:59:01;2025-04-24 00:59:01
2025-04-24 00:00:00;2025-04-24 02:00:00;DK1;Solar;0,000000;0,025417;0,000000;0,012083;0,025417;2025-04-23 23:59:01;2025-04-24 01:59:01
2025-04-24 01:00:00;2025-04-24 03:00:00;DK1;Solar;0,005000;0,073750;0,000000;0,008333;0,073750;2025-04-24 00:59:01;2025-04-24 02:59:01
2025-04-24 02:00:00;2025-04-24 04:00:00;DK1;Solar;0,000000;0,073750;0,001250;0,018750;0,073750;2025-04-24 01:59:01;2025-04-24 03:59:01
2025-04-24 03:00:00;2025-04-24 05:00:00;DK1;Solar;0,638750;0,675000;0,612083;0,619583;0,675000;2025-04-24 02:58:45;2025-04-24 04:58:45
2025-04-24 04:00:00;2025-04-24 06:00:00;DK1;Solar;36,840832;34,246666;35,982498;34,787918;34,246666;2025-04-24 03:58:45;2025-04-24 05:58:45
2025-04-24 05:00:00;2025-04-24 07:00:00;DK1;Solar;234,164169;231,483749;238,506668;231,846252;231,483749;2025-04-24 04:58:45;2025-04-24 06:58:45
2025-04-24 06:00:00;2025-04-24 08:00:00;DK1;Solar;481,723328;449,813751;488,328735;483,815430;449,813751;2025-04-24 05:58:45;2025-04-24 07:58:45
2025-04-24 07:00:00;2025-04-24 09:00:00;DK1;Solar;774,468323;766,789612;780,207092;766,789612;700,835815;2025-04-24 06:58:45;2025-04-24 08:58:45
2025-04-24 08:00:00;2025-04-24 10:00:00;DK1;Solar;1055,872559;1037,022095;1032,138306;1017,359985;980,685852;2025-04-24 07:58:45;2025-04-24 09:58:45
2025-04-24 09:00:00;2025-04-24 11:00:00;DK1;Solar;1207,941650;1234,575806;1196,031250;1222,313721;1314,820435;2025-04-24 08:58:45;2025-04-24 10:58:45
2025-04-24 10:00:00;2025-04-24 12:00:00;DK1;Solar;1262,639526;1304,805420;1301,012939;1323,428711;1465,719604;2025-04-24 09:58:45;2025-04-24 11:58:45
2025-04-24 11:00:00;2025-04-24 13:00:00;DK1;Solar;1303,317139;1355,703735;1355,703735;1397,817139;1566,119629;2025-04-24 10:58:45;2025-04-24 12:58:45
2025-04-24 12:00:00;2025-04-24 14:00:00;DK1;Solar;1302,318359;1311,032104;1311,032104;1387,050415;1578,751221;2025-04-24 11:58:46;2025-04-24 13:58:46
2025-04-24 13:00:00;2025-04-24 15:00:00;DK1;Solar;1237,994141;1229,494995;1248,717529;1324,732910;1439,893799;2025-04-24 12:58:46;2025-04-24 14:58:46
2025-04-24 14:00:00;2025-04-24 16:00:00;DK1;Solar;1024,464600;1046,523804;1051,319214;1106,241699;1322,267456;2025-04-24 13:58:45;2025-04-24 15:58:45
2025-04-24 15:00:00;2025-04-24 17:00:00;DK1;Solar;740,661682;747,354553;755,806641;819,772522;1045,786621;2025-04-24 14:58:45;2025-04-24 16:58:45
2025-04-24 16:00:00;2025-04-24 18:00:00;DK1;Solar;419,890839;445,825836;443,510834;519,512512;672,920837;2025-04-24 15:58:45;2025-04-24 17:58:45
2025-04-24 17:00:00;2025-04-24 19:00:00;DK1;Solar;169,350418;177,786667;177,283340;237,884995;267,800842;2025-04-24 16:58:45;2025-04-24 18:58:45
2025-04-24 18:00:00;2025-04-24 20:00:00;DK1;Solar;14,796250;15,510000;15,500417;38,735832;24,524584;2025-04-24 17:58:45;2025-04-24 19:58:45
2025-04-24 19:00:00;2025-04-24 21:00:00;DK1;Solar;0,475417;0,495833;0,489167;2,718333;0,866667;2025-04-24 18:58:45;2025-04-24 20:58:45
2025-04-24 20:00:00;2025-04-24 22:00:00;DK1;Solar;0,017083;0,016250;0,000000;0,095417;0,170000;2025-04-24 19:58:45;2025-04-24 21:58:45
2025-04-24 21:00:00;2025-04-24 23:00:00;DK1;Solar;0,020000;0,015417;0,000000;0,051667;0,528750;2025-04-24 20:58:45;2025-04-24 22:58:45
2025-04-24 22:00:00;2025-04-25 00:00:00;DK1;Solar;0,000000;0,075417;0,000000;0,143750;0,075417;2025-04-24 21:58:45;2025-04-24 23:58:45
2025-04-24 23:00:00;2025-04-25 01:00:00;DK1;Solar;0,000000;0,060000;0,000000;0,018750;0,060000;2025-04-24 22:58:45;2025-04-25 00:58:45
2025-04-25 00:00:00;2025-04-25 02:00:00;DK1;Solar;0,006667;0,447083;0,006667;0,015000;0,447083;2025-04-24 23:58:45;2025-04-25 01:58:45
2025-04-25 01:00:00;2025-04-25 03:00:00;DK1;Solar;0,000000;1,239167;0,000000;0,116667;1,239167;2025-04-25 00:58:45;2025-04-25 02:58:45
2025-04-25 02:00:00;2025-04-25 04:00:00;DK1;Solar;0,000417;0,130000;0,001250;0,327083;0,130000;2025-04-25 01:58:45;2025-04-25 03:58:45
2025-04-25 03:00:00;2025-04-25 05:00:00;DK1;Solar;0,846667;0,894167;0,833333;0,897083;0,894167;2025-04-25 02:58:52;2025-04-25 04:58:52
2025-04-25 04:00:00;2025-04-25 06:00:00;DK1;Solar;49,850834;51,093334;51,690834;51,764999;51,093334;2025-04-25 03:58:52;2025-04-25 05:58:52
2025-04-25 05:00:00;2025-04-25 07:00:00;DK1;Solar;300,873322;294,559998;314,193756;305,508331;294,559998;2025-04-25 04:58:52;2025-04-25 06:58:52
2025-04-25 06:00:00;2025-04-25 08:00:00;DK1;Solar;611,286255;587,439148;626,349976;608,723755;587,439148;2025-04-25 05:58:52;2025-04-25 07:58:52
2025-04-25 07:00:00;2025-04-25 09:00:00;DK1;Solar;931,084595;902,996277;935,440430;902,996277;966,609192;2025-04-25 06:58:52;2025-04-25 08:58:52
2025-04-25 08:00:00;2025-04-25 10:00:00;DK1;Solar;1225,599121;1193,893311;1221,190796;1209,788696;1325,430054;2025-04-25 07:58:52;2025-04-25 09:58:52
2025-04-25 09:00:00;2025-04-25 11:00:00;DK1;Solar;1408,277100;1352,992065;1368,016235;1390,714111;1512,078735;2025-04-25 08:58:52;2025-04-25 10:58:52
2025-04-25 10:00:00;2025-04-25 12:00:00;DK1;Solar;1486,990845;1423,887085;1437,505371;1460,443359;1566,312134;2025-04-25 09:58:52;2025-04-25 11:58:52
2025-04-25 11:00:00;2025-04-25 13:00:00;DK1;Solar;1501,652954;1453,894165;1453,894165;1474,817871;1692,687866;2025-04-25 10:58:52;2025-04-25 12:58:52
2025-04-25 12:00:00;2025-04-25 14:00:00;DK1;Solar;1457,809570;1440,990845;1440,990845;1488,857544;1728,249146;2025-04-25 11:58:52;2025-04-25 13:58:52
2025-04-25 13:00:00;2025-04-25 15:00:00;DK1;Solar;1370,805786;1331,955811;1320,058350;1401,411621;1536,083374;2025-04-25 12:58:53;2025-04-25 14:58:53
2025-04-25 14:00:00;2025-04-25 16:00:00;DK1;Solar;1118,124634;1085,451660;1071,368286;1132,124634;1399,814941;2025-04-25 13:58:53;2025-04-25 15:58:53
2025-04-25 15:00:00;2025-04-25 17:00:00;DK1;Solar;776,761230;751,525391;751,117920;857,154602;1074,406616;2025-04-25 14:58:53;2025-04-25 16:58:53
2025-04-25 16:00:00;2025-04-25 18:00:00;DK1;Solar;452,135834;440,443756;437,345428;529,764160;690,330017;2025-04-25 15:58:53;2025-04-25 17:58:53
2025-04-25 17:00:00;2025-04-25 19:00:00;DK1;Solar;185,016251;179,308334;178,026672;243,645828;321,234589;2025-04-25 16:58:52;2025-04-25 18:58:52
2025-04-25 18:00:00;2025-04-25 20:00:00;DK1;Solar;17,866249;17,010416;17,215834;53,143333;39,527500;2025-04-25 17:58:53;2025-04-25 19:58:53
2025-04-25 19:00:00;2025-04-25 21:00:00;DK1;Solar;0,565833;0,545833;0,535000;6,265833;2,606250;2025-04-25 18:58:52;2025-04-25 20:58:52
2025-04-25 20:00:00;2025-04-25 22:00:00;DK1;Solar;0,001250;0,010000;0,007917;0,545000;1,866250;2025-04-25 19:58:52;2025-04-25 21:58:52
2025-04-25 21:00:00;2025-04-25 23:00:00;DK1;Solar;0,009583;0,010000;0,000000;0,486250;2,467917;2025-04-25 20:58:52;2025-04-25 22:58:52
2025-04-25 22:00:00;2025-04-26 00:00:00;DK1;Solar;0,000000;2,552083;0,000000;0,645000;2,552083;2025-04-25 21:58:52;2025-04-25 23:58:52
2025-04-25 23:00:00;2025-04-26 01:00:00;DK1;Solar;0,000000;2,210833;0,000000;0,666667;2,210833;2025-04-25 22:58:52;2025-04-26 00:58:52
2025-04-26 00:00:00;2025-04-26 02:00:00;DK1;Solar;0,003333;1,760000;0,003333;0,575833;1,760000;2025-04-25 23:58:52;2025-04-26 01:58:52
2025-04-26 01:00:00;2025-04-26 03:00:00;DK1;Solar;0,000000;2,054167;0,000000;0,458333;2,054167;2025-04-26 00:58:52;2025-04-26 02:58:52
2025-04-26 02:00:00;2025-04-26 04:00:00;DK1;Solar;0,002500;1,866667;0,002500;0,540833;1,866667;2025-04-26 01:58:52;2025-04-26 03:58:52
2025-04-26 03:00:00;2025-04-26 05:00:00;DK1;Solar;0,998750;1,042083;0,973333;1,444583;1,042083;2025-04-26 02:58:25;2025-04-26 04:58:25
2025-04-26 04:00:00;2025-04-26 06:00:00;DK1;Solar;61,949165;58,479584;59,844582;58,237499;58,479584;2025-04-26 03:58:25;2025-04-26 05:58:25
2025-04-26 05:00:00;2025-04-26 07:00:00;DK1;Solar;340,111237;317,694153;326,352905;324,015411;317,694153;2025-04-26 04:58:25;2025-04-26 06:58:25
2025-04-26 06:00:00;2025-04-26 08:00:00;DK1;Solar;691,624146;684,895020;656,697937;643,635010;684,895020;2025-04-26 05:58:25;2025-04-26 07:58:25
2025-04-26 07:00:00;2025-04-26 09:00:00;DK1;Solar;1045,250854;1029,617065;995,290405;1029,617065;1167,070801;2025-04-26 06:58:25;2025-04-26 08:58:25
2025-04-26 08:00:00;2025-04-26 10:00:00;DK1;Solar;1254,154175;1282,489990;1233,802856;1319,811279;1539,462036;2025-04-26 07:58:25;2025-04-26 09:58:25
2025-04-26 09:00:00;2025-04-26 11:00:00;DK1;Solar;1082,501221;1109,477051;1080,272461;1316,970825;1484,459961;2025-04-26 08:58:25;2025-04-26 10:58:25
2025-04-26 10:00:00;2025-04-26 12:00:00;DK1;Solar;787,864990;804,827515;786,525818;1016,278320;1217,796631;2025-04-26 09:58:25;2025-04-26 11:58:25
2025-04-26 11:00:00;2025-04-26 13:00:00;DK1;Solar;855,157471;853,219971;853,219971;1071,182861;1310,424561;2025-04-26 10:58:25;2025-04-26 12:58:25
2025-04-26 12:00:00;2025-04-26 14:00:00;DK1;Solar;757,526672;759,487061;759,487061;978,944580;1097,750854;2025-04-26 11:58:27;2025-04-26 13:58:27
2025-04-26 13:00:00;2025-04-26 15:00:00;DK1;Solar;757,897522;758,599182;870,012085;911,634583;974,756653;2025-04-26 12:58:26;2025-04-26 14:58:26
2025-04-26 14:00:00;2025-04-26 16:00:00;DK1;Solar;837,690002;829,864563;836,815430;892,032471;1027,320801;2025-04-26 13:58:25;2025-04-26 15:58:25
2025-04-26 15:00:00;2025-04-26 17:00:00;DK1;Solar;749,775024;721,077942;732,706238;691,745850;843,639587;2025-04-26 14:58:25;2025-04-26 16:58:25
2025-04-26 16:00:00;2025-04-26 18:00:00;DK1;Solar;426,032074;424,809174;372,771240;437,237488;733,936646;2025-04-26 15:58:25;2025-04-26 17:58:25
2025-04-26 17:00:00;2025-04-26 19:00:00;DK1;Solar;171,294998;177,121246;167,173752;254,110413;315,063751;2025-04-26 16:58:25;2025-04-26 18:58:25
2025-04-26 18:00:00;2025-04-26 20:00:00;DK1;Solar;17,808750;18,223749;17,506666;54,121250;39,296249;2025-04-26 17:58:25;2025-04-26 19:58:25
2025-04-26 19:00:00;2025-04-26 21:00:00;DK1;Solar;0,585417;0,572500;0,617500;5,862916;0,322083;2025-04-26 18:58:25;2025-04-26 20:58:25
2025-04-26 20:00:00;2025-04-26 22:00:00;DK1;Solar;0,001250;0,000000;0,009583;0,002083;0,050833;2025-04-26 19:58:25;2025-04-26 21:58:25
2025-04-26 21:00:00;2025-04-26 23:00:00;DK1;Solar;0,010000;0,000000;0,000000;0,015417;0,053333;2025-04-26 20:58:25;2025-04-26 22:58:25
2025-04-26 22:00:00;2025-04-27 00:00:00;DK1;Solar;0,000000;0,961250;0,000000;0,013750;0,961250;2025-04-26 21:58:25;2025-04-26 23:58:25
2025-04-26 23:00:00;2025-04-27 01:00:00;DK1;Solar;0,000000;0,780000;0,000000;0,250000;0,780000;2025-04-26 22:58:24;2025-04-27 00:58:24
2025-04-27 00:00:00;2025-04-27 02:00:00;DK1;Solar;0,000000;0,682917;0,000000;0,205417;0,682917;2025-04-26 23:58:25;2025-04-27 01:58:25
2025-04-27 01:00:00;2025-04-27 03:00:00;DK1;Solar;0,005000;1,750417;0,005000;0,181250;1,750417;2025-04-27 00:58:25;2025-04-27 02:58:25
2025-04-27 02:00:00;2025-04-27 04:00:00;DK1;Solar;0,005000;1,582083;0,006667;0,465000;1,582083;2025-04-27 01:58:25;2025-04-27 03:58:25
2025-04-27 03:00:00;2025-04-27 05:00:00;DK1;Solar;1,166667;2,897500;1,152083;1,609583;2,897500;2025-04-27 02:58:36;2025-04-27 04:58:36
2025-04-27 04:00:00;2025-04-27 06:00:00;DK1;Solar;60,957500;71,142082;68,918335;70,187080;71,142082;2025-04-27 03:58:35;2025-04-27 05:58:35
2025-04-27 05:00:00;2025-04-27 07:00:00;DK1;Solar;304,198334;300,744171;350,399170;354,057098;300,744171;2025-04-27 04:58:36;2025-04-27 06:58:36
2025-04-27 06:00:00;2025-04-27 08:00:00;DK1;Solar;593,707947;625,337524;679,102478;621,140442;625,337524;2025-04-27 05:58:36;2025-04-27 07:58:36
2025-04-27 07:00:00;2025-04-27 09:00:00;DK1;Solar;801,386658;852,337097;918,656677;852,337097;968,775024;2025-04-27 06:58:36;2025-04-27 08:58:36
2025-04-27 08:00:00;2025-04-27 10:00:00;DK1;Solar;679,348328;699,381653;684,157471;728,605835;639,047485;2025-04-27 07:58:35;2025-04-27 09:58:35
2025-04-27 09:00:00;2025-04-27 11:00:00;DK1;Solar;737,923340;762,718750;744,112915;717,995850;927,942078;2025-04-27 08:58:35;2025-04-27 10:58:35
2025-04-27 10:00:00;2025-04-27 12:00:00;DK1;Solar;751,690002;794,496277;770,783325;816,775391;975,457520;2025-04-27 09:58:35;2025-04-27 11:58:35
2025-04-27 11:00:00;2025-04-27 13:00:00;DK1;Solar;706,690857;768,523315;768,523315;795,669189;935,693359;2025-04-27 10:58:36;2025-04-27 12:58:36
2025-04-27 12:00:00;2025-04-27 14:00:00;DK1;Solar;676,039185;725,555847;725,555847;754,541260;962,267090;2025-04-27 11:58:36;2025-04-27 13:58:36
2025-04-27 13:00:00;2025-04-27 15:00:00;DK1;Solar;625,190857;660,703308;634,157471;704,537903;781,701660;2025-04-27 12:58:36;2025-04-27 14:58:36
2025-04-27 14:00:00;2025-04-27 16:00:00;DK1;Solar;566,192078;590,749146;570,422485;606,655823;721,539612;2025-04-27 13:58:35;2025-04-27 15:58:35
2025-04-27 15:00:00;2025-04-27 17:00:00;DK1;Solar;659,077515;726,494568;656,811646;679,315430;832,814575;2025-04-27 14:58:37;2025-04-27 16:58:37
2025-04-27 16:00:00;2025-04-27 18:00:00;DK1;Solar;408,859985;447,083740;405,677917;453,325012;463,591675;2025-04-27 15:58:40;2025-04-27 17:58:40
2025-04-27 17:00:00;2025-04-27 19:00:00;DK1;Solar;179,825424;191,585007;176,659164;189,519165;294,247925;2025-04-27 16:58:36;2025-04-27 18:58:36
2025-04-27 18:00:00;2025-04-27 20:00:00;DK1;Solar;21,242916;21,994167;20,887917;46,911251;25,934166;2025-04-27 17:58:35;2025-04-27 19:58:35
2025-04-27 19:00:00;2025-04-27 21:00:00;DK1;Solar;0,704583;0,705417;0,694583;1,586250;1,418333;2025-04-27 18:58:35;2025-04-27 20:58:35
2025-04-27 20:00:00;2025-04-27 22:00:00;DK1;Solar;0,010000;0,000000;0,000000;0,194167;1,073333;2025-04-27 19:58:39;2025-04-27 21:58:39
2025-04-27 21:00:00;2025-04-27 23:00:00;DK1;Solar;0,008750;0,000000;0,007083;0,278750;0,759167;2025-04-27 20:58:36;2025-04-27 22:58:36
2025-04-27 22:00:00;2025-04-28 00:00:00;DK1;Solar;0,010000;0,750000;0,010000;0,200000;0,750000;2025-04-27 21:58:36;2025-04-27 23:58:36
2025-04-27 23:00:00;2025-04-28 01:00:00;DK1;Solar;0,000417;0,689167;0,000417;0,195417;0,689167;2025-04-27 22:58:35;2025-04-28 00:58:35
2025-04-28 00:00:00;2025-04-28 02:00:00;DK1;Solar;0,000000;1,243750;0,000000;0,182917;1,243750;2025-04-27 23:58:35;2025-04-28 01:58:35
2025-04-28 01:00:00;2025-04-28 03:00:00;DK1;Solar;0,000000;1,060833;0,000000;0,324167;1,060833;2025-04-28 00:58:35;2025-04-28 02:58:35
2025-04-28 02:00:00;2025-04-28 04:00:00;DK1;Solar;0,009167;1,040000;0,012917;0,287917;1,040000;2025-04-28 01:58:36;2025-04-28 03:58:36
2025-04-28 03:00:00;2025-04-28 05:00:00;DK1;Solar;1,277500;2,872500;1,340417;1,622500;2,872500;2025-04-28 02:59:14;2025-04-28 04:59:14
2025-04-28 04:00:00;2025-04-28 06:00:00;DK1;Solar;59,062084;74,498749;71,195831;73,330833;74,498749;2025-04-28 03:59:14;2025-04-28 05:59:14
2025-04-28 05:00:00;2025-04-28 07:00:00;DK1;Solar;271,795837;319,876251;321,237091;332,512512;319,876251;2025-04-28 04:59:14;2025-04-28 06:59:14
2025-04-28 06:00:00;2025-04-28 08:00:00;DK1;Solar;523,507935;637,881226;658,463745;639,191650;637,881226;2025-04-28 05:59:14;2025-04-28 07:59:14
2025-04-28 07:00:00;2025-04-28 09:00:00;DK1;Solar;787,277100;942,541687;961,139160;942,541687;980,678345;2025-04-28 06:59:14;2025-04-28 08:59:14
2025-04-28 08:00:00;2025-04-28 10:00:00;DK1;Solar;1007,942505;1165,794189;1174,892944;1175,541626;1316,915894;2025-04-28 07:59:14;2025-04-28 09:59:14
2025-04-28 09:00:00;2025-04-28 11:00:00;DK1;Solar;971,957947;1038,544556;1027,707520;1123,114990;1079,912476;2025-04-28 08:59:13;2025-04-28 10:59:13
2025-04-28 10:00:00;2025-04-28 12:00:00;DK1;Solar;739,098328;756,585815;751,148315;757,787109;1059,615356;2025-04-28 09:59:14;2025-04-28 11:59:14
2025-04-28 11:00:00;2025-04-28 13:00:00;DK1;Solar;698,104553;709,039978;709,039978;789,311279;858,529175;2025-04-28 10:59:15;2025-04-28 12:59:15
2025-04-28 12:00:00;2025-04-28 14:00:00;DK1;Solar;669,221680;681,305420;681,305420;696,750000;854,732056;2025-04-28 11:59:29;2025-04-28 13:59:29
2025-04-28 13:00:00;2025-04-28 15:00:00;DK1;Solar;689,109985;728,133728;734,278320;697,566223;965,990417;2025-04-28 12:59:14;2025-04-28 14:59:14
2025-04-28 14:00:00;2025-04-28 16:00:00;DK1;Solar;878,817505;984,294189;1007,198730;904,675415;1059,880005;2025-04-28 13:59:14;2025-04-28 15:59:14
2025-04-28 15:00:00;2025-04-28 17:00:00;DK1;Solar;657,421265;734,584167;754,379150;691,809998;934,436279;2025-04-28 14:59:14;2025-04-28 16:59:14
2025-04-28 16:00:00;2025-04-28 18:00:00;DK1;Solar;389,959167;447,993744;408,080414;462,999176;688,390808;2025-04-28 15:59:14;2025-04-28 17:59:14
2025-04-28 17:00:00;2025-04-28 19:00:00;DK1;Solar;163,774994;190,467911;165,915421;254,098755;294,642090;2025-04-28 16:59:14;2025-04-28 18:59:14
2025-04-28 18:00:00;2025-04-28 20:00:00;DK1;Solar;21,265417;22,599167;21,122084;49,224583;38,680000;2025-04-28 17:59:14;2025-04-28 19:59:14
2025-04-28 19:00:00;2025-04-28 21:00:00;DK1;Solar;0,771667;0,724167;0,740000;4,778333;2,686667;2025-04-28 18:59:14;2025-04-28 20:59:14
2025-04-28 20:00:00;2025-04-28 22:00:00;DK1;Solar;0,010000;0,007083;0,010000;0,518333;2,324167;2025-04-28 19:59:14;2025-04-28 21:59:14
2025-04-28 21:00:00;2025-04-28 23:00:00;DK1;Solar;0,013750;0,000000;0,002083;0,606250;2,272083;2025-04-28 20:59:14;2025-04-28 22:59:14
2025-04-28 22:00:00;2025-04-29 00:00:00;DK1;Solar;0,000000;1,433750;0,000000;0,593333;1,433750;2025-04-28 21:59:14;2025-04-28 23:59:14
2025-04-28 23:00:00;2025-04-29 01:00:00;DK1;Solar;0,000000;0,789583;0,000000;0,375000;0,789583;2025-04-28 22:59:14;2025-04-29 00:59:14
2025-04-29 00:00:00;2025-04-29 02:00:00;DK1;Solar;0,000000;0,981667;0,000000;0,205417;0,981667;2025-04-28 23:59:14;2025-04-29 01:59:14
2025-04-29 01:00:00;2025-04-29 03:00:00;DK1;Solar;0,009583;0,984583;0,000000;0,255417;0,984583;2025-04-29 00:59:14;2025-04-29 02:59:14
2025-04-29 02:00:00;2025-04-29 04:00:00;DK1;Solar;0,024583;0,714167;0,015833;0,275833;0,714167;2025-04-29 01:59:13;2025-04-29 03:59:13
2025-04-29 03:00:00;2025-04-29 05:00:00;DK1;Solar;1,219583;1,901250;1,332083;1,580417;1,901250;2025-04-29 02:58:28;2025-04-29 04:58:28
2025-04-29 04:00:00;2025-04-29 06:00:00;DK1;Solar;59,290417;66,525002;62,637501;65,600830;66,525002;2025-04-29 03:58:28;2025-04-29 05:58:28
2025-04-29 05:00:00;2025-04-29 07:00:00;DK1;Solar;268,981659;284,647095;287,670013;294,097931;284,647095;2025-04-29 04:58:28;2025-04-29 06:58:28
2025-04-29 06:00:00;2025-04-29 08:00:00;DK1;Solar;574,392090;609,449585;629,546692;620,157898;609,449585;2025-04-29 05:58:28;2025-04-29 07:58:28
2025-04-29 07:00:00;2025-04-29 09:00:00;DK1;Solar;951,809570;997,597900;995,986267;997,597900;1036,281616;2025-04-29 06:58:28;2025-04-29 08:58:28
2025-04-29 08:00:00;2025-04-29 10:00:00;DK1;Solar;1273,132080;1284,584961;1280,589111;1293,406250;1346,345459;2025-04-29 07:58:28;2025-04-29 09:58:28
2025-04-29 09:00:00;2025-04-29 11:00:00;DK1;Solar;1166,776245;1170,245361;1166,257446;1193,501709;1372,059570;2025-04-29 08:58:28;2025-04-29 10:58:28
2025-04-29 10:00:00;2025-04-29 12:00:00;DK1;Solar;906,174561;911,382935;907,401672;965,825806;1102,472534;2025-04-29 09:58:28;2025-04-29 11:58:28
2025-04-29 11:00:00;2025-04-29 13:00:00;DK1;Solar;886,988342;893,829590;893,829590;929,430847;1230,159180;2025-04-29 10:58:29;2025-04-29 12:58:29
2025-04-29 12:00:00;2025-04-29 14:00:00;DK1;Solar;867,275024;874,273743;874,273743;946,063354;1134,524536;2025-04-29 11:58:30;2025-04-29 13:58:30
2025-04-29 13:00:00;2025-04-29 15:00:00;DK1;Solar;1040,729980;1045,828735;1050,052490;1100,310059;1309,781250;2025-04-29 12:58:30;2025-04-29 14:58:30
2025-04-29 14:00:00;2025-04-29 16:00:00;DK1;Solar;1115,543335;1059,347046;1079,917969;1057,221191;1246,407104;2025-04-29 13:58:28;2025-04-29 15:58:28
2025-04-29 15:00:00;2025-04-29 17:00:00;DK1;Solar;806,464172;734,633728;764,570435;783,165405;1126,008789;2025-04-29 14:58:28;2025-04-29 16:58:28
2025-04-29 16:00:00;2025-04-29 18:00:00;DK1;Solar;477,606659;431,749176;403,640015;533,721680;696,515808;2025-04-29 15:58:28;2025-04-29 17:58:28
2025-04-29 17:00:00;2025-04-29 19:00:00;DK1;Solar;200,934586;182,579163;172,577911;249,337921;285,114594;2025-04-29 16:58:28;2025-04-29 18:58:28
2025-04-29 18:00:00;2025-04-29 20:00:00;DK1;Solar;25,465834;23,298750;22,854584;48,037918;34,256668;2025-04-29 17:58:28;2025-04-29 19:58:28
2025-04-29 19:00:00;2025-04-29 21:00:00;DK1;Solar;0,812917;0,762083;0,756667;3,490417;2,117917;2025-04-29 18:58:28;2025-04-29 20:58:28
2025-04-29 20:00:00;2025-04-29 22:00:00;DK1;Solar;0,010000;0,000000;0,007917;0,360000;0,032500;2025-04-29 19:58:28;2025-04-29 21:58:28
2025-04-29 21:00:00;2025-04-29 23:00:00;DK1;Solar;0,000417;0,000000;0,001250;0,009167;0,048333;2025-04-29 20:58:28;2025-04-29 22:58:28
2025-04-29 22:00:00;2025-04-30 00:00:00;DK1;Solar;0,000000;0,160000;0,000000;0,015417;0,160000;2025-04-29 21:58:28;2025-04-29 23:58:28
2025-04-29 23:00:00;2025-04-30 01:00:00;DK1;Solar;0,000000;0,053333;0,000000;0,041667;0,053333;2025-04-29 22:58:28;2025-04-30 00:58:28
2025-04-30 00:00:00;2025-04-30 02:00:00;DK1;Solar;0,000000;0,055833;0,000000;0,016250;0,055833;2025-04-29 23:58:28;2025-04-30 01:58:28
2025-04-30 01:00:00;2025-04-30 03:00:00;DK1;Solar;0,000000;0,050833;0,000000;0,013750;0,050833;2025-04-30 00:58:38;2025-04-30 02:58:38
2025-04-30 02:00:00;2025-04-30 04:00:00;DK1;Solar;0,025000;0,047083;0,025833;0,035417;0,047083;2025-04-30 01:58:29;2025-04-30 03:58:29
2025-04-30 03:00:00;2025-04-30 05:00:00;DK1;Solar;1,498333;1,531250;1,541250;1,565833;1,531250;2025-04-30 02:58:29;2025-04-30 04:58:29
2025-04-30 04:00:00;2025-04-30 06:00:00;DK1;Solar;62,674999;62,075832;64,285416;62,845833;62,075832;2025-04-30 03:58:29;2025-04-30 05:58:29
2025-04-30 05:00:00;2025-04-30 07:00:00;DK1;Solar;251,972076;235,099167;254,669586;252,664581;235,099167;2025-04-30 04:58:28;2025-04-30 06:58:28
2025-04-30 06:00:00;2025-04-30 08:00:00;DK1;Solar;503,175415;468,383331;497,236664;487,200409;468,383331;2025-04-30 05:58:29;2025-04-30 07:58:29
2025-04-30 07:00:00;2025-04-30 09:00:00;DK1;Solar;821,848328;783,990417;795,652527;783,990417;809,355835;2025-04-30 06:58:28;2025-04-30 08:58:28
2025-04-30 08:00:00;2025-04-30 10:00:00;DK1;Solar;1106,430054;1065,712524;1071,149536;1070,797485;1256,992065;2025-04-30 07:58:29;2025-04-30 09:58:29
2025-04-30 09:00:00;2025-04-30 11:00:00;DK1;Solar;1103,607910;1085,944214;1062,981689;1133,582886;1357,037476;2025-04-30 08:58:28;2025-04-30 10:58:28
2025-04-30 10:00:00;2025-04-30 12:00:00;DK1;Solar;821,442505;840,120422;840,120422;908,575806;1101,104980;2025-04-30 09:58:29;2025-04-30 11:58:29
2025-04-30 11:00:00;2025-04-30 13:00:00;DK1;Solar;835,637939;847,299988;847,299988;926,392944;1112,464966;2025-04-30 10:58:28;2025-04-30 12:58:28
2025-04-30 12:00:00;2025-04-30 14:00:00;DK1;Solar;788,435852;790,427917;790,427917;864,302917;1052,153320;2025-04-30 11:58:29;2025-04-30 13:58:29
2025-04-30 13:00:00;2025-04-30 15:00:00;DK1;Solar;1073,564209;1056,624146;1057,887939;1116,177124;1230,197510;2025-04-30 12:58:30;2025-04-30 14:58:30
2025-04-30 14:00:00;2025-04-30 16:00:00;DK1;Solar;1180,500854;1113,247559;1119,764160;1022,550415;1137,797974;2025-04-30 13:58:29;2025-04-30 15:58:29
2025-04-30 15:00:00;2025-04-30 17:00:00;DK1;Solar;853,970825;763,567078;784,153320;728,919983;1069,887939;2025-04-30 14:58:28;2025-04-30 16:58:28
2025-04-30 16:00:00;2025-04-30 18:00:00;DK1;Solar;505,282501;439,763336;410,447510;495,378754;732,609192;2025-04-30 15:58:29;2025-04-30 17:58:29
2025-04-30 17:00:00;2025-04-30 19:00:00;DK1;Solar;217,640839;193,102493;173,059998;262,247498;680,384583;2025-04-30 16:58:28;2025-04-30 18:58:28
2025-04-30 18:00:00;2025-04-30 20:00:00;DK1;Solar;29,955000;27,152500;23,605000;152,918335;671,612915;2025-04-30 17:58:28;2025-04-30 19:58:28
2025-04-30 19:00:00;2025-04-30 21:00:00;DK1;Solar;0,947083;0,872500;0,828750;168,936249;723,271667;2025-04-30 18:58:28;2025-04-30 20:58:28
2025-04-30 20:00:00;2025-04-30 22:00:00;DK1;Solar;0,010000;0,017500;0,010000;188,144165;727,087097;2025-04-30 19:58:29;2025-04-30 21:58:29
2025-04-30 21:00:00;2025-04-30 23:00:00;DK1;Solar;0,010000;0,002083;0,010000;189,348755;727,090027;2025-04-30 20:58:28;2025-04-30 22:58:28
2025-04-30 22:00:00;2025-05-01 00:00:00;DK1;Solar;0,005833;727,085388;0,010000;189,347076;727,085388;2025-04-30 21:58:28;2025-04-30 23:58:28
2025-04-30 23:00:00;2025-05-01 01:00:00;DK1;Solar;0,010000;24,000000;0,010000;189,346252;24,000000;2025-04-30 22:58:28;2025-05-01 00:58:28
2025-05-01 00:00:00;2025-05-01 02:00:00;DK1;Solar;0,009583;24,000000;0,009583;6,250000;24,000000;2025-04-30 23:58:29;2025-05-01 01:58:29
2025-05-01 01:00:00;2025-05-01 03:00:00;DK1;Solar;0,000000;24,000000;0,000000;6,250000;24,000000;2025-05-01 00:58:29;2025-05-01 02:58:29
2025-05-01 02:00:00;2025-05-01 04:00:00;DK1;Solar;0,034167;0,028750;0,034167;6,280833;0,028750;2025-05-01 01:58:31;2025-05-01 03:58:31
2025-05-01 03:00:00;2025-05-01 05:00:00;DK1;Solar;2,047083;1,979167;1,980000;1,979167;1,979167;2025-05-01 02:58:39;2025-05-01 04:58:39
2025-05-01 04:00:00;2025-05-01 06:00:00;DK1;Solar;88,019997;87,015831;87,300003;87,015831;87,015831;2025-05-01 03:58:39;2025-05-01 05:58:39
2025-05-01 05:00:00;2025-05-01 07:00:00;DK1;Solar;354,868744;355,583344;354,339569;354,820007;355,583344;2025-05-01 04:58:40;2025-05-01 06:58:40
2025-05-01 06:00:00;2025-05-01 08:00:00;DK1;Solar;693,154175;703,000427;703,999146;703,000427;703,000427;2025-05-01 05:58:39;2025-05-01 07:58:39
2025-05-01 07:00:00;2025-05-01 09:00:00;DK1;Solar;920,280029;930,044189;930,026245;930,044189;801,008728;2025-05-01 06:58:39;2025-05-01 08:58:39
2025-05-01 08:00:00;2025-05-01 10:00:00;DK1;Solar;802,224609;804,621277;797,890808;760,163757;973,637939;2025-05-01 07:58:39;2025-05-01 09:58:39
2025-05-01 09:00:00;2025-05-01 11:00:00;DK1;Solar;764,661682;767,273743;766,344177;897,809998;1234,440796;2025-05-01 08:58:40;2025-05-01 10:58:40
2025-05-01 10:00:00;2025-05-01 12:00:00;DK1;Solar;795,932068;811,677063;811,677063;904,729187;1388,163696;2025-05-01 09:58:39;2025-05-01 11:58:39
2025-05-01 11:00:00;2025-05-01 13:00:00;DK1;Solar;797,535400;825,920410;825,920410;939,062073;1428,196655;2025-05-01 10:58:40;2025-05-01 12:58:40
2025-05-01 12:00:00;2025-05-01 14:00:00;DK1;Solar;754,119995;802,967102;802,967102;958,869568;1323,216309;2025-05-01 11:58:43;2025-05-01 13:58:43
2025-05-01 13:00:00;2025-05-01 15:00:00;DK1;Solar;684,851685;721,415405;690,841248;796,996277;1239,820435;2025-05-01 12:58:42;2025-05-01 14:58:42
2025-05-01 14:00:00;2025-05-01 16:00:00;DK1;Solar;659,429138;663,515442;655,566650;779,994995;987,298767;2025-05-01 13:58:40;2025-05-01 15:58:40
2025-05-01 15:00:00;2025-05-01 17:00:00;DK1;Solar;880,206238;888,256653;821,094971;868,027893;1059,519165;2025-05-01 14:58:40;2025-05-01 16:58:40
2025-05-01 16:00:00;2025-05-01 18:00:00;DK1;Solar;504,565826;530,872070;477,427917;545,661255;765,985413;2025-05-01 15:58:39;2025-05-01 17:58:39
2025-05-01 17:00:00;2025-05-01 19:00:00;DK1;Solar;205,579590;222,934998;200,138748;276,777496;306,508759;2025-05-01 16:58:39;2025-05-01 18:58:39
2025-05-01 18:00:00;2025-05-01 20:00:00;DK1;Solar;27,961250;30,456249;28,541250;55,799168;52,514999;2025-05-01 17:58:39;2025-05-01 19:58:39
2025-05-01 19:00:00;2025-05-01 21:00:00;DK1;Solar;0,853750;0,913333;0,931250;6,938750;12,942500;2025-05-01 18:58:40;2025-05-01 20:58:40
2025-05-01 20:00:00;2025-05-01 22:00:00;DK1;Solar;0,010000;0,000000;0,010000;3,131250;3,150000;2025-05-01 19:58:39;2025-05-01 21:58:39
2025-05-01 21:00:00;2025-05-01 23:00:00;DK1;Solar;0,010000;0,000000;0,010000;0,828333;2,807083;2025-05-01 20:58:41;2025-05-01 22:58:41
2025-05-01 22:00:00;2025-05-02 00:00:00;DK1;Solar;0,000417;1,510000;0,002083;0,737083;1,510000;2025-05-01 21:58:39;2025-05-01 23:58:39
2025-05-01 23:00:00;2025-05-02 01:00:00;DK1;Solar;0,000000;2,105417;0,009583;0,397083;2,105417;2025-05-01 22:58:39;2025-05-02 00:58:39
2025-05-02 00:00:00;2025-05-02 02:00:00;DK1;Solar;0,000000;2,432917;0,000417;0,550000;2,432917;2025-05-01 23:58:41;2025-05-02 01:58:41
2025-05-02 01:00:00;2025-05-02 03:00:00;DK1;Solar;0,000000;0,599167;0,000000;0,633333;0,599167;2025-05-02 00:58:40;2025-05-02 02:58:40
2025-05-02 02:00:00;2025-05-02 04:00:00;DK1;Solar;0,035000;0,838333;0,035000;0,194167;0,838333;2025-05-02 01:58:40;2025-05-02 03:58:40
2025-05-02 03:00:00;2025-05-02 05:00:00;DK1;Solar;1,969167;2,091250;1,958750;2,089583;2,091250;2025-05-02 02:58:48;2025-05-02 04:58:48
2025-05-02 04:00:00;2025-05-02 06:00:00;DK1;Solar;63,228333;64,342499;65,246246;62,785831;64,342499;2025-05-02 03:58:47;2025-05-02 05:58:47
2025-05-02 05:00:00;2025-05-02 07:00:00;DK1;Solar;234,509171;233,650421;254,124161;245,727493;233,650421;2025-05-02 04:58:47;2025-05-02 06:58:47
2025-05-02 06:00:00;2025-05-02 08:00:00;DK1;Solar;438,401672;431,780823;496,704987;481,346252;431,780823;2025-05-02 05:58:49;2025-05-02 07:58:49
2025-05-02 07:00:00;2025-05-02 09:00:00;DK1;Solar;672,529175;752,155396;788,651672;752,155396;778,076233;2025-05-02 06:58:47;2025-05-02 08:58:47
2025-05-02 08:00:00;2025-05-02 10:00:00;DK1;Solar;793,301697;968,629578;947,911682;971,823303;1101,920776;2025-05-02 07:58:48;2025-05-02 09:58:48
2025-05-02 09:00:00;2025-05-02 11:00:00;DK1;Solar;864,075012;947,580017;918,819580;994,770020;1250,067139;2025-05-02 08:58:47;2025-05-02 10:58:47
2025-05-02 10:00:00;2025-05-02 12:00:00;DK1;Solar;759,599976;814,273315;814,273315;1191,115845;1158,552124;2025-05-02 09:58:47;2025-05-02 11:58:47
2025-05-02 11:00:00;2025-05-02 13:00:00;DK1;Solar;749,146667;783,001648;783,001648;1129,442871;1133,507935;2025-05-02 10:58:48;2025-05-02 12:58:48
2025-05-02 12:00:00;2025-05-02 14:00:00;DK1;Solar;770,417053;796,018738;796,018738;1161,766235;1271,774170;2025-05-02 11:58:49;2025-05-02 13:58:49
2025-05-02 13:00:00;2025-05-02 15:00:00;DK1;Solar;1030,331299;1050,866699;1066,510010;1496,419556;1286,490356;2025-05-02 12:58:50;2025-05-02 14:58:50
2025-05-02 14:00:00;2025-05-02 16:00:00;DK1;Solar;950,541260;1103,097534;1480,249146;1238,836304;1220,656616;2025-05-02 13:58:48;2025-05-02 15:58:48
2025-05-02 15:00:00;2025-05-02 17:00:00;DK1;Solar;784,543762;885,798340;1235,692139;1105,752075;1115,232544;2025-05-02 14:58:47;2025-05-02 16:58:47
2025-05-02 16:00:00;2025-05-02 18:00:00;DK1;Solar;476,977905;527,733337;692,523315;682,947510;683,002075;2025-05-02 15:58:47;2025-05-02 17:58:47
2025-05-02 17:00:00;2025-05-02 19:00:00;DK1;Solar;209,670837;228,058746;301,883331;308,505402;293,717499;2025-05-02 16:58:47;2025-05-02 18:58:47
2025-05-02 18:00:00;2025-05-02 20:00:00;DK1;Solar;33,300835;34,775002;51,169998;47,089584;24,539167;2025-05-02 17:58:47;2025-05-02 19:58:47
2025-05-02 19:00:00;2025-05-02 21:00:00;DK1;Solar;1,107917;1,073333;1,926250;0,002083;6,000417;2025-05-02 18:58:47;2025-05-02 20:58:47
2025-05-02 20:00:00;2025-05-02 22:00:00;DK1;Solar;0,000000;0,000000;0,009583;1,066250;4,480000;2025-05-02 19:58:47;2025-05-02 21:58:47
2025-05-02 21:00:00;2025-05-02 23:00:00;DK1;Solar;0,000000;0,000000;0,000000;1,166667;5,522500;2025-05-02 20:58:48;2025-05-02 22:58:48
2025-05-02 22:00:00;2025-05-03 00:00:00;DK1;Solar;0,000000;5,962083;0,010000;1,439583;5,962083;2025-05-02 21:58:47;2025-05-02 23:58:47
2025-05-02 23:00:00;2025-05-03 01:00:00;DK1;Solar;0,000000;6,080000;0,007917;1,555833;6,080000;2025-05-02 22:58:48;2025-05-03 00:58:48
2025-05-03 00:00:00;2025-05-03 02:00:00;DK1;Solar;0,002083;5,815417;0,002083;1,591250;5,815417;2025-05-02 23:58:48;2025-05-03 01:58:48
2025-05-03 01:00:00;2025-05-03 03:00:00;DK1;Solar;0,021250;5,988750;0,001667;1,517083;5,988750;2025-05-03 00:58:48;2025-05-03 02:58:48
2025-05-03 02:00:00;2025-05-03 04:00:00;DK1;Solar;0,106250;6,394166;0,092917;1,639167;6,394166;2025-05-03 01:58:48;2025-05-03 03:58:48
2025-05-03 03:00:00;2025-05-03 05:00:00;DK1;Solar;5,028333;9,015417;4,028750;5,525417;9,015417;2025-05-03 02:58:42;2025-05-03 04:58:42
2025-05-03 04:00:00;2025-05-03 06:00:00;DK1;Solar;133,213745;117,760834;118,084167;116,080002;117,760834;2025-05-03 03:58:42;2025-05-03 05:58:42
2025-05-03 05:00:00;2025-05-03 07:00:00;DK1;Solar;420,054993;366,507080;391,110413;409,357910;366,507080;2025-05-03 04:58:42;2025-05-03 06:58:42
2025-05-03 06:00:00;2025-05-03 08:00:00;DK1;Solar;662,874573;609,741638;630,264587;693,615845;609,741638;2025-05-03 05:58:42;2025-05-03 07:58:42
2025-05-03 07:00:00;2025-05-03 09:00:00;DK1;Solar;800,349976;804,812073;773,895813;804,812073;657,344971;2025-05-03 06:58:44;2025-05-03 08:58:44
2025-05-03 08:00:00;2025-05-03 10:00:00;DK1;Solar;764,200806;705,171265;656,272522;660,166687;588,707092;2025-05-03 07:58:43;2025-05-03 09:58:43
2025-05-03 09:00:00;2025-05-03 11:00:00;DK1;Solar;675,897888;642,853760;622,802063;683,607910;606,450012;2025-05-03 08:58:42;2025-05-03 10:58:42
2025-05-03 10:00:00;2025-05-03 12:00:00;DK1;Solar;471,549164;420,410431;420,410431;428,896240;458,451660;2025-05-03 09:58:42;2025-05-03 11:58:42
2025-05-03 11:00:00;2025-05-03 13:00:00;DK1;Solar;381,949158;327,660004;327,660004;322,343750;431,967072;2025-05-03 10:58:42;2025-05-03 12:58:42
2025-05-03 12:00:00;2025-05-03 14:00:00;DK1;Solar;343,503754;312,100006;312,100006;325,148346;439,422485;2025-05-03 11:58:43;2025-05-03 13:58:43
2025-05-03 13:00:00;2025-05-03 15:00:00;DK1;Solar;417,752502;382,135406;437,026245;442,187500;537,054138;2025-05-03 12:58:45;2025-05-03 14:58:45
2025-05-03 14:00:00;2025-05-03 16:00:00;DK1;Solar;413,570007;394,119995;391,898743;377,812073;452,637909;2025-05-03 13:58:42;2025-05-03 15:58:42
2025-05-03 15:00:00;2025-05-03 17:00:00;DK1;Solar;411,309570;411,775421;355,037506;376,745819;514,727905;2025-05-03 14:58:44;2025-05-03 16:58:44
2025-05-03 16:00:00;2025-05-03 18:00:00;DK1;Solar;314,385406;331,691254;270,671265;315,441681;435,550842;2025-05-03 15:58:42;2025-05-03 17:58:42
2025-05-03 17:00:00;2025-05-03 19:00:00;DK1;Solar;174,525833;185,347076;157,445419;205,597076;243,195831;2025-05-03 16:58:43;2025-05-03 18:58:43
2025-05-03 18:00:00;2025-05-03 20:00:00;DK1;Solar;35,612915;37,788750;36,774582;53,769585;50,694168;2025-05-03 17:58:43;2025-05-03 19:58:43
2025-05-03 19:00:00;2025-05-03 21:00:00;DK1;Solar;1,447083;1,529583;1,459583;5,256667;11,188750;2025-05-03 18:58:43;2025-05-03 20:58:43
2025-05-03 20:00:00;2025-05-03 22:00:00;DK1;Solar;0,010000;0,026667;0,011250;2,546250;2,590833;2025-05-03 19:58:43;2025-05-03 21:58:43
2025-05-03 21:00:00;2025-05-03 23:00:00;DK1;Solar;0,018333;0,012083;0,001250;0,675833;2,223750;2025-05-03 20:58:43;2025-05-03 22:58:43
2025-05-03 22:00:00;2025-05-04 00:00:00;DK1;Solar;0,004167;3,172917;0,004167;0,578750;3,172917;2025-05-03 21:58:42;2025-05-03 23:58:42
2025-05-03 23:00:00;2025-05-04 01:00:00;DK1;Solar;0,002083;3,339167;0,002083;0,831667;3,339167;2025-05-03 22:58:43;2025-05-04 00:58:43
2025-05-04 00:00:00;2025-05-04 02:00:00;DK1;Solar;0,010000;4,187917;0,010000;0,880833;4,187917;2025-05-03 23:58:43;2025-05-04 01:58:43
2025-05-04 01:00:00;2025-05-04 03:00:00;DK1;Solar;0,010000;3,611250;0,002083;1,090000;3,611250;2025-05-04 00:58:43;2025-05-04 02:58:43
2025-05-04 02:00:00;2025-05-04 04:00:00;DK1;Solar;0,109583;2,958750;0,100000;1,043333;2,958750;2025-05-04 01:58:42;2025-05-04 03:58:42
2025-05-04 03:00:00;2025-05-04 05:00:00;DK1;Solar;4,945833;7,542917;4,923750;6,020000;7,542917;2025-05-04 02:58:31;2025-05-04 04:58:31
2025-05-04 04:00:00;2025-05-04 06:00:00;DK1;Solar;131,970840;133,441254;132,513748;133,425003;133,441254;2025-05-04 03:58:30;2025-05-04 05:58:30
2025-05-04 05:00:00;2025-05-04 07:00:00;DK1;Solar;433,214172;367,253754;412,895844;437,292908;367,253754;2025-05-04 04:58:30;2025-05-04 06:58:30
2025-05-04 06:00:00;2025-05-04 08:00:00;DK1;Solar;787,791260;685,673767;749,736267;789,989563;685,673767;2025-05-04 05:58:29;2025-05-04 07:58:29
2025-05-04 07:00:00;2025-05-04 09:00:00;DK1;Solar;1059,839600;1066,870361;1095,142090;1066,870361;923,296692;2025-05-04 06:58:29;2025-05-04 08:58:29
2025-05-04 08:00:00;2025-05-04 10:00:00;DK1;Solar;1232,140381;1333,940430;1312,354980;1288,184204;1128,362061;2025-05-04 07:58:29;2025-05-04 09:58:29
2025-05-04 09:00:00;2025-05-04 11:00:00;DK1;Solar;1343,886230;1430,207520;1426,635376;1399,555054;1241,861206;2025-05-04 08:58:29;2025-05-04 10:58:29
2025-05-04 10:00:00;2025-05-04 12:00:00;DK1;Solar;1438,007080;1502,342896;1502,342896;1480,622559;1347,511719;2025-05-04 09:58:29;2025-05-04 11:58:29
2025-05-04 11:00:00;2025-05-04 13:00:00;DK1;Solar;1137,462891;1141,928711;1141,928711;1112,964600;960,808777;2025-05-04 10:58:29;2025-05-04 12:58:29
2025-05-04 12:00:00;2025-05-04 14:00:00;DK1;Solar;1025,584595;991,500427;991,500427;949,144165;900,923767;2025-05-04 11:58:31;2025-05-04 13:58:31
2025-05-04 13:00:00;2025-05-04 15:00:00;DK1;Solar;1132,393311;1088,962036;1095,579590;1061,950806;1024,577881;2025-05-04 12:58:37;2025-05-04 14:58:37
2025-05-04 14:00:00;2025-05-04 16:00:00;DK1;Solar;1237,114990;1175,048340;1164,174561;1134,172119;1072,637451;2025-05-04 13:58:30;2025-05-04 15:58:30
2025-05-04 15:00:00;2025-05-04 17:00:00;DK1;Solar;1186,883789;1135,693726;1078,639526;1024,271606;1033,740356;2025-05-04 14:58:30;2025-05-04 16:58:30
2025-05-04 16:00:00;2025-05-04 18:00:00;DK1;Solar;721,378357;709,796265;666,364563;665,496277;709,563354;2025-05-04 15:58:29;2025-05-04 17:58:29
2025-05-04 17:00:00;2025-05-04 19:00:00;DK1;Solar;326,979156;325,815430;309,397095;324,757080;333,985413;2025-05-04 16:58:29;2025-05-04 18:58:29
2025-05-04 18:00:00;2025-05-04 20:00:00;DK1;Solar;63,679585;63,740833;61,902500;64,632080;53,480415;2025-05-04 17:58:29;2025-05-04 19:58:29
2025-05-04 19:00:00;2025-05-04 21:00:00;DK1;Solar;2,450833;2,426667;2,347500;0,405833;10,090000;2025-05-04 18:58:29;2025-05-04 20:58:29
2025-05-04 20:00:00;2025-05-04 22:00:00;DK1;Solar;0,054583;0,012500;0,018333;2,022500;1,763750;2025-05-04 19:58:29;2025-05-04 21:58:29
2025-05-04 21:00:00;2025-05-04 23:00:00;DK1;Solar;0,014583;0,010000;0,002083;0,467917;1,726250;2025-05-04 20:58:29;2025-05-04 22:58:29
2025-05-04 22:00:00;2025-05-05 00:00:00;DK1;Solar;0,000000;1,272083;0,000000;0,450000;1,272083;2025-05-04 21:58:30;2025-05-04 23:58:30
2025-05-04 23:00:00;2025-05-05 01:00:00;DK1;Solar;0,007083;1,870000;0,007083;0,335417;1,870000;2025-05-04 22:58:30;2025-05-05 00:58:30
2025-05-05 00:00:00;2025-05-05 02:00:00;DK1;Solar;0,013333;1,097917;0,013333;0,492500;1,097917;2025-05-04 23:58:29;2025-05-05 01:58:29
2025-05-05 01:00:00;2025-05-05 03:00:00;DK1;Solar;0,007083;1,373750;0,010000;0,295000;1,373750;2025-05-05 00:58:30;2025-05-05 02:58:30
2025-05-05 02:00:00;2025-05-05 04:00:00;DK1;Solar;0,157083;1,252500;0,155417;0,510000;1,252500;2025-05-05 01:58:29;2025-05-05 03:58:29
2025-05-05 03:00:00;2025-05-05 05:00:00;DK1;Solar;7,115833;8,311250;7,077500;7,365833;8,311250;2025-05-05 02:58:26;2025-05-05 04:58:26
2025-05-05 04:00:00;2025-05-05 06:00:00;DK1;Solar;176,844162;188,935837;184,907089;185,220840;188,935837;2025-05-05 03:58:25;2025-05-05 05:58:25
2025-05-05 05:00:00;2025-05-05 07:00:00;DK1;Solar;572,217102;521,452087;602,090393;603,372070;521,452087;2025-05-05 04:58:25;2025-05-05 06:58:25
2025-05-05 06:00:00;2025-05-05 08:00:00;DK1;Solar;1054,514160;1005,546265;1113,483765;1087,751709;1005,546265;2025-05-05 05:58:25;2025-05-05 07:58:25
2025-05-05 07:00:00;2025-05-05 09:00:00;DK1;Solar;1525,159180;1573,586670;1603,769165;1573,586670;1596,722534;2025-05-05 06:58:26;2025-05-05 08:58:26
2025-05-05 08:00:00;2025-05-05 10:00:00;DK1;Solar;1858,889526;1955,762451;1959,881226;1954,785889;1843,046631;2025-05-05 07:58:25;2025-05-05 09:58:25
2025-05-05 09:00:00;2025-05-05 11:00:00;DK1;Solar;1993,327881;2101,269531;2103,708252;2077,171631;1995,689575;2025-05-05 08:58:26;2025-05-05 10:58:26
2025-05-05 10:00:00;2025-05-05 12:00:00;DK1;Solar;2049,893799;2144,922119;2145,215820;2136,605713;2086,020752;2025-05-05 09:58:25;2025-05-05 11:58:25
2025-05-05 11:00:00;2025-05-05 13:00:00;DK1;Solar;2056,594971;2134,025391;2134,025391;2150,456787;2070,087891;2025-05-05 10:58:26;2025-05-05 12:58:26
2025-05-05 12:00:00;2025-05-05 14:00:00;DK1;Solar;2014,222900;2106,880859;2106,880859;2090,082520;2030,429199;2025-05-05 11:58:25;2025-05-05 13:58:25
2025-05-05 13:00:00;2025-05-05 15:00:00;DK1;Solar;1889,669189;1991,290894;2000,147461;1981,264160;1953,425049;2025-05-05 12:58:26;2025-05-05 14:58:26
2025-05-05 14:00:00;2025-05-05 16:00:00;DK1;Solar;1618,337036;1715,575806;1721,026611;1714,941284;1727,912476;2025-05-05 13:58:28;2025-05-05 15:58:28
2025-05-05 15:00:00;2025-05-05 17:00:00;DK1;Solar;1176,336304;1242,022461;1247,893799;1248,028809;1549,108276;2025-05-05 14:58:25;2025-05-05 16:58:25
2025-05-05 16:00:00;2025-05-05 18:00:00;DK1;Solar;697,354187;748,374146;765,988770;845,587524;1399,065430;2025-05-05 15:58:25;2025-05-05 17:58:25
2025-05-05 17:00:00;2025-05-05 19:00:00;DK1;Solar;304,949158;337,991669;347,391663;509,408752;1289,719116;2025-05-05 16:58:25;2025-05-05 18:58:25
2025-05-05 18:00:00;2025-05-05 20:00:00;DK1;Solar;57,752499;64,504585;67,205002;313,938751;67,428749;2025-05-05 17:58:25;2025-05-05 19:58:25
2025-05-05 19:00:00;2025-05-05 21:00:00;DK1;Solar;2,180000;2,326250;2,452500;2,434167;2,434167;2025-05-05 18:58:26;2025-05-05 20:58:26
2025-05-05 20:00:00;2025-05-05 22:00:00;DK1;Solar;0,018750;0,003333;0,015417;0,019167;6,746666;2025-05-05 19:58:24;2025-05-05 21:58:24
2025-05-05 21:00:00;2025-05-05 23:00:00;DK1;Solar;0,004167;0,000000;0,000417;1,757083;6,777500;2025-05-05 20:58:25;2025-05-05 22:58:25
2025-05-05 22:00:00;2025-05-06 00:00:00;DK1;Solar;0,000000;6,750834;0,003750;1,766667;6,750834;2025-05-05 21:58:24;2025-05-05 23:58:24
2025-05-05 23:00:00;2025-05-06 01:00:00;DK1;Solar;0,000000;7,377083;0,010000;1,760000;7,377083;2025-05-05 22:58:25;2025-05-06 00:58:25
2025-05-06 00:00:00;2025-05-06 02:00:00;DK1;Solar;0,008750;6,585417;0,010000;1,923750;6,585417;2025-05-05 23:58:25;2025-05-06 01:58:25
2025-05-06 01:00:00;2025-05-06 03:00:00;DK1;Solar;0,008750;5,791667;0,001250;1,719583;5,791667;2025-05-06 00:58:24;2025-05-06 02:58:24
2025-05-06 02:00:00;2025-05-06 04:00:00;DK1;Solar;0,177500;5,328750;0,187083;1,685000;5,328750;2025-05-06 01:58:26;2025-05-06 03:58:26
2025-05-06 03:00:00;2025-05-06 05:00:00;DK1;Solar;7,807500;14,231667;7,792083;8,789583;14,231667;2025-05-06 02:58:51;2025-05-06 04:58:51
2025-05-06 04:00:00;2025-05-06 06:00:00;DK1;Solar;182,893326;183,519577;183,460419;178,524170;183,519577;2025-05-06 03:58:51;2025-05-06 05:58:51
2025-05-06 05:00:00;2025-05-06 07:00:00;DK1;Solar;573,983337;498,513763;576,419556;567,939575;498,513763;2025-05-06 04:58:51;2025-05-06 06:58:51
2025-05-06 06:00:00;2025-05-06 08:00:00;DK1;Solar;1045,824951;959,312500;1048,285889;1005,953735;959,312500;2025-05-06 05:58:52;2025-05-06 07:58:52
2025-05-06 07:00:00;2025-05-06 09:00:00;DK1;Solar;1501,880859;1453,767456;1502,992920;1453,767456;1469,463379;2025-05-06 06:58:51;2025-05-06 08:58:51
2025-05-06 08:00:00;2025-05-06 10:00:00;DK1;Solar;1847,397949;1828,593750;1868,486694;1828,349121;1831,079590;2025-05-06 07:58:53;2025-05-06 09:58:53
2025-05-06 09:00:00;2025-05-06 11:00:00;DK1;Solar;2020,721191;2004,854980;2043,424561;2010,166626;1935,357910;2025-05-06 08:58:51;2025-05-06 10:58:51
2025-05-06 10:00:00;2025-05-06 12:00:00;DK1;Solar;2104,291748;2084,511963;2104,761963;2067,818848;2076,674072;2025-05-06 09:58:52;2025-05-06 11:58:52
2025-05-06 11:00:00;2025-05-06 13:00:00;DK1;Solar;2117,217529;2100,696777;2100,696777;2104,068848;2057,864990;2025-05-06 10:58:52;2025-05-06 12:58:52
2025-05-06 12:00:00;2025-05-06 14:00:00;DK1;Solar;2079,509277;2066,693848;2066,693848;2074,218750;1981,370361;2025-05-06 11:58:57;2025-05-06 13:58:57
2025-05-06 13:00:00;2025-05-06 15:00:00;DK1;Solar;1967,183350;1952,466675;1964,922974;1940,263306;1827,263306;2025-05-06 12:58:54;2025-05-06 14:58:54
2025-05-06 14:00:00;2025-05-06 16:00:00;DK1;Solar;1706,241699;1679,272095;1676,983276;1617,211670;1577,152466;2025-05-06 13:58:51;2025-05-06 15:58:51
2025-05-06 15:00:00;2025-05-06 17:00:00;DK1;Solar;1233,556641;1216,278809;1214,277954;1194,170776;1255,358765;2025-05-06 14:58:51;2025-05-06 16:58:51
2025-05-06 16:00:00;2025-05-06 18:00:00;DK1;Solar;723,405823;727,101685;719,081238;714,232056;690,702087;2025-05-06 15:58:51;2025-05-06 17:58:51
2025-05-06 17:00:00;2025-05-06 19:00:00;DK1;Solar;327,504578;332,619598;328,955841;324,511658;356,727905;2025-05-06 16:58:51;2025-05-06 18:58:51
2025-05-06 18:00:00;2025-05-06 20:00:00;DK1;Solar;68,647087;69,930832;68,709167;77,285835;53,120834;2025-05-06 17:58:51;2025-05-06 19:58:51
2025-05-06 19:00:00;2025-05-06 21:00:00;DK1;Solar;2,615833;2,627083;2,735417;0,193333;15,019167;2025-05-06 18:53:52;2025-05-06 20:53:52
2025-05-06 20:00:00;2025-05-06 22:00:00;DK1;Solar;0,017500;0,031667;0,014167;2,807500;0,529167;2025-05-06 19:58:51;2025-05-06 21:58:51
2025-05-06 21:00:00;2025-05-06 23:00:00;DK1;Solar;0,025000;0,002083;0,002083;0,136250;0,663750;2025-05-06 20:58:52;2025-05-06 22:58:52
2025-05-06 22:00:00;2025-05-07 00:00:00;DK1;Solar;0,010000;0,818750;0,010000;0,174167;0,818750;2025-05-06 21:53:53;2025-05-06 23:53:53
2025-05-06 23:00:00;2025-05-07 01:00:00;DK1;Solar;0,010000;0,007083;0,018333;0,190833;0,007083;2025-05-06 22:58:52;2025-05-07 00:58:52
2025-05-07 00:00:00;2025-05-07 02:00:00;DK1;Solar;0,010000;0,005833;0,010000;0,010000;0,005833;2025-05-06 23:58:53;2025-05-07 01:58:53
2025-05-07 01:00:00;2025-05-07 03:00:00;DK1;Solar;0,000417;0,000000;0,003750;0,000000;0,000000;2025-05-07 00:59:22;2025-05-07 02:59:22
2025-05-07 02:00:00;2025-05-07 04:00:00;DK1;Solar;0,211667;0,220417;0,212500;0,217083;0,220417;2025-05-07 01:58:52;2025-05-07 03:58:52
2025-05-07 03:00:00;2025-05-07 05:00:00;DK1;Solar;8,764584;8,686666;8,730000;9,087916;8,686666;2025-05-07 02:58:38;2025-05-07 04:58:38
2025-05-07 04:00:00;2025-05-07 06:00:00;DK1;Solar;190,622910;194,744583;191,255005;192,924576;194,744583;2025-05-07 03:58:38;2025-05-07 05:58:38
2025-05-07 05:00:00;2025-05-07 07:00:00;DK1;Solar;586,525024;486,633759;577,090820;578,182922;486,633759;2025-05-07 04:58:38;2025-05-07 06:58:38
2025-05-07 06:00:00;2025-05-07 08:00:00;DK1;Solar;1080,885376;917,672485;1057,431641;1014,978760;917,672485;2025-05-07 05:58:38;2025-05-07 07:58:38
2025-05-07 07:00:00;2025-05-07 09:00:00;DK1;Solar;1563,944214;1487,571289;1519,999634;1487,571289;1421,087036;2025-05-07 06:58:40;2025-05-07 08:58:40
2025-05-07 08:00:00;2025-05-07 10:00:00;DK1;Solar;1907,691650;1904,540894;1922,909546;1878,643799;1813,846191;2025-05-07 07:58:39;2025-05-07 09:58:39
2025-05-07 09:00:00;2025-05-07 11:00:00;DK1;Solar;2068,653809;2079,527588;2079,418701;2055,415771;1975,247559;2025-05-07 08:58:39;2025-05-07 10:58:39
2025-05-07 10:00:00;2025-05-07 12:00:00;DK1;Solar;2137,340088;2146,985840;2141,386230;2125,201660;2028,255371;2025-05-07 09:58:38;2025-05-07 11:58:38
2025-05-07 11:00:00;2025-05-07 13:00:00;DK1;Solar;2119,278320;2148,742432;2148,742432;2127,622803;1994,827881;2025-05-07 10:58:39;2025-05-07 12:58:39
2025-05-07 12:00:00;2025-05-07 14:00:00;DK1;Solar;2045,769531;2077,298828;2077,298828;2068,377930;1836,741211;2025-05-07 11:58:39;2025-05-07 13:58:39
2025-05-07 13:00:00;2025-05-07 15:00:00;DK1;Solar;1906,979126;1964,671631;1969,697876;1913,972534;1801,829590;2025-05-07 12:58:41;2025-05-07 14:58:41
2025-05-07 14:00:00;2025-05-07 16:00:00;DK1;Solar;1615,516235;1696,346191;1722,166260;1674,307861;1580,402954;2025-05-07 13:58:38;2025-05-07 15:58:38
2025-05-07 15:00:00;2025-05-07 17:00:00;DK1;Solar;1168,625854;1229,714111;1242,854126;1209,724976;1152,877441;2025-05-07 14:58:38;2025-05-07 16:58:38
2025-05-07 16:00:00;2025-05-07 18:00:00;DK1;Solar;708,855408;738,807068;744,817932;723,318359;746,534607;2025-05-07 15:58:38;2025-05-07 17:58:38
2025-05-07 17:00:00;2025-05-07 19:00:00;DK1;Solar;331,564178;338,878326;341,590820;341,423340;359,012512;2025-05-07 16:58:38;2025-05-07 18:58:38
2025-05-07 18:00:00;2025-05-07 20:00:00;DK1;Solar;73,153748;72,330414;73,317917;77,287086;84,012497;2025-05-07 17:58:38;2025-05-07 19:58:38
2025-05-07 19:00:00;2025-05-07 21:00:00;DK1;Solar;2,924583;2,774583;2,658333;5,712917;30,425417;2025-05-07 18:58:38;2025-05-07 20:58:38
2025-05-07 20:00:00;2025-05-07 22:00:00;DK1;Solar;0,057500;0,027083;0,024167;7,220417;14,325000;2025-05-07 19:58:39;2025-05-07 21:58:39
2025-05-07 21:00:00;2025-05-07 23:00:00;DK1;Solar;0,017500;0,017500;0,007917;3,730417;14,142500;2025-05-07 20:58:39;2025-05-07 22:58:39
2025-05-07 22:00:00;2025-05-08 00:00:00;DK1;Solar;0,000000;13,639167;0,010000;3,691250;13,639167;2025-05-07 21:58:39;2025-05-07 23:58:39
2025-05-07 23:00:00;2025-05-08 01:00:00;DK1;Solar;0,000417;13,237500;0,010000;3,557500;13,237500;2025-05-07 22:58:39;2025-05-08 00:58:39
2025-05-08 00:00:00;2025-05-08 02:00:00;DK1;Solar;0,010000;13,470000;0,010000;3,457083;13,470000;2025-05-07 23:58:39;2025-05-08 01:58:39
2025-05-08 01:00:00;2025-05-08 03:00:00;DK1;Solar;0,008750;13,235416;0,008750;3,512500;13,235416;2025-05-08 00:58:38;2025-05-08 02:58:38
2025-05-08 02:00:00;2025-05-08 04:00:00;DK1;Solar;0,227500;13,492084;0,236250;3,679583;13,492084;2025-05-08 01:58:39;2025-05-08 03:58:39
2025-05-08 03:00:00;2025-05-08 05:00:00;DK1;Solar;9,552917;22,483749;9,679167;13,112083;22,483749;2025-05-08 02:58:57;2025-05-08 04:58:57
2025-05-08 04:00:00;2025-05-08 06:00:00;DK1;Solar;197,101669;207,762085;194,621246;197,566254;207,762085;2025-05-08 03:58:57;2025-05-08 05:58:57
2025-05-08 05:00:00;2025-05-08 07:00:00;DK1;Solar;593,778748;493,584167;577,209167;580,968750;493,584167;2025-05-08 04:58:58;2025-05-08 06:58:58
2025-05-08 06:00:00;2025-05-08 08:00:00;DK1;Solar;1094,973389;915,605835;1064,032471;1025,104126;915,605835;2025-05-08 05:58:57;2025-05-08 07:58:57
2025-05-08 07:00:00;2025-05-08 09:00:00;DK1;Solar;1579,764160;1472,376221;1506,737549;1472,376221;1417,147461;2025-05-08 06:58:58;2025-05-08 08:58:58
2025-05-08 08:00:00;2025-05-08 10:00:00;DK1;Solar;1928,252075;1844,482910;1844,583374;1821,211670;1831,453735;2025-05-08 07:58:58;2025-05-08 09:58:58
2025-05-08 09:00:00;2025-05-08 11:00:00;DK1;Solar;2073,226318;1986,047485;1986,756226;1979,315796;1973,125366;2025-05-08 08:58:57;2025-05-08 10:58:57
2025-05-08 10:00:00;2025-05-08 12:00:00;DK1;Solar;2112,104492;2029,359131;2029,359131;2034,477051;2034,477051;2025-05-08 09:58:56;2025-05-08 11:58:56
2025-05-08 11:00:00;2025-05-08 13:00:00;DK1;Solar;2088,909912;1993,664551;1993,664551;2003,993286;1466,182129;2025-05-08 10:58:58;2025-05-08 12:58:58
2025-05-08 12:00:00;2025-05-08 14:00:00;DK1;Solar;2027,343750;1910,689941;1910,689941;1812,408691;1849,035034;2025-05-08 11:58:58;2025-05-08 13:58:58
2025-05-08 13:00:00;2025-05-08 15:00:00;DK1;Solar;1917,453369;1780,514526;1785,390381;1822,153320;1679,835815;2025-05-08 12:58:58;2025-05-08 14:58:58
2025-05-08 14:00:00;2025-05-08 16:00:00;DK1;Solar;1630,949585;1528,139526;1538,095459;1551,985474;1475,353394;2025-05-08 13:58:57;2025-05-08 15:58:57
2025-05-08 15:00:00;2025-05-08 17:00:00;DK1;Solar;1188,385864;1143,464600;1143,686646;1151,581665;1148,813354;2025-05-08 14:58:57;2025-05-08 16:58:57
2025-05-08 16:00:00;2025-05-08 18:00:00;DK1;Solar;718,354980;721,948730;718,811279;733,467102;630,656250;2025-05-08 15:58:56;2025-05-08 17:58:56
2025-05-08 17:00:00;2025-05-08 19:00:00;DK1;Solar;339,835846;349,101257;352,992920;326,097504;365,994995;2025-05-08 16:58:57;2025-05-08 18:58:57
2025-05-08 18:00:00;2025-05-08 20:00:00;DK1;Solar;79,838333;81,724998;83,047920;85,870003;57,905418;2025-05-08 17:58:57;2025-05-08 19:58:57
2025-05-08 19:00:00;2025-05-08 21:00:00;DK1;Solar;3,375000;3,432917;3,473750;0,060833;9,690000;2025-05-08 18:58:56;2025-05-08 20:58:56
2025-05-08 20:00:00;2025-05-08 22:00:00;DK1;Solar;0,033333;0,034583;0,035417;1,657083;0,000000;2025-05-08 19:58:57;2025-05-08 21:58:57
2025-05-08 21:00:00;2025-05-08 23:00:00;DK1;Solar;0,027500;0,023333;0,023333;0,010833;0,731250;2025-05-08 20:58:57;2025-05-08 22:58:57
2025-05-08 22:00:00;2025-05-09 00:00:00;DK1;Solar;0,027917;0,980000;0,029583;0,216667;0,980000;2025-05-08 21:58:58;2025-05-08 23:58:58
2025-05-08 23:00:00;2025-05-09 01:00:00;DK1;Solar;0,012083;0,372917;0,012917;0,262083;0,372917;2025-05-08 22:58:57;2025-05-09 00:58:57
2025-05-09 00:00:00;2025-05-09 02:00:00;DK1;Solar;0,010000;0,982500;0,010000;0,104583;0,982500;2025-05-08 23:58:56;2025-05-09 01:58:56
2025-05-09 01:00:00;2025-05-09 03:00:00;DK1;Solar;0,000417;1,022083;0,001250;0,253750;1,022083;2025-05-09 00:58:57;2025-05-09 02:58:57
2025-05-09 02:00:00;2025-05-09 04:00:00;DK1;Solar;0,241250;0,701250;0,267083;0,509583;0,701250;2025-05-09 01:58:57;2025-05-09 03:58:57
2025-05-09 03:00:00;2025-05-09 05:00:00;DK1;Solar;8,672916;9,753333;9,398750;9,354584;9,753333;2025-05-09 02:59:09;2025-05-09 04:59:09
2025-05-09 04:00:00;2025-05-09 06:00:00;DK1;Solar;149,749588;151,797089;155,119171;154,169586;151,797089;2025-05-09 03:59:09;2025-05-09 05:59:09
2025-05-09 05:00:00;2025-05-09 07:00:00;DK1;Solar;415,527069;358,424988;420,516663;423,393738;358,424988;2025-05-09 04:59:08;2025-05-09 06:59:08
2025-05-09 06:00:00;2025-05-09 08:00:00;DK1;Solar;750,050842;648,344971;752,023315;741,885010;648,344971;2025-05-09 05:59:09;2025-05-09 07:59:09
2025-05-09 07:00:00;2025-05-09 09:00:00;DK1;Solar;1108,250854;1107,853394;1129,213745;1107,853394;934,856689;2025-05-09 06:59:08;2025-05-09 08:59:08
2025-05-09 08:00:00;2025-05-09 10:00:00;DK1;Solar;1364,855469;1440,430420;1436,984619;1387,047119;1121,510376;2025-05-09 07:59:08;2025-05-09 09:59:08
2025-05-09 09:00:00;2025-05-09 11:00:00;DK1;Solar;1409,338379;1467,031616;1485,095825;1465,050415;1157,439209;2025-05-09 08:59:09;2025-05-09 10:59:09
2025-05-09 10:00:00;2025-05-09 12:00:00;DK1;Solar;1399,574951;1427,705811;1443,414185;1314,881226;967,721680;2025-05-09 09:59:09;2025-05-09 11:59:09
2025-05-09 11:00:00;2025-05-09 13:00:00;DK1;Solar;1389,176636;1395,307495;1395,307495;1276,791260;1095,133789;2025-05-09 10:59:09;2025-05-09 12:59:09
2025-05-09 12:00:00;2025-05-09 14:00:00;DK1;Solar;1430,186646;1389,705444;1389,705444;1285,144165;981,122070;2025-05-09 11:59:09;2025-05-09 13:59:09
2025-05-09 13:00:00;2025-05-09 15:00:00;DK1;Solar;1493,668335;1429,086670;1473,005859;1316,505005;1097,681274;2025-05-09 12:59:10;2025-05-09 14:59:10
2025-05-09 14:00:00;2025-05-09 16:00:00;DK1;Solar;1438,633789;1397,364990;1415,867065;1222,386230;1041,072144;2025-05-09 13:59:10;2025-05-09 15:59:10
2025-05-09 15:00:00;2025-05-09 17:00:00;DK1;Solar;1068,114624;1057,449585;1069,432495;917,108765;728,798340;2025-05-09 14:59:08;2025-05-09 16:59:08
2025-05-09 16:00:00;2025-05-09 18:00:00;DK1;Solar;649,507507;653,628357;634,786255;557,330017;582,921692;2025-05-09 15:59:08;2025-05-09 17:59:08
2025-05-09 17:00:00;2025-05-09 19:00:00;DK1;Solar;298,066254;297,348328;273,800415;277,517090;271,444580;2025-05-09 16:59:09;2025-05-09 18:59:09
2025-05-09 18:00:00;2025-05-09 20:00:00;DK1;Solar;64,521667;62,741665;59,011665;55,584167;67,154587;2025-05-09 17:59:10;2025-05-09 19:59:10
2025-05-09 19:00:00;2025-05-09 21:00:00;DK1;Solar;2,805000;2,739583;2,630000;4,509167;16,481667;2025-05-09 18:59:09;2025-05-09 20:59:09
2025-05-09 20:00:00;2025-05-09 22:00:00;DK1;Solar;0,045417;0,034583;0,033333;3,652500;1,485000;2025-05-09 19:59:09;2025-05-09 21:59:09
2025-05-09 21:00:00;2025-05-09 23:00:00;DK1;Solar;0,000417;0,000000;0,000000;0,385000;0,835000;2025-05-09 20:59:11;2025-05-09 22:59:11
2025-05-09 22:00:00;2025-05-10 00:00:00;DK1;Solar;0,000000;1,120000;0,010000;0,218333;1,120000;2025-05-09 21:59:09;2025-05-09 23:59:09
2025-05-09 23:00:00;2025-05-10 01:00:00;DK1;Solar;0,000000;2,094583;0,009583;0,298333;2,094583;2025-05-09 22:59:09;2025-05-10 00:59:09
2025-05-10 00:00:00;2025-05-10 02:00:00;DK1;Solar;0,000417;2,135417;0,000000;0,544583;2,135417;2025-05-09 23:59:09;2025-05-10 01:59:09
2025-05-10 01:00:00;2025-05-10 03:00:00;DK1;Solar;0,012500;1,613750;0,000000;0,555417;1,613750;2025-05-10 00:59:09;2025-05-10 02:59:09
2025-05-10 02:00:00;2025-05-10 04:00:00;DK1;Solar;0,471250;1,536250;0,435000;0,840000;1,536250;2025-05-10 01:59:09;2025-05-10 03:59:09
2025-05-10 03:00:00;2025-05-10 05:00:00;DK1;Solar;15,236250;14,534166;14,560000;14,226666;14,534166;2025-05-10 02:59:07;2025-05-10 04:59:07
2025-05-10 04:00:00;2025-05-10 06:00:00;DK1;Solar;197,378326;185,324173;188,464172;181,479584;185,324173;2025-05-10 03:59:05;2025-05-10 05:59:05
2025-05-10 05:00:00;2025-05-10 07:00:00;DK1;Solar;496,365845;401,999176;465,286652;454,567078;401,999176;2025-05-10 04:59:05;2025-05-10 06:59:05
2025-05-10 06:00:00;2025-05-10 08:00:00;DK1;Solar;845,955811;714,836243;832,473328;760,390015;714,836243;2025-05-10 05:59:05;2025-05-10 07:59:05
2025-05-10 07:00:00;2025-05-10 09:00:00;DK1;Solar;1199,934204;1129,966675;1150,552124;1129,966675;1104,738281;2025-05-10 06:59:05;2025-05-10 08:59:05
2025-05-10 08:00:00;2025-05-10 10:00:00;DK1;Solar;1455,948730;1481,319580;1458,415039;1469,890381;1498,268799;2025-05-10 07:59:06;2025-05-10 09:59:06
2025-05-10 09:00:00;2025-05-10 11:00:00;DK1;Solar;1680,053345;1686,624634;1644,597046;1700,527466;1695,607544;2025-05-10 08:59:04;2025-05-10 10:59:04
2025-05-10 10:00:00;2025-05-10 12:00:00;DK1;Solar;1651,155029;1680,029175;1692,013306;1717,392944;1765,616211;2025-05-10 09:59:04;2025-05-10 11:59:04
2025-05-10 11:00:00;2025-05-10 13:00:00;DK1;Solar;1618,324951;1650,684204;1650,684204;1768,099976;1883,494141;2025-05-10 10:59:04;2025-05-10 12:59:04
2025-05-10 12:00:00;2025-05-10 14:00:00;DK1;Solar;1445,351196;1482,292114;1482,292114;1653,482544;1684,814209;2025-05-10 11:59:05;2025-05-10 13:59:05
2025-05-10 13:00:00;2025-05-10 15:00:00;DK1;Solar;1047,605469;1057,829956;1058,492065;1193,252075;1274,620850;2025-05-10 12:59:06;2025-05-10 14:59:06
2025-05-10 14:00:00;2025-05-10 16:00:00;DK1;Solar;886,504150;882,496643;879,651245;1012,028748;1020,381226;2025-05-10 13:59:07;2025-05-10 15:59:07
2025-05-10 15:00:00;2025-05-10 17:00:00;DK1;Solar;1087,365845;1090,891235;1069,447876;992,889587;1195,303711;2025-05-10 14:59:04;2025-05-10 16:59:04
2025-05-10 16:00:00;2025-05-10 18:00:00;DK1;Solar;659,032104;655,599976;637,297913;640,871643;795,737061;2025-05-10 15:59:04;2025-05-10 17:59:04
2025-05-10 17:00:00;2025-05-10 19:00:00;DK1;Solar;296,556671;278,823334;279,347504;312,050415;420,383759;2025-05-10 16:59:04;2025-05-10 18:59:04
2025-05-10 18:00:00;2025-05-10 20:00:00;DK1;Solar;63,507500;60,033749;54,753334;96,522499;78,606247;2025-05-10 17:59:04;2025-05-10 19:59:04
2025-05-10 19:00:00;2025-05-10 21:00:00;DK1;Solar;2,699583;2,873750;2,162083;6,862916;13,193750;2025-05-10 18:59:04;2025-05-10 20:59:04
2025-05-10 20:00:00;2025-05-10 22:00:00;DK1;Solar;0,033333;0,032500;0,031667;2,750000;0,000000;2025-05-10 19:59:04;2025-05-10 21:59:04
2025-05-10 21:00:00;2025-05-10 23:00:00;DK1;Solar;0,000000;0,000000;0,000000;0,000000;0,252917;2025-05-10 20:59:04;2025-05-10 22:59:04
2025-05-10 22:00:00;2025-05-11 00:00:00;DK1;Solar;0,007917;0,237083;0,003750;0,068333;0,237083;2025-05-10 21:59:05;2025-05-10 23:59:05
2025-05-10 23:00:00;2025-05-11 01:00:00;DK1;Solar;0,010000;0,000000;0,009583;0,064583;0,000000;2025-05-10 22:59:05;2025-05-11 00:59:05
2025-05-11 00:00:00;2025-05-11 02:00:00;DK1;Solar;0,001250;0,000000;0,000000;0,000000;0,000000;2025-05-10 23:59:04;2025-05-11 01:59:04
2025-05-11 01:00:00;2025-05-11 03:00:00;DK1;Solar;0,000000;0,000000;0,000000;0,000000;0,000000;2025-05-11 00:59:04;2025-05-11 02:59:04
2025-05-11 02:00:00;2025-05-11 04:00:00;DK1;Solar;0,538333;0,563750;0,532500;0,545417;0,563750;2025-05-11 01:59:05;2025-05-11 03:59:05
2025-05-11 03:00:00;2025-05-11 05:00:00;DK1;Solar;16,916666;17,687916;17,379168;18,728750;17,687916;2025-05-11 02:58:34;2025-05-11 04:58:34
2025-05-11 04:00:00;2025-05-11 06:00:00;DK1;Solar;196,687500;214,134171;216,315002;226,815002;214,134171;2025-05-11 03:58:33;2025-05-11 05:58:33
2025-05-11 05:00:00;2025-05-11 07:00:00;DK1;Solar;489,736664;413,694580;539,551697;540,705811;413,694580;2025-05-11 04:58:34;2025-05-11 06:58:34
2025-05-11 06:00:00;2025-05-11 08:00:00;DK1;Solar;852,162903;716,428345;915,224182;865,803345;716,428345;2025-05-11 05:58:35;2025-05-11 07:58:35
2025-05-11 07:00:00;2025-05-11 09:00:00;DK1;Solar;1209,233276;1211,880859;1266,779541;1211,880859;1025,984131;2025-05-11 06:58:34;2025-05-11 08:58:34
2025-05-11 08:00:00;2025-05-11 10:00:00;DK1;Solar;1404,125854;1464,121216;1462,163696;1403,258301;1280,535889;2025-05-11 07:58:34;2025-05-11 09:58:34
2025-05-11 09:00:00;2025-05-11 11:00:00;DK1;Solar;1444,781250;1579,825806;1537,260010;1572,947510;1496,676270;2025-05-11 08:58:34;2025-05-11 10:58:34
2025-05-11 10:00:00;2025-05-11 12:00:00;DK1;Solar;1418,317871;1584,707886;1584,707886;1610,189209;1544,061646;2025-05-11 09:58:35;2025-05-11 11:58:35
2025-05-11 11:00:00;2025-05-11 13:00:00;DK1;Solar;1333,902954;1426,311279;1426,311279;1437,131226;1451,958740;2025-05-11 10:58:34;2025-05-11 12:58:34
2025-05-11 12:00:00;2025-05-11 14:00:00;DK1;Solar;1183,597534;1223,008789;1223,008789;1235,877930;1066,814575;2025-05-11 11:58:36;2025-05-11 13:58:36
2025-05-11 13:00:00;2025-05-11 15:00:00;DK1;Solar;1012,292480;1013,511230;1022,369995;972,924988;1014,617065;2025-05-11 12:58:38;2025-05-11 14:58:38
2025-05-11 14:00:00;2025-05-11 16:00:00;DK1;Solar;1058,972900;1093,870850;1129,311646;1089,027466;1186,495361;2025-05-11 13:58:34;2025-05-11 15:58:34
2025-05-11 15:00:00;2025-05-11 17:00:00;DK1;Solar;814,799194;913,955017;946,164612;959,365417;992,486267;2025-05-11 14:58:35;2025-05-11 16:58:35
2025-05-11 16:00:00;2025-05-11 18:00:00;DK1;Solar;553,123779;612,252930;648,205017;641,317932;750,368347;2025-05-11 15:58:34;2025-05-11 17:58:34
2025-05-11 17:00:00;2025-05-11 19:00:00;DK1;Solar;257,349579;291,725403;281,909576;316,494995;388,911255;2025-05-11 16:58:33;2025-05-11 18:58:33
2025-05-11 18:00:00;2025-05-11 20:00:00;DK1;Solar;57,997082;67,489586;64,220833;90,123749;75,204170;2025-05-11 17:58:34;2025-05-11 19:58:34
2025-05-11 19:00:00;2025-05-11 21:00:00;DK1;Solar;2,876250;3,130417;3,189167;5,074584;12,070833;2025-05-11 18:58:34;2025-05-11 20:58:34
2025-05-11 20:00:00;2025-05-11 22:00:00;DK1;Solar;0,042917;0,044167;0,052500;2,381250;0,357500;2025-05-11 19:58:34;2025-05-11 21:58:34
2025-05-11 21:00:00;2025-05-11 23:00:00;DK1;Solar;0,000000;0,000000;0,010000;0,081250;0,990833;2025-05-11 20:58:34;2025-05-11 22:58:34
2025-05-11 22:00:00;2025-05-12 00:00:00;DK1;Solar;0,010000;0,402500;0,010000;0,260833;0,402500;2025-05-11 21:58:35;2025-05-11 23:58:35
2025-05-11 23:00:00;2025-05-12 01:00:00;DK1;Solar;0,010000;0,000000;0,002917;0,106250;0,000000;2025-05-11 22:58:34;2025-05-12 00:58:34
2025-05-12 00:00:00;2025-05-12 02:00:00;DK1;Solar;0,001250;0,179167;0,000000;0,000000;0,179167;2025-05-11 23:58:35;2025-05-12 01:58:35
2025-05-12 01:00:00;2025-05-12 03:00:00;DK1;Solar;0,000000;0,750833;0,000000;0,046250;0,750833;2025-05-12 00:58:34;2025-05-12 02:58:34
2025-05-12 02:00:00;2025-05-12 04:00:00;DK1;Solar;0,668333;1,819167;0,668333;0,861667;1,819167;2025-05-12 01:58:34;2025-05-12 03:58:34
2025-05-12 03:00:00;2025-05-12 05:00:00;DK1;Solar;23,184584;23,302084;23,784584;23,976667;23,302084;2025-05-12 02:58:40;2025-05-12 04:58:40
2025-05-12 04:00:00;2025-05-12 06:00:00;DK1;Solar;256,767487;271,939178;281,052917;281,227905;271,939178;2025-05-12 03:58:39;2025-05-12 05:58:39
2025-05-12 05:00:00;2025-05-12 07:00:00;DK1;Solar;621,252075;556,506653;686,317078;683,239563;556,506653;2025-05-12 04:58:39;2025-05-12 06:58:39
2025-05-12 06:00:00;2025-05-12 08:00:00;DK1;Solar;1027,244141;1010,155396;1145,962036;1101,739990;1010,155396;2025-05-12 05:58:39;2025-05-12 07:58:39
2025-05-12 07:00:00;2025-05-12 09:00:00;DK1;Solar;1386,958740;1534,928711;1570,573730;1534,928711;1506,628296;2025-05-12 06:58:39;2025-05-12 08:58:39
2025-05-12 08:00:00;2025-05-12 10:00:00;DK1;Solar;1647,249634;1879,474121;1877,246216;1863,609619;1857,977539;2025-05-12 07:58:40;2025-05-12 09:58:40
2025-05-12 09:00:00;2025-05-12 11:00:00;DK1;Solar;1771,199585;2014,706299;2013,114990;2067,800049;1997,486694;2025-05-12 08:58:38;2025-05-12 10:58:38
2025-05-12 10:00:00;2025-05-12 12:00:00;DK1;Solar;1694,290894;1928,348389;1928,348389;1964,042480;1916,121216;2025-05-12 09:58:39;2025-05-12 11:58:39
2025-05-12 11:00:00;2025-05-12 13:00:00;DK1;Solar;1823,439209;2032,629639;2032,629639;2074,104248;2021,085449;2025-05-12 10:58:39;2025-05-12 12:58:39
2025-05-12 12:00:00;2025-05-12 14:00:00;DK1;Solar;1697,971191;1876,042480;1876,042480;1996,640869;1918,806641;2025-05-12 11:58:42;2025-05-12 13:58:42
2025-05-12 13:00:00;2025-05-12 15:00:00;DK1;Solar;1739,982544;1898,935425;1974,843750;1949,510010;1791,095459;2025-05-12 12:58:42;2025-05-12 14:58:42
2025-05-12 14:00:00;2025-05-12 16:00:00;DK1;Solar;1513,930786;1650,031250;1712,998779;1657,278320;1356,310791;2025-05-12 13:58:38;2025-05-12 15:58:38
2025-05-12 15:00:00;2025-05-12 17:00:00;DK1;Solar;1130,295044;1231,533325;1274,374634;1147,195801;1239,768311;2025-05-12 14:58:39;2025-05-12 16:58:39
2025-05-12 16:00:00;2025-05-12 18:00:00;DK1;Solar;696,240417;752,891663;779,978760;740,739990;847,572937;2025-05-12 15:58:39;2025-05-12 17:58:39
2025-05-12 17:00:00;2025-05-12 19:00:00;DK1;Solar;322,647095;347,681671;358,262085;372,962921;397,425842;2025-05-12 16:58:39;2025-05-12 18:58:39
2025-05-12 18:00:00;2025-05-12 20:00:00;DK1;Solar;75,107086;79,292503;81,223747;91,518753;74,218330;2025-05-12 17:58:38;2025-05-12 19:58:38
2025-05-12 19:00:00;2025-05-12 21:00:00;DK1;Solar;3,746667;3,670833;3,660833;2,018750;13,475417;2025-05-12 18:58:38;2025-05-12 20:58:38
2025-05-12 20:00:00;2025-05-12 22:00:00;DK1;Solar;0,067917;0,063750;0,068333;2,626667;0,580833;2025-05-12 19:58:39;2025-05-12 21:58:39
2025-05-12 21:00:00;2025-05-12 23:00:00;DK1;Solar;0,000000;0,000000;0,000000;0,136250;0,619167;2025-05-12 20:58:38;2025-05-12 22:58:38
2025-05-12 22:00:00;2025-05-13 00:00:00;DK1;Solar;0,003750;0,007500;0,010000;0,170000;0,007500;2025-05-12 21:58:39;2025-05-12 23:58:39
2025-05-12 23:00:00;2025-05-13 01:00:00;DK1;Solar;0,010000;0,000000;0,010000;0,000000;0,000000;2025-05-12 22:58:39;2025-05-13 00:58:39
2025-05-13 00:00:00;2025-05-13 02:00:00;DK1;Solar;0,002917;0,000000;0,017500;0,000000;0,000000;2025-05-12 23:58:40;2025-05-13 01:58:40
2025-05-13 01:00:00;2025-05-13 03:00:00;DK1;Solar;0,000000;0,000000;0,000000;0,000000;0,000000;2025-05-13 00:58:38;2025-05-13 02:58:38
2025-05-13 02:00:00;2025-05-13 04:00:00;DK1;Solar;0,791250;0,788333;0,788333;0,788333;0,788333;2025-05-13 01:58:40;2025-05-13 03:58:40
2025-05-13 03:00:00;2025-05-13 05:00:00;DK1;Solar;28,395416;26,888334;28,375416;28,345833;26,888334;2025-05-13 02:58:30;2025-05-13 04:58:30
2025-05-13 04:00:00;2025-05-13 06:00:00;DK1;Solar;306,887512;291,857910;306,665405;306,107513;291,857910;2025-05-13 03:58:30;2025-05-13 05:58:30
2025-05-13 05:00:00;2025-05-13 07:00:00;DK1;Solar;748,820862;597,012512;745,577942;741,720398;597,012512;2025-05-13 04:58:29;2025-05-13 06:58:29
2025-05-13 06:00:00;2025-05-13 08:00:00;DK1;Solar;1260,864624;1076,110474;1256,031250;1214,686646;1076,110474;2025-05-13 05:58:30;2025-05-13 07:58:30
2025-05-13 07:00:00;2025-05-13 09:00:00;DK1;Solar;1728,242065;1674,524536;1719,158691;1674,524536;1491,963379;2025-05-13 06:58:29;2025-05-13 08:58:29
2025-05-13 08:00:00;2025-05-13 10:00:00;DK1;Solar;2018,985840;2003,902100;2004,686646;1944,179199;1735,129639;2025-05-13 07:58:29;2025-05-13 09:58:29
2025-05-13 09:00:00;2025-05-13 11:00:00;DK1;Solar;1357,702515;1342,505371;1347,642090;1272,686279;1047,909546;2025-05-13 08:58:29;2025-05-13 10:58:29
2025-05-13 10:00:00;2025-05-13 12:00:00;DK1;Solar;1319,302856;1305,229614;1307,058716;1235,925049;1192,364624;2025-05-13 09:58:29;2025-05-13 11:58:29
2025-05-13 11:00:00;2025-05-13 13:00:00;DK1;Solar;1368,427124;1360,256714;1360,256714;1330,747925;1366,307129;2025-05-13 10:58:29;2025-05-13 12:58:29
2025-05-13 12:00:00;2025-05-13 14:00:00;DK1;Solar;1184,997925;1185,829590;1185,829590;1172,236206;1142,567871;2025-05-13 11:58:34;2025-05-13 13:58:34
2025-05-13 13:00:00;2025-05-13 15:00:00;DK1;Solar;1110,052856;1139,507446;1140,258789;1081,004150;1077,184570;2025-05-13 12:58:32;2025-05-13 14:58:32
2025-05-13 14:00:00;2025-05-13 16:00:00;DK1;Solar;1475,637939;1550,251221;1551,170044;1318,591309;1318,246216;2025-05-13 13:58:29;2025-05-13 15:58:29
2025-05-13 15:00:00;2025-05-13 17:00:00;DK1;Solar;1202,999634;1285,313721;1283,674194;1095,171631;1142,895020;2025-05-13 14:58:29;2025-05-13 16:58:29
2025-05-13 16:00:00;2025-05-13 18:00:00;DK1;Solar;745,654175;775,031250;716,057495;688,005859;720,618347;2025-05-13 15:58:29;2025-05-13 17:58:29
2025-05-13 17:00:00;2025-05-13 19:00:00;DK1;Solar;344,502075;349,118744;315,340820;337,452515;347,536652;2025-05-13 16:58:29;2025-05-13 18:58:29
2025-05-13 18:00:00;2025-05-13 20:00:00;DK1;Solar;80,683334;80,587914;74,834587;82,339996;67,894165;2025-05-13 17:58:29;2025-05-13 19:58:29
2025-05-13 19:00:00;2025-05-13 21:00:00;DK1;Solar;3,983750;3,991250;3,942500;1,004583;24,540833;2025-05-13 18:58:29;2025-05-13 20:58:29
2025-05-13 20:00:00;2025-05-13 22:00:00;DK1;Solar;0,080833;0,092917;0,088333;5,466667;0,930833;2025-05-13 19:58:30;2025-05-13 21:58:30
2025-05-13 21:00:00;2025-05-13 23:00:00;DK1;Solar;0,000000;0,010000;0,000000;0,223750;4,828333;2025-05-13 20:58:29;2025-05-13 22:58:29
2025-05-13 22:00:00;2025-05-14 00:00:00;DK1;Solar;0,002500;3,231667;0,001250;1,259167;3,231667;2025-05-13 21:58:29;2025-05-13 23:58:29
2025-05-13 23:00:00;2025-05-14 01:00:00;DK1;Solar;0,000000;3,408750;0,010000;0,845417;3,408750;2025-05-13 22:58:29;2025-05-14 00:58:29
2025-05-14 00:00:00;2025-05-14 02:00:00;DK1;Solar;0,000000;3,650417;0,018333;0,895833;3,650417;2025-05-13 23:58:29;2025-05-14 01:58:29
2025-05-14 01:00:00;2025-05-14 03:00:00;DK1;Solar;0,000000;3,596667;0,000417;0,950000;3,596667;2025-05-14 00:58:45;2025-05-14 02:58:45
2025-05-14 02:00:00;2025-05-14 04:00:00;DK1;Solar;0,931667;3,272500;0,919167;1,847500;3,272500;2025-05-14 01:58:29;2025-05-14 03:58:29
2025-05-14 03:00:00;2025-05-14 05:00:00;DK1;Solar;32,905418;31,840000;31,963333;33,253750;31,840000;2025-05-14 02:59:13;2025-05-14 04:59:13
2025-05-14 04:00:00;2025-05-14 06:00:00;DK1;Solar;310,710846;290,240417;299,995819;309,216675;290,240417;2025-05-14 03:59:13;2025-05-14 05:59:13
2025-05-14 05:00:00;2025-05-14 07:00:00;DK1;Solar;729,491272;569,231262;712,421265;708,614990;569,231262;2025-05-14 04:59:13;2025-05-14 06:59:13
2025-05-14 06:00:00;2025-05-14 08:00:00;DK1;Solar;1233,339111;1003,783325;1218,394531;1180,121704;1003,783325;2025-05-14 05:59:14;2025-05-14 07:59:14
2025-05-14 07:00:00;2025-05-14 09:00:00;DK1;Solar;1696,533325;1639,112915;1702,776611;1639,112915;1416,961670;2025-05-14 06:59:13;2025-05-14 08:59:13
2025-05-14 08:00:00;2025-05-14 10:00:00;DK1;Solar;1780,376221;1784,209595;1785,964966;1712,209595;1670,510376;2025-05-14 07:59:13;2025-05-14 09:59:13
2025-05-14 09:00:00;2025-05-14 11:00:00;DK1;Solar;1324,922485;1318,237549;1316,096680;1265,152466;1302,745850;2025-05-14 08:59:13;2025-05-14 10:59:13
2025-05-14 10:00:00;2025-05-14 12:00:00;DK1;Solar;1195,567871;1170,878784;1162,906250;1116,988770;1067,005371;2025-05-14 09:59:16;2025-05-14 11:59:16
2025-05-14 11:00:00;2025-05-14 13:00:00;DK1;Solar;1187,085449;1158,991211;1158,991211;1136,633789;1216,199951;2025-05-14 10:59:13;2025-05-14 12:59:13
2025-05-14 12:00:00;2025-05-14 14:00:00;DK1;Solar;1157,306641;1120,795776;1120,795776;1135,677124;1071,616699;2025-05-14 11:59:16;2025-05-14 13:59:16
2025-05-14 13:00:00;2025-05-14 15:00:00;DK1;Solar;1116,369141;1075,517944;1078,149536;1043,943726;1023,619141;2025-05-14 12:59:16;2025-05-14 14:59:16
2025-05-14 14:00:00;2025-05-14 16:00:00;DK1;Solar;1070,996216;1023,425842;1025,101196;942,395813;942,119141;2025-05-14 13:59:15;2025-05-14 15:59:15
2025-05-14 15:00:00;2025-05-14 17:00:00;DK1;Solar;1210,517456;1143,060425;1147,096680;1008,262085;961,851257;2025-05-14 14:59:13;2025-05-14 16:59:13
2025-05-14 16:00:00;2025-05-14 18:00:00;DK1;Solar;715,002930;674,223755;601,940430;578,788757;457,844574;2025-05-14 15:59:13;2025-05-14 17:59:13
2025-05-14 17:00:00;2025-05-14 19:00:00;DK1;Solar;327,706665;316,558319;283,688751;247,345001;233,384171;2025-05-14 16:59:14;2025-05-14 18:59:14
2025-05-14 18:00:00;2025-05-14 20:00:00;DK1;Solar;81,568336;80,237915;73,410416;57,716251;69,498749;2025-05-14 17:59:13;2025-05-14 19:59:13
2025-05-14 19:00:00;2025-05-14 21:00:00;DK1;Solar;4,612083;4,649583;4,511667;2,521667;21,560417;2025-05-14 18:59:13;2025-05-14 20:59:13
2025-05-14 20:00:00;2025-05-14 22:00:00;DK1;Solar;0,143750;0,130417;0,117083;4,558750;0,483333;2025-05-14 19:59:13;2025-05-14 21:59:13
2025-05-14 21:00:00;2025-05-14 23:00:00;DK1;Solar;0,029583;0,000000;0,008750;0,088333;0,625417;2025-05-14 20:59:13;2025-05-14 22:59:13
2025-05-14 22:00:00;2025-05-15 00:00:00;DK1;Solar;0,010000;0,625000;0,010000;0,170833;0,625000;2025-05-14 21:59:13;2025-05-14 23:59:13
2025-05-14 23:00:00;2025-05-15 01:00:00;DK1;Solar;0,002083;1,237917;0,001250;0,162917;1,237917;2025-05-14 22:59:13;2025-05-15 00:59:13
2025-05-15 00:00:00;2025-05-15 02:00:00;DK1;Solar;0,000000;1,566250;0,000000;0,322083;1,566250;2025-05-14 23:59:13;2025-05-15 01:59:13
2025-05-15 01:00:00;2025-05-15 03:00:00;DK1;Solar;0,000000;1,664583;0,000000;0,408333;1,664583;2025-05-15 00:59:13;2025-05-15 02:59:13
2025-05-15 02:00:00;2025-05-15 04:00:00;DK1;Solar;0,931667;4,240833;0,935833;1,363750;4,240833;2025-05-15 01:59:13;2025-05-15 03:59:13
2025-05-15 03:00:00;2025-05-15 05:00:00;DK1;Solar;33,522915;36,969582;34,532501;35,099583;36,969582;2025-05-15 02:58:50;2025-05-15 04:58:50
2025-05-15 04:00:00;2025-05-15 06:00:00;DK1;Solar;302,607513;309,220825;327,106262;325,365845;309,220825;2025-05-15 03:58:51;2025-05-15 05:58:51
2025-05-15 05:00:00;2025-05-15 07:00:00;DK1;Solar;708,205811;606,874573;765,756653;757,112915;606,874573;2025-05-15 04:58:50;2025-05-15 06:58:50
2025-05-15 06:00:00;2025-05-15 08:00:00;DK1;Solar;1180,159546;1088,687134;1274,432495;1222,217896;1088,687134;2025-05-15 05:58:50;2025-05-15 07:58:50
2025-05-15 07:00:00;2025-05-15 09:00:00;DK1;Solar;1611,627441;1685,487915;1729,558716;1685,487915;1530,696655;2025-05-15 06:58:51;2025-05-15 08:58:51
2025-05-15 08:00:00;2025-05-15 10:00:00;DK1;Solar;1869,433350;2005,081299;2004,397095;1952,953369;1784,727539;2025-05-15 07:58:50;2025-05-15 09:58:50
2025-05-15 09:00:00;2025-05-15 11:00:00;DK1;Solar;1624,888794;1623,838379;1622,701660;1630,246216;1483,658325;2025-05-15 08:58:50;2025-05-15 10:58:50
2025-05-15 10:00:00;2025-05-15 12:00:00;DK1;Solar;1206,496704;1206,177490;1205,267456;1221,532104;1296,132935;2025-05-15 09:58:50;2025-05-15 11:58:50
2025-05-15 11:00:00;2025-05-15 13:00:00;DK1;Solar;1205,726196;1206,903320;1206,903320;1275,748779;1319,736694;2025-05-15 10:58:52;2025-05-15 12:58:52
2025-05-15 12:00:00;2025-05-15 14:00:00;DK1;Solar;1176,083374;1178,568359;1178,568359;1247,847046;1246,644165;2025-05-15 11:58:53;2025-05-15 13:58:53
2025-05-15 13:00:00;2025-05-15 15:00:00;DK1;Solar;1099,905884;1106,397949;1168,468750;1164,265381;1151,662964;2025-05-15 12:58:53;2025-05-15 14:58:53
2025-05-15 14:00:00;2025-05-15 16:00:00;DK1;Solar;1174,331665;1177,975464;1180,915405;1098,491211;1104,114136;2025-05-15 13:58:50;2025-05-15 15:58:50
2025-05-15 15:00:00;2025-05-15 17:00:00;DK1;Solar;1201,410889;1292,038330;1289,135376;1130,864136;1206,513306;2025-05-15 14:58:50;2025-05-15 16:58:50
2025-05-15 16:00:00;2025-05-15 18:00:00;DK1;Solar;779,944153;833,387939;736,977478;755,332947;797,819580;2025-05-15 15:58:50;2025-05-15 17:58:50
2025-05-15 17:00:00;2025-05-15 19:00:00;DK1;Solar;366,157928;390,873322;362,034180;369,424988;386,933746;2025-05-15 16:58:51;2025-05-15 18:58:51
2025-05-15 18:00:00;2025-05-15 20:00:00;DK1;Solar;94,294998;99,097916;90,558746;97,838753;80,667915;2025-05-15 17:58:50;2025-05-15 19:58:50
2025-05-15 19:00:00;2025-05-15 21:00:00;DK1;Solar;5,180833;5,209583;5,075833;1,203333;15,350833;2025-05-15 18:58:50;2025-05-15 20:58:50
2025-05-15 20:00:00;2025-05-15 22:00:00;DK1;Solar;0,143750;0,124583;0,127083;2,801250;1,142500;2025-05-15 19:58:52;2025-05-15 21:58:52
2025-05-15 21:00:00;2025-05-15 23:00:00;DK1;Solar;0,023750;0,000000;0,022500;0,273750;1,434583;2025-05-15 20:58:50;2025-05-15 22:58:50
2025-05-15 22:00:00;2025-05-16 00:00:00;DK1;Solar;0,002917;1,202500;0,002917;0,375000;1,202500;2025-05-15 21:58:50;2025-05-15 23:58:50
2025-05-15 23:00:00;2025-05-16 01:00:00;DK1;Solar;0,000000;1,120000;0,016667;0,314583;1,120000;2025-05-15 22:58:50;2025-05-16 00:58:50
2025-05-16 00:00:00;2025-05-16 02:00:00;DK1;Solar;0,000000;1,616250;0,003750;0,291667;1,616250;2025-05-15 23:58:50;2025-05-16 01:58:50
2025-05-16 01:00:00;2025-05-16 03:00:00;DK1;Solar;0,000000;1,508750;0,000000;0,421250;1,508750;2025-05-16 00:58:50;2025-05-16 02:58:50
2025-05-16 02:00:00;2025-05-16 04:00:00;DK1;Solar;0,990417;2,166250;0,953333;1,331250;2,166250;2025-05-16 01:58:50;2025-05-16 03:58:50
2025-05-16 03:00:00;2025-05-16 05:00:00;DK1;Solar;35,480000;34,782501;35,502083;36,645832;34,782501;2025-05-16 02:59:12;2025-05-16 04:59:12
2025-05-16 04:00:00;2025-05-16 06:00:00;DK1;Solar;290,162079;294,392487;309,273346;312,891235;294,392487;2025-05-16 03:59:11;2025-05-16 05:59:11
2025-05-16 05:00:00;2025-05-16 07:00:00;DK1;Solar;667,703735;587,080444;719,263733;718,481689;587,080444;2025-05-16 04:59:11;2025-05-16 06:59:11
2025-05-16 06:00:00;2025-05-16 08:00:00;DK1;Solar;1122,367920;1023,385010;1205,264160;1173,486694;1023,385010;2025-05-16 05:59:12;2025-05-16 07:59:12
2025-05-16 07:00:00;2025-05-16 09:00:00;DK1;Solar;1542,600830;1629,346680;1674,276245;1629,346680;1466,621704;2025-05-16 06:59:11;2025-05-16 08:59:11
2025-05-16 08:00:00;2025-05-16 10:00:00;DK1;Solar;1806,494141;1970,484131;1963,959595;1915,520874;1681,683716;2025-05-16 07:59:12;2025-05-16 09:59:12
2025-05-16 09:00:00;2025-05-16 11:00:00;DK1;Solar;1534,948364;1583,279541;1563,704590;1509,219116;1287,723389;2025-05-16 08:59:11;2025-05-16 10:59:11
2025-05-16 10:00:00;2025-05-16 12:00:00;DK1;Solar;1220,467896;1270,285889;1270,285889;1197,845459;1060,109985;2025-05-16 09:59:12;2025-05-16 11:59:12
2025-05-16 11:00:00;2025-05-16 13:00:00;DK1;Solar;1309,099976;1341,511719;1341,511719;1287,082031;1248,352051;2025-05-16 10:59:12;2025-05-16 12:59:12
2025-05-16 12:00:00;2025-05-16 14:00:00;DK1;Solar;1299,726196;1325,447144;1325,447144;1247,049561;1188,633301;2025-05-16 11:59:13;2025-05-16 13:59:13
2025-05-16 13:00:00;2025-05-16 15:00:00;DK1;Solar;1523,322144;1544,852539;1545,237915;1451,615356;1385,119629;2025-05-16 12:59:12;2025-05-16 14:59:12
2025-05-16 14:00:00;2025-05-16 16:00:00;DK1;Solar;1551,664185;1691,249634;1692,418335;1477,323364;1423,454590;2025-05-16 13:59:11;2025-05-16 15:59:11
2025-05-16 15:00:00;2025-05-16 17:00:00;DK1;Solar;1228,216675;1323,375854;1323,863281;1189,927856;1164,727905;2025-05-16 14:59:12;2025-05-16 16:59:12
2025-05-16 16:00:00;2025-05-16 18:00:00;DK1;Solar;768,051270;821,787903;732,021667;748,972107;831,588318;2025-05-16 15:59:11;2025-05-16 17:59:11
2025-05-16 17:00:00;2025-05-16 19:00:00;DK1;Solar;365,772491;390,202911;349,891663;390,804596;413,366241;2025-05-16 16:59:11;2025-05-16 18:59:11
2025-05-16 18:00:00;2025-05-16 20:00:00;DK1;Solar;97,359581;102,646667;93,932083;108,577499;84,632500;2025-05-16 17:59:11;2025-05-16 19:59:11
2025-05-16 19:00:00;2025-05-16 21:00:00;DK1;Solar;5,617500;5,639583;5,619583;1,522917;15,526250;2025-05-16 18:59:11;2025-05-16 20:59:11
2025-05-16 20:00:00;2025-05-16 22:00:00;DK1;Solar;0,142917;0,150000;0,142917;2,724167;2,403333;2025-05-16 19:59:11;2025-05-16 21:59:11
2025-05-16 21:00:00;2025-05-16 23:00:00;DK1;Solar;0,000000;0,000000;0,000000;0,590833;2,234583;2025-05-16 20:59:10;2025-05-16 22:59:10
2025-05-16 22:00:00;2025-05-17 00:00:00;DK1;Solar;0,000000;2,484167;0,003750;0,589583;2,484167;2025-05-16 21:59:11;2025-05-16 23:59:11
2025-05-16 23:00:00;2025-05-17 01:00:00;DK1;Solar;0,000000;1,737083;0,014583;0,649167;1,737083;2025-05-16 22:59:16;2025-05-17 00:59:16
2025-05-17 00:00:00;2025-05-17 02:00:00;DK1;Solar;0,000000;3,379167;0,009167;0,457083;3,379167;2025-05-16 23:59:14;2025-05-17 01:59:14
2025-05-17 01:00:00;2025-05-17 03:00:00;DK1;Solar;0,000000;2,034583;0,000000;0,878750;2,034583;2025-05-17 00:59:11;2025-05-17 02:59:11
2025-05-17 02:00:00;2025-05-17 04:00:00;DK1;Solar;0,623750;3,460417;0,660000;1,192917;3,460417;2025-05-17 01:59:17;2025-05-17 03:59:17
2025-05-17 03:00:00;2025-05-17 05:00:00;DK1;Solar;25,894583;30,225000;27,651251;29,777082;30,225000;2025-05-17 02:58:44;2025-05-17 04:58:44
2025-05-17 04:00:00;2025-05-17 06:00:00;DK1;Solar;269,723755;275,442902;275,792084;284,920013;275,442902;2025-05-17 03:58:42;2025-05-17 05:58:42
2025-05-17 05:00:00;2025-05-17 07:00:00;DK1;Solar;663,510437;530,412903;662,357483;667,471252;530,412903;2025-05-17 04:58:41;2025-05-17 06:58:41
2025-05-17 06:00:00;2025-05-17 08:00:00;DK1;Solar;1109,255005;937,405029;1120,130371;1068,136719;937,405029;2025-05-17 05:58:42;2025-05-17 07:58:42
2025-05-17 07:00:00;2025-05-17 09:00:00;DK1;Solar;1375,342041;1311,477539;1381,012451;1311,477539;1203,201660;2025-05-17 06:58:42;2025-05-17 08:58:42
2025-05-17 08:00:00;2025-05-17 10:00:00;DK1;Solar;1420,738770;1387,482910;1381,385376;1346,903320;1292,310425;2025-05-17 07:58:42;2025-05-17 09:58:42
2025-05-17 09:00:00;2025-05-17 11:00:00;DK1;Solar;1069,917114;1038,732544;1021,288757;1056,094604;1034,853760;2025-05-17 08:58:42;2025-05-17 10:58:42
2025-05-17 10:00:00;2025-05-17 12:00:00;DK1;Solar;1089,390015;946,481689;933,249573;1085,209961;1091,837891;2025-05-17 09:58:42;2025-05-17 11:58:42
2025-05-17 11:00:00;2025-05-17 13:00:00;DK1;Solar;1117,796265;1013,922485;1013,922485;1067,907959;1068,219604;2025-05-17 10:58:41;2025-05-17 12:58:41
2025-05-17 12:00:00;2025-05-17 14:00:00;DK1;Solar;1081,112061;1005,676270;1005,676270;1029,955811;1096,043701;2025-05-17 11:58:46;2025-05-17 13:58:46
2025-05-17 13:00:00;2025-05-17 15:00:00;DK1;Solar;1058,841309;975,670410;1000,126648;1018,881226;1041,186646;2025-05-17 12:58:44;2025-05-17 14:58:44
2025-05-17 14:00:00;2025-05-17 16:00:00;DK1;Solar;1112,075439;1093,369629;1112,425049;1041,860474;1009,000427;2025-05-17 13:58:41;2025-05-17 15:58:41
2025-05-17 15:00:00;2025-05-17 17:00:00;DK1;Solar;1337,517944;1304,512451;1234,548340;1131,790039;1123,008789;2025-05-17 14:58:41;2025-05-17 16:58:41
2025-05-17 16:00:00;2025-05-17 18:00:00;DK1;Solar;847,462524;816,197083;714,614990;724,417480;711,067078;2025-05-17 15:58:42;2025-05-17 17:58:42
2025-05-17 17:00:00;2025-05-17 19:00:00;DK1;Solar;408,343323;400,035828;364,557098;366,122498;377,516235;2025-05-17 16:58:41;2025-05-17 18:58:41
2025-05-17 18:00:00;2025-05-17 20:00:00;DK1;Solar;124,089996;111,872917;111,480003;113,569168;87,750420;2025-05-17 17:58:41;2025-05-17 19:58:41
2025-05-17 19:00:00;2025-05-17 21:00:00;DK1;Solar;7,834583;6,505833;7,002083;0,492083;29,402916;2025-05-17 18:58:41;2025-05-17 20:58:41
2025-05-17 20:00:00;2025-05-17 22:00:00;DK1;Solar;0,245833;0,200833;0,210833;5,905000;16,120832;2025-05-17 19:58:41;2025-05-17 21:58:41
2025-05-17 21:00:00;2025-05-17 23:00:00;DK1;Solar;0,015000;0,010000;0,013750;4,145000;15,637083;2025-05-17 20:58:41;2025-05-17 22:58:41
2025-05-17 22:00:00;2025-05-18 00:00:00;DK1;Solar;0,041250;1,040000;0,022500;4,072917;1,040000;2025-05-17 21:58:41;2025-05-17 23:58:41
2025-05-17 23:00:00;2025-05-18 01:00:00;DK1;Solar;0,028750;2,960000;0,005000;0,276667;2,960000;2025-05-17 22:58:42;2025-05-18 00:58:42
2025-05-18 00:00:00;2025-05-18 02:00:00;DK1;Solar;0,002917;2,779167;0,000000;0,777917;2,779167;2025-05-17 23:58:41;2025-05-18 01:58:41
2025-05-18 01:00:00;2025-05-18 03:00:00;DK1;Solar;0,000000;1,250833;0,000000;0,722500;1,250833;2025-05-18 00:58:41;2025-05-18 02:58:41
2025-05-18 02:00:00;2025-05-18 04:00:00;DK1;Solar;0,633750;2,514167;0,655000;0,821250;2,514167;2025-05-18 01:58:42;2025-05-18 03:58:42
2025-05-18 03:00:00;2025-05-18 05:00:00;DK1;Solar;22,375000;22,386250;25,265833;22,463333;22,386250;2025-05-18 02:58:52;2025-05-18 04:58:52
2025-05-18 04:00:00;2025-05-18 06:00:00;DK1;Solar;192,047089;228,932922;232,389160;234,293335;228,932922;2025-05-18 03:58:53;2025-05-18 05:58:53
2025-05-18 05:00:00;2025-05-18 07:00:00;DK1;Solar;453,204987;517,459167;568,504578;589,124146;517,459167;2025-05-18 04:58:53;2025-05-18 06:58:53
2025-05-18 06:00:00;2025-05-18 08:00:00;DK1;Solar;775,994141;902,784973;986,664978;1039,333740;902,784973;2025-05-18 05:58:54;2025-05-18 07:58:54
2025-05-18 07:00:00;2025-05-18 09:00:00;DK1;Solar;1140,688721;1475,523804;1518,582520;1475,523804;1368,376709;2025-05-18 06:58:53;2025-05-18 08:58:53
2025-05-18 08:00:00;2025-05-18 10:00:00;DK1;Solar;1179,718750;1608,683350;1631,119141;1572,308350;1331,984619;2025-05-18 07:58:53;2025-05-18 09:58:53
2025-05-18 09:00:00;2025-05-18 11:00:00;DK1;Solar;1176,349976;1417,078735;1455,654175;1356,812500;1293,147949;2025-05-18 08:58:52;2025-05-18 10:58:52
2025-05-18 10:00:00;2025-05-18 12:00:00;DK1;Solar;983,867493;1065,307861;1082,742920;1076,663696;1000,126648;2025-05-18 09:58:52;2025-05-18 11:58:52
2025-05-18 11:00:00;2025-05-18 13:00:00;DK1;Solar;916,951660;1020,623352;1020,623352;1020,290405;982,694580;2025-05-18 10:58:52;2025-05-18 12:58:52
2025-05-18 12:00:00;2025-05-18 14:00:00;DK1;Solar;880,780396;1016,835388;1016,835388;1151,938721;1091,629639;2025-05-18 11:59:09;2025-05-18 13:59:09
2025-05-18 13:00:00;2025-05-18 15:00:00;DK1;Solar;846,657898;939,422485;989,733765;1019,002930;903,971680;2025-05-18 12:58:53;2025-05-18 14:58:53
2025-05-18 14:00:00;2025-05-18 16:00:00;DK1;Solar;1098,738770;1024,277466;1070,647949;1069,038330;1021,033325;2025-05-18 13:58:52;2025-05-18 15:58:52
2025-05-18 15:00:00;2025-05-18 17:00:00;DK1;Solar;1102,392090;1024,555054;1041,782471;948,908325;900,105408;2025-05-18 14:58:52;2025-05-18 16:58:52
2025-05-18 16:00:00;2025-05-18 18:00:00;DK1;Solar;682,821655;695,239197;658,856689;578,638306;598,690430;2025-05-18 15:58:52;2025-05-18 17:58:52
2025-05-18 17:00:00;2025-05-18 19:00:00;DK1;Solar;325,854584;353,647491;304,423340;310,742493;272,452911;2025-05-18 16:58:52;2025-05-18 18:58:52
2025-05-18 18:00:00;2025-05-18 20:00:00;DK1;Solar;100,194168;110,003334;101,066666;94,946663;110,849998;2025-05-18 17:58:52;2025-05-18 19:58:52
2025-05-18 19:00:00;2025-05-18 21:00:00;DK1;Solar;7,003334;7,265417;8,218750;9,049167;19,341667;2025-05-18 18:58:51;2025-05-18 20:58:51
2025-05-18 20:00:00;2025-05-18 22:00:00;DK1;Solar;0,254583;0,230417;0,283750;3,094167;0,033750;2025-05-18 19:58:52;2025-05-18 21:58:52
2025-05-18 21:00:00;2025-05-18 23:00:00;DK1;Solar;0,016250;0,000000;0,000000;0,000000;0,271667;2025-05-18 20:58:51;2025-05-18 22:58:51
2025-05-18 22:00:00;2025-05-19 00:00:00;DK1;Solar;0,000000;1,725417;0,018750;0,074167;1,725417;2025-05-18 21:58:52;2025-05-18 23:58:52
2025-05-18 23:00:00;2025-05-19 01:00:00;DK1;Solar;0,000000;1,907083;0,013750;0,461250;1,907083;2025-05-18 22:58:53;2025-05-19 00:58:53
2025-05-19 00:00:00;2025-05-19 02:00:00;DK1;Solar;0,000000;1,622500;0,009583;0,497083;1,622500;2025-05-18 23:58:52;2025-05-19 01:58:52
2025-05-19 01:00:00;2025-05-19 03:00:00;DK1;Solar;0,000000;1,637917;0,000000;0,422083;1,637917;2025-05-19 00:58:52;2025-05-19 02:58:52
2025-05-19 02:00:00;2025-05-19 04:00:00;DK1;Solar;0,859167;3,419583;0,805000;1,150000;3,419583;2025-05-19 01:58:52;2025-05-19 03:58:52
2025-05-19 03:00:00;2025-05-19 05:00:00;DK1;Solar;33,087502;29,370832;31,807917;29,182917;29,370832;2025-05-19 02:59:23;2025-05-19 04:59:23
2025-05-19 04:00:00;2025-05-19 06:00:00;DK1;Solar;258,087494;249,977081;258,885834;246,137497;249,977081;2025-05-19 03:59:23;2025-05-19 05:59:23
2025-05-19 05:00:00;2025-05-19 07:00:00;DK1;Solar;593,690857;520,647095;593,593750;576,904602;520,647095;2025-05-19 04:59:24;2025-05-19 06:59:24
2025-05-19 06:00:00;2025-05-19 08:00:00;DK1;Solar;1021,675415;933,753357;1022,519165;991,072937;933,753357;2025-05-19 05:59:25;2025-05-19 07:59:25
2025-05-19 07:00:00;2025-05-19 09:00:00;DK1;Solar;1462,936279;1478,231689;1427,742554;1478,231689;1378,782104;2025-05-19 06:59:24;2025-05-19 08:59:24
2025-05-19 08:00:00;2025-05-19 10:00:00;DK1;Solar;1807,392090;1875,194580;1801,906616;1841,928711;1782,603394;2025-05-19 07:59:24;2025-05-19 09:59:24
2025-05-19 09:00:00;2025-05-19 11:00:00;DK1;Solar;1979,969604;2110,182617;2032,119629;2092,773682;1984,185791;2025-05-19 08:59:26;2025-05-19 10:59:26
2025-05-19 10:00:00;2025-05-19 12:00:00;DK1;Solar;2079,100098;2222,026367;2150,190918;2199,068848;2095,991211;2025-05-19 09:59:25;2025-05-19 11:59:25
2025-05-19 11:00:00;2025-05-19 13:00:00;DK1;Solar;2090,217041;2245,641357;2245,641357;2222,325439;2136,791260;2025-05-19 10:59:24;2025-05-19 12:59:24
2025-05-19 12:00:00;2025-05-19 14:00:00;DK1;Solar;2094,405518;2243,013672;2243,013672;2226,375732;2130,625000;2025-05-19 11:59:26;2025-05-19 13:59:26
2025-05-19 13:00:00;2025-05-19 15:00:00;DK1;Solar;2029,298706;2162,640869;2182,741211;2148,354248;1970,952881;2025-05-19 12:59:26;2025-05-19 14:59:26
2025-05-19 14:00:00;2025-05-19 16:00:00;DK1;Solar;1835,574219;1944,814941;1961,780884;1906,457520;1765,417114;2025-05-19 13:59:23;2025-05-19 15:59:23
2025-05-19 15:00:00;2025-05-19 17:00:00;DK1;Solar;1406,235840;1481,980469;1494,565796;1438,789551;1350,630005;2025-05-19 14:59:22;2025-05-19 16:59:22
2025-05-19 16:00:00;2025-05-19 18:00:00;DK1;Solar;899,827515;947,542053;951,667053;914,725403;885,935852;2025-05-19 15:59:22;2025-05-19 17:59:22
2025-05-19 17:00:00;2025-05-19 19:00:00;DK1;Solar;451,783325;473,812073;474,762085;457,711243;428,410431;2025-05-19 16:59:23;2025-05-19 18:59:23
2025-05-19 18:00:00;2025-05-19 20:00:00;DK1;Solar;147,971664;153,633743;151,633743;139,389587;94,696251;2025-05-19 17:59:23;2025-05-19 19:59:23
2025-05-19 19:00:00;2025-05-19 21:00:00;DK1;Solar;10,677500;10,592500;10,242500;0,512083;6,248750;2025-05-19 18:59:23;2025-05-19 20:59:23
2025-05-19 20:00:00;2025-05-19 22:00:00;DK1;Solar;0,336250;0,336250;0,334167;0,002083;0,078750;2025-05-19 19:59:23;2025-05-19 21:59:23
2025-05-19 21:00:00;2025-05-19 23:00:00;DK1;Solar;0,000000;0,000000;0,024583;0,002083;1,044583;2025-05-19 20:59:23;2025-05-19 22:59:23
2025-05-19 22:00:00;2025-05-20 00:00:00;DK1;Solar;0,011250;1,622083;0,010000;0,274583;1,622083;2025-05-19 21:59:24;2025-05-19 23:59:24
2025-05-19 23:00:00;2025-05-20 01:00:00;DK1;Solar;0,010417;1,580833;0,010000;0,431250;1,580833;2025-05-19 22:59:23;2025-05-20 00:59:23
2025-05-20 00:00:00;2025-05-20 02:00:00;DK1;Solar;0,020000;2,225000;0,010000;0,412500;2,225000;2025-05-19 23:59:25;2025-05-20 01:59:25
2025-05-20 01:00:00;2025-05-20 03:00:00;DK1;Solar;0,014583;2,648333;0,017500;0,590417;2,648333;2025-05-20 00:59:23;2025-05-20 02:59:23
2025-05-20 02:00:00;2025-05-20 04:00:00;DK1;Solar;0,870417;3,510417;0,870000;1,554583;3,510417;2025-05-20 01:59:23;2025-05-20 03:59:23
2025-05-20 03:00:00;2025-05-20 05:00:00;DK1;Solar;37,610001;37,536251;37,428333;37,597916;37,536251;2025-05-20 02:59:13;2025-05-20 04:59:13
2025-05-20 04:00:00;2025-05-20 06:00:00;DK1;Solar;317,799591;301,040009;313,792084;315,101654;301,040009;2025-05-20 03:59:13;2025-05-20 05:59:13
2025-05-20 05:00:00;2025-05-20 07:00:00;DK1;Solar;747,592102;623,321655;741,598755;738,476257;623,321655;2025-05-20 04:59:13;2025-05-20 06:59:13
2025-05-20 06:00:00;2025-05-20 08:00:00;DK1;Solar;1273,189941;1092,386719;1250,218750;1227,140869;1092,386719;2025-05-20 05:59:13;2025-05-20 07:59:13
2025-05-20 07:00:00;2025-05-20 09:00:00;DK1;Solar;1763,529175;1691,099976;1733,328369;1691,099976;1543,667114;2025-05-20 06:59:13;2025-05-20 08:59:13
2025-05-20 08:00:00;2025-05-20 10:00:00;DK1;Solar;2094,228760;2072,231689;2070,120361;2022,511230;1803,642944;2025-05-20 07:59:13;2025-05-20 09:59:13
2025-05-20 09:00:00;2025-05-20 11:00:00;DK1;Solar;2214,334229;2206,177979;2206,940430;2134,805908;1951,135010;2025-05-20 08:59:13;2025-05-20 10:59:13
2025-05-20 10:00:00;2025-05-20 12:00:00;DK1;Solar;2034,192139;2029,452026;2029,841675;1961,557861;1711,533325;2025-05-20 09:59:13;2025-05-20 11:59:13
2025-05-20 11:00:00;2025-05-20 13:00:00;DK1;Solar;2048,243408;2043,047485;2043,047485;1958,729126;1762,407959;2025-05-20 10:59:13;2025-05-20 12:59:13
2025-05-20 12:00:00;2025-05-20 14:00:00;DK1;Solar;2025,303345;2016,784180;2016,784180;1890,104614;1489,864990;2025-05-20 11:59:17;2025-05-20 13:59:17
2025-05-20 13:00:00;2025-05-20 15:00:00;DK1;Solar;2170,944092;2158,605469;2155,867432;1980,648804;1786,417114;2025-05-20 12:59:14;2025-05-20 14:59:14
2025-05-20 14:00:00;2025-05-20 16:00:00;DK1;Solar;1939,477905;1916,296631;1912,075806;1799,389526;1482,740845;2025-05-20 13:59:13;2025-05-20 15:59:13
2025-05-20 15:00:00;2025-05-20 17:00:00;DK1;Solar;1471,295410;1440,171265;1436,792114;1322,716309;1068,913330;2025-05-20 14:59:13;2025-05-20 16:59:13
2025-05-20 16:00:00;2025-05-20 18:00:00;DK1;Solar;934,346252;906,440002;881,565857;800,135010;662,685425;2025-05-20 15:59:12;2025-05-20 17:59:12
2025-05-20 17:00:00;2025-05-20 19:00:00;DK1;Solar;461,821259;446,025421;434,315430;379,113739;218,647507;2025-05-20 16:59:12;2025-05-20 18:59:12
2025-05-20 18:00:00;2025-05-20 20:00:00;DK1;Solar;148,282501;142,364578;138,250412;82,209999;31,804167;2025-05-20 17:59:13;2025-05-20 19:59:13
2025-05-20 19:00:00;2025-05-20 21:00:00;DK1;Solar;10,720000;10,433333;10,298750;0,534583;0,007083;2025-05-20 18:59:13;2025-05-20 20:59:13
2025-05-20 20:00:00;2025-05-20 22:00:00;DK1;Solar;0,389167;0,350833;0,347500;0,000417;1,561667;2025-05-20 19:59:13;2025-05-20 21:59:13
2025-05-20 21:00:00;2025-05-20 23:00:00;DK1;Solar;0,020000;0,018333;0,007917;0,315000;2,517500;2025-05-20 20:59:13;2025-05-20 22:59:13
2025-05-20 22:00:00;2025-05-21 00:00:00;DK1;Solar;0,010000;3,840000;0,010000;0,660000;3,840000;2025-05-20 21:59:13;2025-05-20 23:59:13
2025-05-20 23:00:00;2025-05-21 01:00:00;DK1;Solar;0,003333;3,536250;0,017083;1,000000;3,536250;2025-05-20 22:59:13;2025-05-21 00:59:13
2025-05-21 00:00:00;2025-05-21 02:00:00;DK1;Solar;0,018750;3,475000;0,017083;0,926667;3,475000;2025-05-20 23:59:13;2025-05-21 01:59:13
2025-05-21 01:00:00;2025-05-21 03:00:00;DK1;Solar;0,006250;2,907917;0,010000;0,912917;2,907917;2025-05-21 00:59:14;2025-05-21 02:59:14
2025-05-21 02:00:00;2025-05-21 04:00:00;DK1;Solar;0,794167;4,993333;0,813333;1,596667;4,993333;2025-05-21 01:59:13;2025-05-21 03:59:13
2025-05-21 03:00:00;2025-05-21 05:00:00;DK1;Solar;30,687916;35,454582;30,605000;32,204582;35,454582;2025-05-21 02:58:33;2025-05-21 04:58:33
2025-05-21 04:00:00;2025-05-21 06:00:00;DK1;Solar;241,893753;229,433746;243,235001;243,419586;229,433746;2025-05-21 03:58:33;2025-05-21 05:58:33
2025-05-21 05:00:00;2025-05-21 07:00:00;DK1;Solar;540,584167;426,788330;544,046265;546,947083;426,788330;2025-05-21 04:58:33;2025-05-21 06:58:33
2025-05-21 06:00:00;2025-05-21 08:00:00;DK1;Solar;909,998779;697,694580;924,956238;884,383362;697,694580;2025-05-21 05:58:33;2025-05-21 07:58:33
2025-05-21 07:00:00;2025-05-21 09:00:00;DK1;Solar;1275,357910;1209,336670;1286,435059;1209,336670;951,642090;2025-05-21 06:58:34;2025-05-21 08:58:34
2025-05-21 08:00:00;2025-05-21 10:00:00;DK1;Solar;1524,444580;1506,354614;1531,141235;1424,397461;1167,717529;2025-05-21 07:58:34;2025-05-21 09:58:34
2025-05-21 09:00:00;2025-05-21 11:00:00;DK1;Solar;1471,571289;1447,809570;1453,005859;1439,584961;1177,333374;2025-05-21 08:58:34;2025-05-21 10:58:34
2025-05-21 10:00:00;2025-05-21 12:00:00;DK1;Solar;1463,959106;1432,120850;1432,120850;1355,808716;1246,227539;2025-05-21 09:58:33;2025-05-21 11:58:33
2025-05-21 11:00:00;2025-05-21 13:00:00;DK1;Solar;1192,455811;1162,602905;1162,602905;1119,888794;1168,461670;2025-05-21 10:58:34;2025-05-21 12:58:34
2025-05-21 12:00:00;2025-05-21 14:00:00;DK1;Solar;1262,476685;1253,934570;1253,934570;1294,106201;1370,502075;2025-05-21 11:58:40;2025-05-21 13:58:40
2025-05-21 13:00:00;2025-05-21 15:00:00;DK1;Solar;1049,686646;1167,605835;1223,680054;1222,458740;1138,795044;2025-05-21 12:58:36;2025-05-21 14:58:36
2025-05-21 14:00:00;2025-05-21 16:00:00;DK1;Solar;1057,065796;1238,860474;1254,190430;1221,577881;1088,287964;2025-05-21 13:58:33;2025-05-21 15:58:33
2025-05-21 15:00:00;2025-05-21 17:00:00;DK1;Solar;993,984558;1080,418335;1030,596191;1039,744629;1095,492920;2025-05-21 14:58:34;2025-05-21 16:58:34
2025-05-21 16:00:00;2025-05-21 18:00:00;DK1;Solar;736,830811;769,662903;729,919189;743,494568;648,926697;2025-05-21 15:58:33;2025-05-21 17:58:33
2025-05-21 17:00:00;2025-05-21 19:00:00;DK1;Solar;412,223328;417,930420;396,713745;365,507904;223,738754;2025-05-21 16:58:34;2025-05-21 18:58:34
2025-05-21 18:00:00;2025-05-21 20:00:00;DK1;Solar;142,787079;139,392502;142,092499;93,538330;70,951248;2025-05-21 17:58:34;2025-05-21 19:58:34
2025-05-21 19:00:00;2025-05-21 21:00:00;DK1;Solar;11,170000;10,530416;11,387917;0,741667;12,007916;2025-05-21 18:58:34;2025-05-21 20:58:34
2025-05-21 20:00:00;2025-05-21 22:00:00;DK1;Solar;0,403333;0,382500;0,410000;0,593333;6,149167;2025-05-21 19:58:34;2025-05-21 21:58:34
2025-05-21 21:00:00;2025-05-21 23:00:00;DK1;Solar;0,010000;0,039583;0,010000;1,500000;7,665417;2025-05-21 20:58:34;2025-05-21 22:58:34
2025-05-21 22:00:00;2025-05-22 00:00:00;DK1;Solar;0,010000;7,645417;0,007917;2,004167;7,645417;2025-05-21 21:58:34;2025-05-21 23:58:34
2025-05-21 23:00:00;2025-05-22 01:00:00;DK1;Solar;0,010417;7,695416;0,000417;1,997083;7,695416;2025-05-21 22:58:34;2025-05-22 00:58:34
2025-05-22 00:00:00;2025-05-22 02:00:00;DK1;Solar;0,020000;7,331666;0,010000;2,010000;7,331666;2025-05-21 23:58:33;2025-05-22 01:58:33
2025-05-22 01:00:00;2025-05-22 03:00:00;DK1;Solar;0,010417;7,626667;0,010000;1,915417;7,626667;2025-05-22 00:58:33;2025-05-22 02:58:33
2025-05-22 02:00:00;2025-05-22 04:00:00;DK1;Solar;0,643333;4,580000;0,551667;2,470000;4,580000;2025-05-22 01:58:34;2025-05-22 03:58:34
2025-05-22 03:00:00;2025-05-22 05:00:00;DK1;Solar;22,504583;27,079584;19,898750;21,670834;27,079584;2025-05-22 02:58:53;2025-05-22 04:58:53
2025-05-22 04:00:00;2025-05-22 06:00:00;DK1;Solar;163,839584;135,484589;143,658340;141,118332;135,484589;2025-05-22 03:58:53;2025-05-22 05:58:53
2025-05-22 05:00:00;2025-05-22 07:00:00;DK1;Solar;353,480835;250,139587;293,170837;293,887085;250,139587;2025-05-22 04:58:53;2025-05-22 06:58:53
2025-05-22 06:00:00;2025-05-22 08:00:00;DK1;Solar;629,564148;435,633759;510,579590;458,931671;435,633759;2025-05-22 05:58:53;2025-05-22 07:58:53
2025-05-22 07:00:00;2025-05-22 09:00:00;DK1;Solar;845,486267;700,962524;719,003357;700,962524;663,940430;2025-05-22 06:58:53;2025-05-22 08:58:53
2025-05-22 08:00:00;2025-05-22 10:00:00;DK1;Solar;912,942078;943,243774;961,572937;970,899597;1013,187500;2025-05-22 07:58:53;2025-05-22 09:58:53
2025-05-22 09:00:00;2025-05-22 11:00:00;DK1;Solar;1001,174561;1157,492920;1137,297119;1252,021606;1196,302490;2025-05-22 08:58:52;2025-05-22 10:58:52
2025-05-22 10:00:00;2025-05-22 12:00:00;DK1;Solar;953,299988;1096,434570;1096,434570;1089,931274;1165,092896;2025-05-22 09:58:52;2025-05-22 11:58:52
2025-05-22 11:00:00;2025-05-22 13:00:00;DK1;Solar;991,285400;1150,775879;1150,775879;1178,736206;1093,258789;2025-05-22 10:58:53;2025-05-22 12:58:53
2025-05-22 12:00:00;2025-05-22 14:00:00;DK1;Solar;983,776245;1063,522949;1063,522949;1069,689941;909,116638;2025-05-22 11:58:55;2025-05-22 13:58:55
2025-05-22 13:00:00;2025-05-22 15:00:00;DK1;Solar;936,203735;1039,687866;1075,537476;1042,814941;1010,020447;2025-05-22 12:58:56;2025-05-22 14:58:56
2025-05-22 14:00:00;2025-05-22 16:00:00;DK1;Solar;776,338745;830,321228;853,364563;936,205444;763,408752;2025-05-22 13:58:53;2025-05-22 15:58:53
2025-05-22 15:00:00;2025-05-22 17:00:00;DK1;Solar;692,513733;774,691223;774,907104;799,332947;703,619141;2025-05-22 14:58:53;2025-05-22 16:58:53
2025-05-22 16:00:00;2025-05-22 18:00:00;DK1;Solar;600,282898;643,537476;601,021240;534,007507;454,016663;2025-05-22 15:58:52;2025-05-22 17:58:52
2025-05-22 17:00:00;2025-05-22 19:00:00;DK1;Solar;337,550415;336,822906;324,089569;272,667908;334,591675;2025-05-22 16:58:52;2025-05-22 18:58:52
2025-05-22 18:00:00;2025-05-22 20:00:00;DK1;Solar;124,071663;118,512497;111,247917;118,939583;118,939583;2025-05-22 17:58:52;2025-05-22 19:58:52
2025-05-22 19:00:00;2025-05-22 21:00:00;DK1;Solar;11,154583;10,291667;10,032500;10,071667;25,937084;2025-05-22 18:58:52;2025-05-22 20:58:52
2025-05-22 20:00:00;2025-05-22 22:00:00;DK1;Solar;0,434167;0,391667;0,399583;4,532084;0,568333;2025-05-22 19:58:52;2025-05-22 21:58:52
2025-05-22 21:00:00;2025-05-22 23:00:00;DK1;Solar;0,000000;0,000000;0,008333;0,033750;1,237917;2025-05-22 20:58:52;2025-05-22 22:58:52
2025-05-22 22:00:00;2025-05-23 00:00:00;DK1;Solar;0,000000;0,338750;0,000000;0,323750;0,338750;2025-05-22 21:58:52;2025-05-22 23:58:52
2025-05-22 23:00:00;2025-05-23 01:00:00;DK1;Solar;0,007500;0,578750;0,007083;0,092500;0,578750;2025-05-22 22:58:53;2025-05-23 00:58:53
2025-05-23 00:00:00;2025-05-23 02:00:00;DK1;Solar;0,026667;0,779167;0,009167;0,156250;0,779167;2025-05-22 23:58:53;2025-05-23 01:58:53
2025-05-23 01:00:00;2025-05-23 03:00:00;DK1;Solar;0,011250;0,066250;0,010000;0,207500;0,066250;2025-05-23 00:58:55;2025-05-23 02:58:55
2025-05-23 02:00:00;2025-05-23 04:00:00;DK1;Solar;0,935833;2,341667;1,044583;1,048333;2,341667;2025-05-23 01:58:53;2025-05-23 03:58:53
2025-05-23 03:00:00;2025-05-23 05:00:00;DK1;Solar;36,571251;38,278751;40,395416;39,642082;38,278751;2025-05-23 02:59:13;2025-05-23 04:59:13
2025-05-23 04:00:00;2025-05-23 06:00:00;DK1;Solar;250,148743;261,962494;278,999176;278,408752;261,962494;2025-05-23 03:59:13;2025-05-23 05:59:13
2025-05-23 05:00:00;2025-05-23 07:00:00;DK1;Solar;520,015808;508,386261;591,707947;604,955017;508,386261;2025-05-23 04:59:13;2025-05-23 06:59:13
2025-05-23 06:00:00;2025-05-23 08:00:00;DK1;Solar;753,523315;924,652100;904,609558;938,605835;924,652100;2025-05-23 05:59:13;2025-05-23 07:59:13
2025-05-23 07:00:00;2025-05-23 09:00:00;DK1;Solar;933,208313;1242,979614;1174,324585;1242,979614;1203,790894;2025-05-23 06:59:14;2025-05-23 08:59:14
2025-05-23 08:00:00;2025-05-23 10:00:00;DK1;Solar;1087,228760;1338,700439;1257,410889;1324,839966;1288,367065;2025-05-23 07:59:13;2025-05-23 09:59:13
2025-05-23 09:00:00;2025-05-23 11:00:00;DK1;Solar;1116,079956;1383,689575;1296,788330;1431,483765;1319,342529;2025-05-23 08:59:14;2025-05-23 10:59:14
2025-05-23 10:00:00;2025-05-23 12:00:00;DK1;Solar;1161,539551;1396,785889;1362,813354;1424,687134;1340,230469;2025-05-23 09:59:12;2025-05-23 11:59:12
2025-05-23 11:00:00;2025-05-23 13:00:00;DK1;Solar;1149,391724;1367,246216;1367,246216;1320,620361;1198,813354;2025-05-23 10:59:13;2025-05-23 12:59:13
2025-05-23 12:00:00;2025-05-23 14:00:00;DK1;Solar;1186,282471;1301,865845;1301,865845;1316,479614;1222,725830;2025-05-23 11:59:14;2025-05-23 13:59:14
2025-05-23 13:00:00;2025-05-23 15:00:00;DK1;Solar;1108,945801;1187,282471;1197,419189;1204,232544;1152,458740;2025-05-23 12:59:16;2025-05-23 14:59:16
2025-05-23 14:00:00;2025-05-23 16:00:00;DK1;Solar;974,052063;1094,345459;1089,096191;1106,759644;1122,703735;2025-05-23 13:59:15;2025-05-23 15:59:15
2025-05-23 15:00:00;2025-05-23 17:00:00;DK1;Solar;856,812073;877,422485;926,540833;1000,863770;890,355835;2025-05-23 14:59:13;2025-05-23 16:59:13
2025-05-23 16:00:00;2025-05-23 18:00:00;DK1;Solar;591,032471;591,684998;642,956238;647,079590;556,578308;2025-05-23 15:59:13;2025-05-23 17:59:13
2025-05-23 17:00:00;2025-05-23 19:00:00;DK1;Solar;306,176239;311,693756;334,918762;304,539154;259,500824;2025-05-23 16:59:13;2025-05-23 18:59:13
2025-05-23 18:00:00;2025-05-23 20:00:00;DK1;Solar;109,976250;108,029999;113,787086;92,706665;113,130417;2025-05-23 17:59:12;2025-05-23 19:59:12
2025-05-23 19:00:00;2025-05-23 21:00:00;DK1;Solar;10,169583;9,402083;9,420000;9,966666;15,841250;2025-05-23 18:59:12;2025-05-23 20:59:12
2025-05-23 20:00:00;2025-05-23 22:00:00;DK1;Solar;0,419167;0,395833;0,372917;1,902083;0,309167;2025-05-23 19:59:12;2025-05-23 21:59:12
2025-05-23 21:00:00;2025-05-23 23:00:00;DK1;Solar;0,022083;0,012083;0,010000;0,000000;0,330000;2025-05-23 20:59:12;2025-05-23 22:59:12
2025-05-23 22:00:00;2025-05-24 00:00:00;DK1;Solar;0,010417;0,464167;0,010000;0,093333;0,464167;2025-05-23 21:59:12;2025-05-23 23:59:12
2025-05-23 23:00:00;2025-05-24 01:00:00;DK1;Solar;0,023333;1,190000;0,022917;0,124167;1,190000;2025-05-23 22:59:13;2025-05-24 00:59:13
2025-05-24 00:00:00;2025-05-24 02:00:00;DK1;Solar;0,015000;1,269167;0,015000;0,320833;1,269167;2025-05-23 23:59:16;2025-05-24 01:59:16
2025-05-24 01:00:00;2025-05-24 03:00:00;DK1;Solar;0,017917;1,575833;0,020000;0,337917;1,575833;2025-05-24 00:59:14;2025-05-24 02:59:14
2025-05-24 02:00:00;2025-05-24 04:00:00;DK1;Solar;1,005833;1,853750;1,070417;1,491667;1,853750;2025-05-24 01:59:14;2025-05-24 03:59:14
2025-05-24 03:00:00;2025-05-24 05:00:00;DK1;Solar;37,782501;39,574585;41,704582;40,334583;39,574585;2025-05-24 02:59:05;2025-05-24 04:59:05
2025-05-24 04:00:00;2025-05-24 06:00:00;DK1;Solar;245,146667;229,645416;263,438751;244,710007;229,645416;2025-05-24 03:59:05;2025-05-24 05:59:05
2025-05-24 05:00:00;2025-05-24 07:00:00;DK1;Solar;532,809570;470,867493;563,804565;529,858765;470,867493;2025-05-24 04:59:05;2025-05-24 06:59:05
2025-05-24 06:00:00;2025-05-24 08:00:00;DK1;Solar;825,050415;726,139160;855,044189;863,246277;726,139160;2025-05-24 05:59:04;2025-05-24 07:59:04
2025-05-24 07:00:00;2025-05-24 09:00:00;DK1;Solar;1020,539612;1034,683350;1098,411621;1034,683350;940,945007;2025-05-24 06:59:05;2025-05-24 08:59:05
2025-05-24 08:00:00;2025-05-24 10:00:00;DK1;Solar;1043,845825;1094,427124;1064,606201;1059,574219;841,291260;2025-05-24 07:59:05;2025-05-24 09:59:05
2025-05-24 09:00:00;2025-05-24 11:00:00;DK1;Solar;1206,659546;1215,640381;1188,509155;1097,119141;1034,242920;2025-05-24 08:59:05;2025-05-24 10:59:05
2025-05-24 10:00:00;2025-05-24 12:00:00;DK1;Solar;1380,677124;1363,835815;1363,835815;1276,579224;1214,837891;2025-05-24 09:59:05;2025-05-24 11:59:05
2025-05-24 11:00:00;2025-05-24 13:00:00;DK1;Solar;1532,714111;1404,066284;1404,066284;1363,413696;1144,064575;2025-05-24 10:59:05;2025-05-24 12:59:05
2025-05-24 12:00:00;2025-05-24 14:00:00;DK1;Solar;1569,734985;1458,964111;1458,964111;1402,933350;1340,663696;2025-05-24 11:59:08;2025-05-24 13:59:08
2025-05-24 13:00:00;2025-05-24 15:00:00;DK1;Solar;1560,465454;1418,682129;1426,209106;1394,505371;1146,685791;2025-05-24 12:59:06;2025-05-24 14:59:06
2025-05-24 14:00:00;2025-05-24 16:00:00;DK1;Solar;1560,988281;1418,536255;1415,196289;1174,610840;1110,984131;2025-05-24 13:59:05;2025-05-24 15:59:05
2025-05-24 15:00:00;2025-05-24 17:00:00;DK1;Solar;1262,737549;1157,348389;1123,787476;966,098755;856,257935;2025-05-24 14:59:05;2025-05-24 16:59:05
2025-05-24 16:00:00;2025-05-24 18:00:00;DK1;Solar;777,790833;683,840393;630,178345;566,008728;420,738342;2025-05-24 15:59:05;2025-05-24 17:59:05
2025-05-24 17:00:00;2025-05-24 19:00:00;DK1;Solar;384,775848;311,451660;306,639587;245,627090;172,839584;2025-05-24 16:59:05;2025-05-24 18:59:05
2025-05-24 18:00:00;2025-05-24 20:00:00;DK1;Solar;127,230415;94,491669;90,451248;58,014999;49,257500;2025-05-24 17:59:05;2025-05-24 19:59:05
2025-05-24 19:00:00;2025-05-24 21:00:00;DK1;Solar;10,940000;7,387917;7,837083;0,420000;2,398750;2025-05-24 18:59:05;2025-05-24 20:59:05
2025-05-24 20:00:00;2025-05-24 22:00:00;DK1;Solar;0,458333;0,268750;0,297083;0,002083;1,851250;2025-05-24 19:59:05;2025-05-24 21:59:05
2025-05-24 21:00:00;2025-05-24 23:00:00;DK1;Solar;0,054167;0,002083;0,017500;0,422083;6,189167;2025-05-24 20:59:05;2025-05-24 22:59:05
2025-05-24 22:00:00;2025-05-25 00:00:00;DK1;Solar;0,007083;7,065417;0,006667;1,617083;7,065417;2025-05-24 21:59:05;2025-05-24 23:59:05
2025-05-24 23:00:00;2025-05-25 01:00:00;DK1;Solar;0,001250;7,030000;0,010000;1,842917;7,030000;2025-05-24 22:59:05;2025-05-25 00:59:05
2025-05-25 00:00:00;2025-05-25 02:00:00;DK1;Solar;0,017917;5,954583;0,010000;1,835417;5,954583;2025-05-24 23:59:05;2025-05-25 01:59:05
2025-05-25 01:00:00;2025-05-25 03:00:00;DK1;Solar;0,020000;4,316250;0,010000;1,557500;4,316250;2025-05-25 00:59:05;2025-05-25 02:59:05
2025-05-25 02:00:00;2025-05-25 04:00:00;DK1;Solar;0,286250;2,585833;0,309583;1,360833;2,585833;2025-05-25 01:59:07;2025-05-25 03:59:07
2025-05-25 03:00:00;2025-05-25 05:00:00;DK1;Solar;9,280416;9,820000;9,190416;8,378750;9,820000;2025-05-25 02:59:05;2025-05-25 04:59:05
2025-05-25 04:00:00;2025-05-25 06:00:00;DK1;Solar;66,173332;55,974583;61,098751;57,469582;55,974583;2025-05-25 03:59:05;2025-05-25 05:59:05
2025-05-25 05:00:00;2025-05-25 07:00:00;DK1;Solar;134,011246;112,796249;124,202499;132,105423;112,796249;2025-05-25 04:59:05;2025-05-25 06:59:05
2025-05-25 06:00:00;2025-05-25 08:00:00;DK1;Solar;196,479584;167,154999;200,552917;203,600418;167,154999;2025-05-25 05:59:05;2025-05-25 07:59:05
2025-05-25 07:00:00;2025-05-25 09:00:00;DK1;Solar;234,168747;251,211243;250,783752;251,211243;208,045410;2025-05-25 06:59:05;2025-05-25 08:59:05
2025-05-25 08:00:00;2025-05-25 10:00:00;DK1;Solar;239,764587;252,095413;242,794998;238,230835;200,634995;2025-05-25 07:59:05;2025-05-25 09:59:05
2025-05-25 09:00:00;2025-05-25 11:00:00;DK1;Solar;232,378754;196,445419;190,316254;186,005417;227,537918;2025-05-25 08:59:05;2025-05-25 10:59:05
2025-05-25 10:00:00;2025-05-25 12:00:00;DK1;Solar;215,504578;198,378754;195,698746;206,453751;264,034180;2025-05-25 09:59:05;2025-05-25 11:59:05
2025-05-25 11:00:00;2025-05-25 13:00:00;DK1;Solar;234,057495;172,540833;172,540833;194,238754;287,303345;2025-05-25 10:59:05;2025-05-25 12:59:05
2025-05-25 12:00:00;2025-05-25 14:00:00;DK1;Solar;299,389587;172,750000;172,750000;204,091660;257,810822;2025-05-25 11:59:07;2025-05-25 13:59:07
2025-05-25 13:00:00;2025-05-25 15:00:00;DK1;Solar;375,789154;209,709167;195,864166;215,081665;293,343323;2025-05-25 12:59:07;2025-05-25 14:59:07
2025-05-25 14:00:00;2025-05-25 16:00:00;DK1;Solar;476,524597;331,512512;305,607513;385,367920;420,600830;2025-05-25 13:59:05;2025-05-25 15:59:05
2025-05-25 15:00:00;2025-05-25 17:00:00;DK1;Solar;547,081238;577,023743;532,316650;545,156677;596,466248;2025-05-25 14:59:05;2025-05-25 16:59:05
2025-05-25 16:00:00;2025-05-25 18:00:00;DK1;Solar;471,927094;477,992493;443,109161;453,507507;369,798340;2025-05-25 15:59:05;2025-05-25 17:59:05
2025-05-25 17:00:00;2025-05-25 19:00:00;DK1;Solar;264,990417;254,062500;243,290833;216,038330;193,786255;2025-05-25 16:59:05;2025-05-25 18:59:05
2025-05-25 18:00:00;2025-05-25 20:00:00;DK1;Solar;105,336250;95,315834;84,974167;79,185837;88,210419;2025-05-25 17:59:05;2025-05-25 19:59:05
2025-05-25 19:00:00;2025-05-25 21:00:00;DK1;Solar;10,755417;9,117084;9,410000;5,728333;14,960834;2025-05-25 18:59:05;2025-05-25 20:59:05
2025-05-25 20:00:00;2025-05-25 22:00:00;DK1;Solar;0,448333;0,410833;0,426667;1,785417;4,009167;2025-05-25 19:59:05;2025-05-25 21:59:05
2025-05-25 21:00:00;2025-05-25 23:00:00;DK1;Solar;0,019167;0,007917;0,001667;0,945417;2,487500;2025-05-25 20:59:05;2025-05-25 22:59:05
2025-05-25 22:00:00;2025-05-26 00:00:00;DK1;Solar;0,017917;3,166250;0,010000;0,653750;3,166250;2025-05-25 21:59:06;2025-05-25 23:59:06
2025-05-25 23:00:00;2025-05-26 01:00:00;DK1;Solar;0,020000;3,645417;0,018750;0,828750;3,645417;2025-05-25 22:59:05;2025-05-26 00:59:05
2025-05-26 00:00:00;2025-05-26 02:00:00;DK1;Solar;0,010417;4,261250;0,025833;0,954583;4,261250;2025-05-25 23:59:05;2025-05-26 01:59:05
2025-05-26 01:00:00;2025-05-26 03:00:00;DK1;Solar;0,003750;2,812500;0,011250;1,117083;2,812500;2025-05-26 00:59:05;2025-05-26 02:59:05
2025-05-26 02:00:00;2025-05-26 04:00:00;DK1;Solar;1,311250;3,390417;1,370000;2,083750;3,390417;2025-05-26 01:59:05;2025-05-26 03:59:05
2025-05-26 03:00:00;2025-05-26 05:00:00;DK1;Solar;52,973751;57,674999;56,057919;57,002083;57,674999;2025-05-26 02:58:56;2025-05-26 04:58:56
2025-05-26 04:00:00;2025-05-26 06:00:00;DK1;Solar;310,409576;314,651245;333,902496;337,016663;314,651245;2025-05-26 03:58:56;2025-05-26 05:58:56
2025-05-26 05:00:00;2025-05-26 07:00:00;DK1;Solar;676,875000;610,934570;720,641235;719,480835;610,934570;2025-05-26 04:58:56;2025-05-26 06:58:56
2025-05-26 06:00:00;2025-05-26 08:00:00;DK1;Solar;1059,546265;989,702087;1124,076294;1093,549561;989,702087;2025-05-26 05:58:56;2025-05-26 07:58:56
2025-05-26 07:00:00;2025-05-26 09:00:00;DK1;Solar;1325,124146;1364,924561;1415,739624;1364,924561;1219,326660;2025-05-26 06:58:56;2025-05-26 08:58:56
2025-05-26 08:00:00;2025-05-26 10:00:00;DK1;Solar;1382,349121;1456,832886;1436,149170;1408,624634;938,919189;2025-05-26 07:58:56;2025-05-26 09:58:56
2025-05-26 09:00:00;2025-05-26 11:00:00;DK1;Solar;1349,147461;1414,688354;1363,423340;1310,204224;996,270020;2025-05-26 08:58:56;2025-05-26 10:58:56
2025-05-26 10:00:00;2025-05-26 12:00:00;DK1;Solar;1437,097900;1223,874634;1182,197876;1098,203735;776,471680;2025-05-26 09:58:56;2025-05-26 11:58:56
2025-05-26 11:00:00;2025-05-26 13:00:00;DK1;Solar;1516,819214;1200,530029;1200,530029;1064,321289;830,741272;2025-05-26 10:58:56;2025-05-26 12:58:56
2025-05-26 12:00:00;2025-05-26 14:00:00;DK1;Solar;1569,058350;1220,957886;1220,957886;1040,612915;911,461243;2025-05-26 11:58:58;2025-05-26 13:58:58
2025-05-26 13:00:00;2025-05-26 15:00:00;DK1;Solar;1548,034180;1240,457886;1208,040039;1092,748291;859,735413;2025-05-26 12:59:08;2025-05-26 14:59:08
2025-05-26 14:00:00;2025-05-26 16:00:00;DK1;Solar;1452,393311;1500,592896;1471,652100;1267,045410;1120,872070;2025-05-26 13:58:57;2025-05-26 15:58:57
2025-05-26 15:00:00;2025-05-26 17:00:00;DK1;Solar;1244,028809;1391,610840;1365,341309;1198,522949;846,764160;2025-05-26 14:58:56;2025-05-26 16:58:56
2025-05-26 16:00:00;2025-05-26 18:00:00;DK1;Solar;775,614563;873,494995;754,255005;683,147522;478,977905;2025-05-26 15:58:57;2025-05-26 17:58:57
2025-05-26 17:00:00;2025-05-26 19:00:00;DK1;Solar;386,253326;436,038757;369,114166;296,637909;153,606247;2025-05-26 16:58:56;2025-05-26 18:58:56
2025-05-26 18:00:00;2025-05-26 20:00:00;DK1;Solar;142,362076;152,225006;126,270416;70,389168;59,133335;2025-05-26 17:58:56;2025-05-26 19:58:56
2025-05-26 19:00:00;2025-05-26 21:00:00;DK1;Solar;15,137083;13,954166;13,480416;0,902500;1,737500;2025-05-26 18:58:59;2025-05-26 20:58:59
2025-05-26 20:00:00;2025-05-26 22:00:00;DK1;Solar;0,650000;0,540417;0,562917;0,002083;0,554167;2025-05-26 19:58:25;2025-05-26 21:58:25
2025-05-26 21:00:00;2025-05-26 23:00:00;DK1;Solar;0,010000;0,000000;0,001250;0,010000;0,003750;2025-05-26 20:58:25;2025-05-26 22:58:25
2025-05-26 22:00:00;2025-05-27 00:00:00;DK1;Solar;0,018750;0,000000;0,020000;0,010000;0,000000;2025-05-26 21:58:24;2025-05-26 23:58:24
2025-05-26 23:00:00;2025-05-27 01:00:00;DK1;Solar;0,020000;0,001250;0,020000;0,002917;0,001250;2025-05-26 22:58:25;2025-05-27 00:58:25
2025-05-27 00:00:00;2025-05-27 02:00:00;DK1;Solar;0,010417;0,000000;0,012917;0,010000;0,000000;2025-05-26 23:58:24;2025-05-27 01:58:24
2025-05-27 01:00:00;2025-05-27 03:00:00;DK1;Solar;0,011250;0,002083;0,006250;0,003333;0,002083;2025-05-27 00:58:25;2025-05-27 02:58:25
2025-05-27 02:00:00;2025-05-27 04:00:00;DK1;Solar;0,702500;0,509583;0,537083;0,523333;0,509583;2025-05-27 01:58:25;2025-05-27 03:58:25
2025-05-27 03:00:00;2025-05-27 05:00:00;DK1;Solar;22,088333;15,559584;15,348750;15,474167;15,559584;2025-05-27 02:59:24;2025-05-27 04:59:24
2025-05-27 04:00:00;2025-05-27 06:00:00;DK1;Solar;92,259583;68,716248;72,938332;65,726669;68,716248;2025-05-27 03:59:24;2025-05-27 05:59:24
2025-05-27 05:00:00;2025-05-27 07:00:00;DK1;Solar;150,532501;110,192917;131,827087;114,667503;110,192917;2025-05-27 04:59:23;2025-05-27 06:59:23
2025-05-27 06:00:00;2025-05-27 08:00:00;DK1;Solar;205,027084;164,459167;190,710007;177,108337;164,459167;2025-05-27 05:59:24;2025-05-27 07:59:24
2025-05-27 07:00:00;2025-05-27 09:00:00;DK1;Solar;240,820831;200,802505;200,354172;200,802505;175,121246;2025-05-27 06:59:24;2025-05-27 08:59:24
2025-05-27 08:00:00;2025-05-27 10:00:00;DK1;Solar;282,549988;232,986252;232,679581;225,570831;230,934174;2025-05-27 07:59:24;2025-05-27 09:59:24
2025-05-27 09:00:00;2025-05-27 11:00:00;DK1;Solar;402,756256;343,097931;341,861237;364,827515;359,779175;2025-05-27 08:59:26;2025-05-27 10:59:26
2025-05-27 10:00:00;2025-05-27 12:00:00;DK1;Solar;563,390808;548,625854;548,625854;625,877502;780,964600;2025-05-27 09:59:24;2025-05-27 11:59:24
2025-05-27 11:00:00;2025-05-27 13:00:00;DK1;Solar;889,705811;875,735840;875,735840;1112,063354;1176,777100;2025-05-27 10:59:24;2025-05-27 12:59:24
2025-05-27 12:00:00;2025-05-27 14:00:00;DK1;Solar;1118,825806;1108,565430;1180,233765;1461,140015;1482,702515;2025-05-27 11:59:26;2025-05-27 13:59:26
2025-05-27 13:00:00;2025-05-27 15:00:00;DK1;Solar;1288,149170;1383,073364;1645,695801;1671,105469;1489,464111;2025-05-27 12:59:26;2025-05-27 14:59:26
2025-05-27 14:00:00;2025-05-27 16:00:00;DK1;Solar;1372,074585;1466,655029;1647,339111;1595,792969;1515,007935;2025-05-27 13:59:25;2025-05-27 15:59:25
2025-05-27 15:00:00;2025-05-27 17:00:00;DK1;Solar;1186,210449;1239,857544;1287,972534;1289,745361;1047,557861;2025-05-27 14:59:24;2025-05-27 16:59:24
2025-05-27 16:00:00;2025-05-27 18:00:00;DK1;Solar;837,348328;836,347900;817,926270;761,017944;672,660828;2025-05-27 15:59:24;2025-05-27 17:59:24
2025-05-27 17:00:00;2025-05-27 19:00:00;DK1;Solar;451,379181;420,137085;413,883331;359,237488;299,271240;2025-05-27 16:59:23;2025-05-27 18:59:23
2025-05-27 18:00:00;2025-05-27 20:00:00;DK1;Solar;158,346664;143,947495;126,872498;91,167084;102,969170;2025-05-27 17:59:23;2025-05-27 19:59:23
2025-05-27 19:00:00;2025-05-27 21:00:00;DK1;Solar;15,165417;13,555417;10,471250;7,437917;21,321667;2025-05-27 18:59:24;2025-05-27 20:59:24
2025-05-27 20:00:00;2025-05-27 22:00:00;DK1;Solar;0,610000;0,521250;0,391667;3,293750;1,978333;2025-05-27 19:59:24;2025-05-27 21:59:24
2025-05-27 21:00:00;2025-05-27 23:00:00;DK1;Solar;0,011667;0,000000;0,001250;0,414583;1,138750;2025-05-27 20:59:23;2025-05-27 22:59:23
2025-05-27 22:00:00;2025-05-28 00:00:00;DK1;Solar;0,017500;1,114583;0,003750;0,301667;1,114583;2025-05-27 21:59:24;2025-05-27 23:59:24
2025-05-27 23:00:00;2025-05-28 01:00:00;DK1;Solar;0,010417;1,078333;0,010000;0,300417;1,078333;2025-05-27 22:59:24;2025-05-28 00:59:24
2025-05-28 00:00:00;2025-05-28 02:00:00;DK1;Solar;0,025000;0,775833;0,010000;0,289167;0,775833;2025-05-27 23:59:23;2025-05-28 01:59:23
2025-05-28 01:00:00;2025-05-28 03:00:00;DK1;Solar;0,013333;0,770417;0,036667;0,237500;0,770417;2025-05-28 00:59:31;2025-05-28 02:59:31
2025-05-28 02:00:00;2025-05-28 04:00:00;DK1;Solar;0,566250;0,706250;0,724167;1,017500;0,706250;2025-05-28 01:59:24;2025-05-28 03:59:24
2025-05-28 03:00:00;2025-05-28 05:00:00;DK1;Solar;23,574583;30,639166;32,002499;31,171667;30,639166;2025-05-28 02:59:05;2025-05-28 04:59:05
2025-05-28 04:00:00;2025-05-28 06:00:00;DK1;Solar;150,610840;189,113754;202,434586;195,223755;189,113754;2025-05-28 03:59:05;2025-05-28 05:59:05
2025-05-28 05:00:00;2025-05-28 07:00:00;DK1;Solar;326,960846;361,188751;446,501678;419,662903;361,188751;2025-05-28 04:59:07;2025-05-28 06:59:07
2025-05-28 06:00:00;2025-05-28 08:00:00;DK1;Solar;545,668762;507,617096;692,521240;661,199158;507,617096;2025-05-28 05:59:05;2025-05-28 07:59:05
2025-05-28 07:00:00;2025-05-28 09:00:00;DK1;Solar;796,342896;906,901245;1009,200806;906,901245;945,750000;2025-05-28 06:59:05;2025-05-28 08:59:05
2025-05-28 08:00:00;2025-05-28 10:00:00;DK1;Solar;1004,529175;1180,929565;1193,981689;1180,109131;1246,770386;2025-05-28 07:59:06;2025-05-28 09:59:06
2025-05-28 09:00:00;2025-05-28 11:00:00;DK1;Solar;1097,459595;1289,545410;1320,474976;1403,759644;1301,977539;2025-05-28 08:59:07;2025-05-28 10:59:07
2025-05-28 10:00:00;2025-05-28 12:00:00;DK1;Solar;1209,522949;1280,130859;1280,130859;1413,198364;1335,829224;2025-05-28 09:59:05;2025-05-28 11:59:05
2025-05-28 11:00:00;2025-05-28 13:00:00;DK1;Solar;1333,147461;1324,997559;1324,997559;1447,656250;1421,109131;2025-05-28 10:59:06;2025-05-28 12:59:06
2025-05-28 12:00:00;2025-05-28 14:00:00;DK1;Solar;1326,981689;1283,299194;1283,299194;1514,290039;1406,489990;2025-05-28 11:59:05;2025-05-28 13:59:05
2025-05-28 13:00:00;2025-05-28 15:00:00;DK1;Solar;1396,718750;1298,329224;1479,244995;1506,160889;1399,280396;2025-05-28 12:59:08;2025-05-28 14:59:08
2025-05-28 14:00:00;2025-05-28 16:00:00;DK1;Solar;1371,710815;1278,361694;1387,926636;1369,231689;1398,641724;2025-05-28 13:59:07;2025-05-28 15:59:07
2025-05-28 15:00:00;2025-05-28 17:00:00;DK1;Solar;1133,216675;1104,137939;1197,751221;1217,200439;1111,798340;2025-05-28 14:59:04;2025-05-28 16:59:04
2025-05-28 16:00:00;2025-05-28 18:00:00;DK1;Solar;837,511658;774,341248;819,779602;795,763306;752,165833;2025-05-28 15:59:05;2025-05-28 17:59:05
2025-05-28 17:00:00;2025-05-28 19:00:00;DK1;Solar;474,531677;432,478333;451,884155;431,678345;444,611664;2025-05-28 16:59:05;2025-05-28 18:59:05
2025-05-28 18:00:00;2025-05-28 20:00:00;DK1;Solar;183,430832;167,631668;175,228333;174,472916;170,959579;2025-05-28 17:59:04;2025-05-28 19:59:04
2025-05-28 19:00:00;2025-05-28 21:00:00;DK1;Solar;19,702499;18,074583;18,796249;17,450417;16,070833;2025-05-28 18:59:06;2025-05-28 20:59:06
2025-05-28 20:00:00;2025-05-28 22:00:00;DK1;Solar;0,797083;0,737083;0,760833;0,234583;1,472917;2025-05-28 19:59:05;2025-05-28 21:59:05
2025-05-28 21:00:00;2025-05-28 23:00:00;DK1;Solar;0,000000;0,000000;0,010000;0,191667;1,714583;2025-05-28 20:59:05;2025-05-28 22:59:05
2025-05-28 22:00:00;2025-05-29 00:00:00;DK1;Solar;0,010000;1,932917;0,003333;0,447917;1,932917;2025-05-28 21:59:05;2025-05-28 23:59:05
2025-05-28 23:00:00;2025-05-29 01:00:00;DK1;Solar;0,020000;2,232917;0,010000;0,510000;2,232917;2025-05-28 22:59:04;2025-05-29 00:59:04
2025-05-29 00:00:00;2025-05-29 02:00:00;DK1;Solar;0,037083;2,341250;0,012917;0,584583;2,341250;2025-05-28 23:59:04;2025-05-29 01:59:04
2025-05-29 01:00:00;2025-05-29 03:00:00;DK1;Solar;0,046667;1,492917;0,016667;0,622500;1,492917;2025-05-29 00:59:04;2025-05-29 02:59:04
2025-05-29 02:00:00;2025-05-29 04:00:00;DK1;Solar;1,756250;2,953333;1,542500;1,930000;2,953333;2025-05-29 01:59:04;2025-05-29 03:59:04
2025-05-29 03:00:00;2025-05-29 05:00:00;DK1;Solar;67,050003;65,498749;63,609585;64,747498;65,498749;2025-05-29 02:59:17;2025-05-29 04:59:17
2025-05-29 04:00:00;2025-05-29 06:00:00;DK1;Solar;349,580414;330,918762;350,173737;352,506653;330,918762;2025-05-29 03:59:17;2025-05-29 05:59:17
2025-05-29 05:00:00;2025-05-29 07:00:00;DK1;Solar;763,350830;672,656677;757,648315;760,135010;672,656677;2025-05-29 04:59:17;2025-05-29 06:59:17
2025-05-29 06:00:00;2025-05-29 08:00:00;DK1;Solar;1249,256226;1167,165039;1251,575806;1215,414185;1167,165039;2025-05-29 05:59:17;2025-05-29 07:59:17
2025-05-29 07:00:00;2025-05-29 09:00:00;DK1;Solar;1687,920776;1634,531616;1644,030029;1634,531616;1522,792480;2025-05-29 06:59:17;2025-05-29 08:59:17
2025-05-29 08:00:00;2025-05-29 10:00:00;DK1;Solar;1991,675049;1956,812500;1946,402954;1922,632446;1855,456665;2025-05-29 07:59:18;2025-05-29 09:59:18
2025-05-29 09:00:00;2025-05-29 11:00:00;DK1;Solar;2031,111694;1989,214111;1976,705811;1946,961670;1811,576294;2025-05-29 08:59:18;2025-05-29 10:59:18
2025-05-29 10:00:00;2025-05-29 12:00:00;DK1;Solar;1846,970825;1885,917114;1867,186646;1822,527100;1574,185791;2025-05-29 09:59:18;2025-05-29 11:59:18
2025-05-29 11:00:00;2025-05-29 13:00:00;DK1;Solar;1576,086304;1634,302490;1634,302490;1473,398804;1285,476685;2025-05-29 10:59:18;2025-05-29 12:59:18
2025-05-29 12:00:00;2025-05-29 14:00:00;DK1;Solar;1269,261719;1146,108276;1152,931641;1013,718323;755,525024;2025-05-29 11:59:23;2025-05-29 13:59:23
2025-05-29 13:00:00;2025-05-29 15:00:00;DK1;Solar;1003,248779;880,242065;896,291687;775,480835;608,354553;2025-05-29 12:59:20;2025-05-29 14:59:20
2025-05-29 14:00:00;2025-05-29 16:00:00;DK1;Solar;754,936646;521,081238;568,944580;427,705414;310,804169;2025-05-29 13:59:18;2025-05-29 15:59:18
2025-05-29 15:00:00;2025-05-29 17:00:00;DK1;Solar;586,882507;515,302917;552,034607;416,298340;505,583740;2025-05-29 14:59:18;2025-05-29 16:59:18
2025-05-29 16:00:00;2025-05-29 18:00:00;DK1;Solar;301,725403;239,517090;243,666672;249,246674;271,864594;2025-05-29 15:59:18;2025-05-29 17:59:18
2025-05-29 17:00:00;2025-05-29 19:00:00;DK1;Solar;121,656250;98,752502;92,220833;106,631668;131,502502;2025-05-29 16:59:17;2025-05-29 18:59:17
2025-05-29 18:00:00;2025-05-29 20:00:00;DK1;Solar;35,716251;31,122084;27,482500;37,919167;45,121666;2025-05-29 17:59:18;2025-05-29 19:59:18
2025-05-29 19:00:00;2025-05-29 21:00:00;DK1;Solar;4,017083;3,810000;3,488750;6,797500;9,762500;2025-05-29 18:59:18;2025-05-29 20:59:18
2025-05-29 20:00:00;2025-05-29 22:00:00;DK1;Solar;0,208750;0,212083;0,181667;1,787500;6,352083;2025-05-29 19:59:18;2025-05-29 21:59:18
2025-05-29 21:00:00;2025-05-29 23:00:00;DK1;Solar;0,018750;0,003333;0,026667;1,629583;7,263333;2025-05-29 20:59:19;2025-05-29 22:59:19
2025-05-29 22:00:00;2025-05-30 00:00:00;DK1;Solar;0,008750;6,015417;0,012917;1,899167;6,015417;2025-05-29 21:59:17;2025-05-29 23:59:17
2025-05-29 23:00:00;2025-05-30 01:00:00;DK1;Solar;0,021250;6,275000;0,010417;1,573333;6,275000;2025-05-29 22:59:17;2025-05-30 00:59:17
2025-05-30 00:00:00;2025-05-30 02:00:00;DK1;Solar;0,007083;5,755417;0,024167;1,638750;5,755417;2025-05-29 23:59:17;2025-05-30 01:59:17
2025-05-30 01:00:00;2025-05-30 03:00:00;DK1;Solar;0,011667;5,545417;0,015417;1,512083;5,545417;2025-05-30 00:59:17;2025-05-30 02:59:17
2025-05-30 02:00:00;2025-05-30 04:00:00;DK1;Solar;0,886667;5,200833;0,997083;2,604167;5,200833;2025-05-30 01:59:17;2025-05-30 03:59:17
2025-05-30 03:00:00;2025-05-30 05:00:00;DK1;Solar;31,681667;47,301250;37,478748;46,145000;47,301250;2025-05-30 02:58:36;2025-05-30 04:58:36
2025-05-30 04:00:00;2025-05-30 06:00:00;DK1;Solar;180,865005;249,302917;234,256256;267,795013;249,302917;2025-05-30 03:58:36;2025-05-30 05:58:36
2025-05-30 05:00:00;2025-05-30 07:00:00;DK1;Solar;385,710846;494,666260;526,431274;581,848755;494,666260;2025-05-30 04:58:35;2025-05-30 06:58:35
2025-05-30 06:00:00;2025-05-30 08:00:00;DK1;Solar;609,377075;724,460022;919,333313;880,830017;724,460022;2025-05-30 05:58:35;2025-05-30 07:58:35
2025-05-30 07:00:00;2025-05-30 09:00:00;DK1;Solar;803,587097;1067,571289;1165,971191;1067,571289;1030,801636;2025-05-30 06:58:37;2025-05-30 08:58:37
2025-05-30 08:00:00;2025-05-30 10:00:00;DK1;Solar;818,992920;1075,540894;1132,365845;993,412109;807,493347;2025-05-30 07:58:37;2025-05-30 09:58:37
2025-05-30 09:00:00;2025-05-30 11:00:00;DK1;Solar;701,317505;906,447937;951,830444;726,723328;652,516663;2025-05-30 08:58:36;2025-05-30 10:58:36
2025-05-30 10:00:00;2025-05-30 12:00:00;DK1;Solar;612,941223;718,210022;729,113770;582,840027;549,129150;2025-05-30 09:58:36;2025-05-30 11:58:36
2025-05-30 11:00:00;2025-05-30 13:00:00;DK1;Solar;486,104584;389,682495;389,682495;349,446655;330,373322;2025-05-30 10:58:36;2025-05-30 12:58:36
2025-05-30 12:00:00;2025-05-30 14:00:00;DK1;Solar;421,883759;253,917923;253,917923;263,686249;309,062927;2025-05-30 11:58:42;2025-05-30 13:58:42
2025-05-30 13:00:00;2025-05-30 15:00:00;DK1;Solar;381,348755;287,547913;289,760010;319,602905;469,541656;2025-05-30 12:58:52;2025-05-30 14:58:52
2025-05-30 14:00:00;2025-05-30 16:00:00;DK1;Solar;412,458740;405,802094;377,757507;434,399994;562,738342;2025-05-30 13:58:36;2025-05-30 15:58:36
2025-05-30 15:00:00;2025-05-30 17:00:00;DK1;Solar;480,460419;537,697937;479,840424;511,181671;572,012939;2025-05-30 14:58:37;2025-05-30 16:58:37
2025-05-30 16:00:00;2025-05-30 18:00:00;DK1;Solar;380,647491;434,277069;389,936676;392,717072;357,746246;2025-05-30 15:58:37;2025-05-30 17:58:37
2025-05-30 17:00:00;2025-05-30 19:00:00;DK1;Solar;226,532089;254,302505;221,078339;222,219162;215,243332;2025-05-30 16:58:37;2025-05-30 18:58:37
2025-05-30 18:00:00;2025-05-30 20:00:00;DK1;Solar;92,032501;101,878334;89,536247;92,085831;69,367500;2025-05-30 17:58:37;2025-05-30 19:58:37
2025-05-30 19:00:00;2025-05-30 21:00:00;DK1;Solar;11,404583;11,382083;10,978750;3,327917;7,175416;2025-05-30 18:58:37;2025-05-30 20:58:37
2025-05-30 20:00:00;2025-05-30 22:00:00;DK1;Solar;0,535000;0,495000;0,503333;0,002083;1,040000;2025-05-30 19:58:36;2025-05-30 21:58:36
2025-05-30 21:00:00;2025-05-30 23:00:00;DK1;Solar;0,026667;0,010000;0,002500;0,150833;2,376250;2025-05-30 20:58:36;2025-05-30 22:58:36
2025-05-30 22:00:00;2025-05-31 00:00:00;DK1;Solar;0,025417;0,717500;0,011250;0,620417;0,717500;2025-05-30 21:58:37;2025-05-30 23:58:37
2025-05-30 23:00:00;2025-05-31 01:00:00;DK1;Solar;0,012500;0,158750;0,010417;0,193333;0,158750;2025-05-30 22:58:36;2025-05-31 00:58:36
2025-05-31 00:00:00;2025-05-31 02:00:00;DK1;Solar;0,026667;1,589167;0,023333;0,042083;1,589167;2025-05-30 23:58:37;2025-05-31 01:58:37
2025-05-31 01:00:00;2025-05-31 03:00:00;DK1;Solar;0,023750;1,644583;0,020000;0,431250;1,644583;2025-05-31 00:58:36;2025-05-31 02:58:36
2025-05-31 02:00:00;2025-05-31 04:00:00;DK1;Solar;1,543333;2,939583;1,493750;1,880000;2,939583;2025-05-31 01:58:36;2025-05-31 03:58:36
2025-05-31 03:00:00;2025-05-31 05:00:00;DK1;Solar;56,453751;58,347084;57,972084;58,142918;58,347084;2025-05-31 02:59:21;2025-05-31 04:59:21
2025-05-31 04:00:00;2025-05-31 06:00:00;DK1;Solar;281,651245;279,730011;293,315826;296,134155;279,730011;2025-05-31 03:59:21;2025-05-31 05:59:21
2025-05-31 05:00:00;2025-05-31 07:00:00;DK1;Solar;613,909973;551,867065;626,284180;634,929565;551,867065;2025-05-31 04:59:21;2025-05-31 06:59:21
2025-05-31 06:00:00;2025-05-31 08:00:00;DK1;Solar;1051,060425;906,829590;1098,619141;1075,970825;906,829590;2025-05-31 05:59:21;2025-05-31 07:59:21
2025-05-31 07:00:00;2025-05-31 09:00:00;DK1;Solar;1377,811646;1369,701660;1420,068726;1369,701660;1137,654175;2025-05-31 06:59:22;2025-05-31 08:59:22
2025-05-31 08:00:00;2025-05-31 10:00:00;DK1;Solar;1627,011719;1487,442505;1484,219116;1416,133301;1175,731689;2025-05-31 07:59:22;2025-05-31 09:59:22
2025-05-31 09:00:00;2025-05-31 11:00:00;DK1;Solar;1759,857056;1327,687134;1310,011230;1216,081665;1160,557129;2025-05-31 08:59:21;2025-05-31 10:59:21
2025-05-31 10:00:00;2025-05-31 12:00:00;DK1;Solar;1747,388794;1268,127441;1263,939209;1195,655029;1091,494995;2025-05-31 09:59:21;2025-05-31 11:59:21
2025-05-31 11:00:00;2025-05-31 13:00:00;DK1;Solar;1701,966675;1228,264526;1228,264526;1144,078369;1066,556274;2025-05-31 10:59:21;2025-05-31 12:59:21
2025-05-31 12:00:00;2025-05-31 14:00:00;DK1;Solar;1678,818359;1192,700806;1159,421631;1104,699219;1033,594116;2025-05-31 11:59:25;2025-05-31 13:59:25
2025-05-31 13:00:00;2025-05-31 15:00:00;DK1;Solar;1639,953735;1176,987915;1122,116699;1117,459961;1013,771667;2025-05-31 12:59:24;2025-05-31 14:59:24
2025-05-31 14:00:00;2025-05-31 16:00:00;DK1;Solar;1568,130005;1444,329956;1382,542969;1318,705811;1353,119629;2025-05-31 13:59:22;2025-05-31 15:59:22
2025-05-31 15:00:00;2025-05-31 17:00:00;DK1;Solar;1416,167969;1483,513794;1436,230835;1307,445435;1263,244629;2025-05-31 14:59:22;2025-05-31 16:59:22
2025-05-31 16:00:00;2025-05-31 18:00:00;DK1;Solar;937,837097;979,863342;865,370422;891,322937;809,217102;2025-05-31 15:59:21;2025-05-31 17:59:21
2025-05-31 17:00:00;2025-05-31 19:00:00;DK1;Solar;500,304169;521,267090;466,861237;467,181244;395,592072;2025-05-31 16:59:21;2025-05-31 18:59:21
2025-05-31 18:00:00;2025-05-31 20:00:00;DK1;Solar;193,234161;200,075424;183,320419;166,207077;125,701668;2025-05-31 17:59:21;2025-05-31 19:59:21
2025-05-31 19:00:00;2025-05-31 21:00:00;DK1;Solar;23,257500;23,506666;22,950834;5,275417;8,087500;2025-05-31 18:59:21;2025-05-31 20:59:21
2025-05-31 20:00:00;2025-05-31 22:00:00;DK1;Solar;0,982083;0,971667;0,960833;0,002083;0,027083;2025-05-31 19:59:21;2025-05-31 21:59:21
2025-05-31 21:00:00;2025-05-31 23:00:00;DK1;Solar;0,011250;0,002083;0,010000;0,002083;0,010000;2025-05-31 20:59:21;2025-05-31 22:59:21
2025-05-31 22:00:00;2025-06-01 00:00:00;DK1;Solar;0,010000;0,050417;0,010000;0,010000;0,050417;2025-05-31 21:59:21;2025-05-31 23:59:21
2025-05-31 23:00:00;2025-06-01 01:00:00;DK1;Solar;0,012083;0,674583;0,010000;0,016667;0,674583;2025-05-31 22:59:21;2025-06-01 00:59:21
2025-06-01 00:00:00;2025-06-01 02:00:00;DK1;Solar;0,027500;0,767083;0,017500;0,188333;0,767083;2025-05-31 23:59:21;2025-06-01 01:59:21
2025-06-01 01:00:00;2025-06-01 03:00:00;DK1;Solar;0,021667;1,129583;0,019583;0,214167;1,129583;2025-06-01 00:59:21;2025-06-01 02:59:21
2025-06-01 02:00:00;2025-06-01 04:00:00;DK1;Solar;1,492500;2,403333;1,495000;1,650417;2,403333;2025-06-01 01:59:21;2025-06-01 03:59:21
2025-06-01 03:00:00;2025-06-01 05:00:00;DK1;Solar;46,224167;46,449585;45,858334;46,641666;46,449585;2025-06-01 02:58:34;2025-06-01 04:58:34
2025-06-01 04:00:00;2025-06-01 06:00:00;DK1;Solar;197,070007;183,550003;200,137924;198,977081;183,550003;2025-06-01 03:58:33;2025-06-01 05:58:33
2025-06-01 05:00:00;2025-06-01 07:00:00;DK1;Solar;375,950409;328,698761;376,257080;361,591675;328,698761;2025-06-01 04:58:33;2025-06-01 06:58:33
2025-06-01 06:00:00;2025-06-01 08:00:00;DK1;Solar;588,213318;518,918335;564,894165;538,169983;518,918335;2025-06-01 05:58:33;2025-06-01 07:58:33
2025-06-01 07:00:00;2025-06-01 09:00:00;DK1;Solar;740,695007;638,867065;624,730408;638,867065;668,196655;2025-06-01 06:58:33;2025-06-01 08:58:33
2025-06-01 08:00:00;2025-06-01 10:00:00;DK1;Solar;912,713745;740,224976;707,915405;760,667480;733,005005;2025-06-01 07:58:33;2025-06-01 09:58:33
2025-06-01 09:00:00;2025-06-01 11:00:00;DK1;Solar;1088,534546;742,921692;745,799194;763,708740;653,996277;2025-06-01 08:58:33;2025-06-01 10:58:33
2025-06-01 10:00:00;2025-06-01 12:00:00;DK1;Solar;1038,917480;706,657471;710,581238;728,139160;719,557495;2025-06-01 09:58:33;2025-06-01 11:58:33
2025-06-01 11:00:00;2025-06-01 13:00:00;DK1;Solar;1053,978394;785,082092;785,082092;727,480408;757,144592;2025-06-01 10:58:34;2025-06-01 12:58:34
2025-06-01 12:00:00;2025-06-01 14:00:00;DK1;Solar;1138,623779;743,264587;739,023743;665,726257;654,763306;2025-06-01 11:58:37;2025-06-01 13:58:37
2025-06-01 13:00:00;2025-06-01 15:00:00;DK1;Solar;1190,709106;714,090820;648,297058;600,552490;658,207947;2025-06-01 12:58:36;2025-06-01 14:58:36
2025-06-01 14:00:00;2025-06-01 16:00:00;DK1;Solar;1198,529541;641,315430;606,371643;598,042480;583,446655;2025-06-01 13:58:33;2025-06-01 15:58:33
2025-06-01 15:00:00;2025-06-01 17:00:00;DK1;Solar;1076,332520;623,944580;563,469971;545,023743;481,526245;2025-06-01 14:58:35;2025-06-01 16:58:35
2025-06-01 16:00:00;2025-06-01 18:00:00;DK1;Solar;857,194153;679,449158;589,322083;533,412109;531,691650;2025-06-01 15:58:33;2025-06-01 17:58:33
2025-06-01 17:00:00;2025-06-01 19:00:00;DK1;Solar;457,609589;417,279999;346,235840;340,435822;341,694153;2025-06-01 16:58:33;2025-06-01 18:58:33
2025-06-01 18:00:00;2025-06-01 20:00:00;DK1;Solar;182,601257;181,979584;156,911667;159,135422;173,804169;2025-06-01 17:58:33;2025-06-01 19:58:33
2025-06-01 19:00:00;2025-06-01 21:00:00;DK1;Solar;23,610001;23,662083;22,603333;23,472084;33,571667;2025-06-01 18:58:33;2025-06-01 20:58:33
2025-06-01 20:00:00;2025-06-01 22:00:00;DK1;Solar;0,994167;1,001667;0,952083;3,784167;3,847083;2025-06-01 19:58:33;2025-06-01 21:58:33
2025-06-01 21:00:00;2025-06-01 23:00:00;DK1;Solar;0,036667;0,010000;0,019583;0,767500;2,183333;2025-06-01 20:58:33;2025-06-01 22:58:33
2025-06-01 22:00:00;2025-06-02 00:00:00;DK1;Solar;0,011250;2,382917;0,012083;0,567917;2,382917;2025-06-01 21:58:35;2025-06-01 23:58:35
2025-06-01 23:00:00;2025-06-02 01:00:00;DK1;Solar;0,010000;1,998333;0,014167;0,625833;1,998333;2025-06-01 22:58:35;2025-06-02 00:58:35
2025-06-02 00:00:00;2025-06-02 02:00:00;DK1;Solar;0,010000;3,470417;0,010000;0,532917;3,470417;2025-06-01 23:58:33;2025-06-02 01:58:33
2025-06-02 01:00:00;2025-06-02 03:00:00;DK1;Solar;0,032500;5,046667;0,025417;0,924583;5,046667;2025-06-02 00:58:34;2025-06-02 02:58:34
2025-06-02 02:00:00;2025-06-02 04:00:00;DK1;Solar;1,991667;4,894166;1,618333;2,900000;4,894166;2025-06-02 01:58:33;2025-06-02 03:58:33
2025-06-02 03:00:00;2025-06-02 05:00:00;DK1;Solar;62,297916;60,377918;57,895000;59,631668;60,377918;2025-06-02 02:58:51;2025-06-02 04:58:51
2025-06-02 04:00:00;2025-06-02 06:00:00;DK1;Solar;289,315002;275,142487;294,212097;292,157501;275,142487;2025-06-02 03:58:51;2025-06-02 05:58:51
2025-06-02 05:00:00;2025-06-02 07:00:00;DK1;Solar;599,262085;555,352905;625,947083;610,477112;555,352905;2025-06-02 04:58:50;2025-06-02 06:58:50
2025-06-02 06:00:00;2025-06-02 08:00:00;DK1;Solar;951,698303;927,005859;983,491638;978,077942;927,005859;2025-06-02 05:58:50;2025-06-02 07:58:50
2025-06-02 07:00:00;2025-06-02 09:00:00;DK1;Solar;1297,101196;1368,860474;1382,795044;1368,860474;1250,102539;2025-06-02 06:58:51;2025-06-02 08:58:51
2025-06-02 08:00:00;2025-06-02 10:00:00;DK1;Solar;1458,340454;1634,258301;1597,769165;1595,689575;1333,814575;2025-06-02 07:58:51;2025-06-02 09:58:51
2025-06-02 09:00:00;2025-06-02 11:00:00;DK1;Solar;1582,178345;1647,145020;1667,332520;1583,440796;1394,861694;2025-06-02 08:58:51;2025-06-02 10:58:51
2025-06-02 10:00:00;2025-06-02 12:00:00;DK1;Solar;1729,681274;1786,500854;1756,268311;1734,446289;1580,209595;2025-06-02 09:58:51;2025-06-02 11:58:51
2025-06-02 11:00:00;2025-06-02 13:00:00;DK1;Solar;1838,700806;1937,472534;1937,472534;1877,005859;1638,282104;2025-06-02 10:58:50;2025-06-02 12:58:50
2025-06-02 12:00:00;2025-06-02 14:00:00;DK1;Solar;1817,467041;1948,810791;1948,810791;1788,279175;1607,303711;2025-06-02 11:58:51;2025-06-02 13:58:51
2025-06-02 13:00:00;2025-06-02 15:00:00;DK1;Solar;1788,068359;1903,520874;1882,142456;1803,558350;1663,032959;2025-06-02 12:58:55;2025-06-02 14:58:55
2025-06-02 14:00:00;2025-06-02 16:00:00;DK1;Solar;1606,268311;1775,586670;1769,192505;1684,613281;1467,590820;2025-06-02 13:58:53;2025-06-02 15:58:53
2025-06-02 15:00:00;2025-06-02 17:00:00;DK1;Solar;1285,486694;1434,948364;1442,762451;1365,593750;1325,287109;2025-06-02 14:58:50;2025-06-02 16:58:50
2025-06-02 16:00:00;2025-06-02 18:00:00;DK1;Solar;877,306274;977,257507;973,356262;943,429993;924,245850;2025-06-02 15:58:51;2025-06-02 17:58:51
2025-06-02 17:00:00;2025-06-02 19:00:00;DK1;Solar;476,661652;529,489563;526,069153;514,751648;508,707489;2025-06-02 16:58:50;2025-06-02 18:58:50
2025-06-02 18:00:00;2025-06-02 20:00:00;DK1;Solar;187,706665;208,027084;206,399582;200,605835;181,150421;2025-06-02 17:58:51;2025-06-02 19:58:51
2025-06-02 19:00:00;2025-06-02 21:00:00;DK1;Solar;24,865833;27,127083;26,770416;20,350000;17,401251;2025-06-02 18:58:51;2025-06-02 20:58:51
2025-06-02 20:00:00;2025-06-02 22:00:00;DK1;Solar;1,109167;1,142500;1,115833;0,003750;1,586667;2025-06-02 19:58:51;2025-06-02 21:58:51
2025-06-02 21:00:00;2025-06-02 23:00:00;DK1;Solar;0,031250;0,027917;0,027083;0,133333;1,180833;2025-06-02 20:58:50;2025-06-02 22:58:50
2025-06-02 22:00:00;2025-06-03 00:00:00;DK1;Solar;0,022083;1,564167;0,011250;0,312917;1,564167;2025-06-02 21:58:51;2025-06-02 23:58:51
2025-06-02 23:00:00;2025-06-03 01:00:00;DK1;Solar;0,012917;1,639167;0,021667;0,423750;1,639167;2025-06-02 22:58:50;2025-06-03 00:58:50
2025-06-03 00:00:00;2025-06-03 02:00:00;DK1;Solar;0,010000;1,475000;0,011250;0,431667;1,475000;2025-06-02 23:58:52;2025-06-03 01:58:52
2025-06-03 01:00:00;2025-06-03 03:00:00;DK1;Solar;0,032917;1,485833;0,032917;0,412500;1,485833;2025-06-03 00:58:51;2025-06-03 02:58:51
2025-06-03 02:00:00;2025-06-03 04:00:00;DK1;Solar;2,330000;3,810000;2,352083;2,685417;3,810000;2025-06-03 01:58:51;2025-06-03 03:58:51
2025-06-03 03:00:00;2025-06-03 05:00:00;DK1;Solar;80,669998;82,269997;80,347504;80,145416;82,269997;2025-06-03 02:59:05;2025-06-03 04:59:05
2025-06-03 04:00:00;2025-06-03 06:00:00;DK1;Solar;375,674164;343,215424;373,113342;373,765839;343,215424;2025-06-03 03:59:05;2025-06-03 05:59:05
2025-06-03 05:00:00;2025-06-03 07:00:00;DK1;Solar;792,927063;696,419556;786,840027;780,811646;696,419556;2025-06-03 04:59:04;2025-06-03 06:59:04
2025-06-03 06:00:00;2025-06-03 08:00:00;DK1;Solar;1291,440796;1205,726196;1283,016235;1261,760864;1205,726196;2025-06-03 05:59:04;2025-06-03 07:59:04
2025-06-03 07:00:00;2025-06-03 09:00:00;DK1;Solar;1695,267944;1671,812134;1696,057495;1671,812134;1576,794556;2025-06-03 06:59:05;2025-06-03 08:59:05
2025-06-03 08:00:00;2025-06-03 10:00:00;DK1;Solar;1792,288696;1711,493286;1716,437134;1681,321655;1516,158691;2025-06-03 07:59:05;2025-06-03 09:59:05
2025-06-03 09:00:00;2025-06-03 11:00:00;DK1;Solar;1706,639160;1527,511230;1524,466309;1482,744141;1403,444946;2025-06-03 08:59:09;2025-06-03 10:59:09
2025-06-03 10:00:00;2025-06-03 12:00:00;DK1;Solar;1687,665405;1239,141235;1231,392090;1220,054199;1128,388306;2025-06-03 09:59:05;2025-06-03 11:59:05
2025-06-03 11:00:00;2025-06-03 13:00:00;DK1;Solar;1594,917114;1064,483765;1064,483765;1067,877441;1030,139526;2025-06-03 10:59:05;2025-06-03 12:59:05
2025-06-03 12:00:00;2025-06-03 14:00:00;DK1;Solar;1483,879150;985,244995;985,244995;1020,728333;1046,364624;2025-06-03 11:59:07;2025-06-03 13:59:07
2025-06-03 13:00:00;2025-06-03 15:00:00;DK1;Solar;1496,976685;1149,306641;1159,204956;1099,546265;1112,499146;2025-06-03 12:59:06;2025-06-03 14:59:06
2025-06-03 14:00:00;2025-06-03 16:00:00;DK1;Solar;1361,649536;1346,312134;1331,278320;1222,375366;1267,290894;2025-06-03 13:59:03;2025-06-03 15:59:03
2025-06-03 15:00:00;2025-06-03 17:00:00;DK1;Solar;1121,263794;1118,667969;1083,415405;1069,189575;950,625427;2025-06-03 14:59:04;2025-06-03 16:59:04
2025-06-03 16:00:00;2025-06-03 18:00:00;DK1;Solar;699,134155;673,632507;627,756653;647,877502;507,509583;2025-06-03 15:59:04;2025-06-03 17:59:04
2025-06-03 17:00:00;2025-06-03 19:00:00;DK1;Solar;324,697906;332,559174;313,538757;284,953735;230,494583;2025-06-03 16:59:04;2025-06-03 18:59:04
2025-06-03 18:00:00;2025-06-03 20:00:00;DK1;Solar;105,988747;122,304169;108,540413;88,418747;95,060837;2025-06-03 17:59:04;2025-06-03 19:59:04
2025-06-03 19:00:00;2025-06-03 21:00:00;DK1;Solar;12,241667;16,575417;13,621667;8,039583;10,033334;2025-06-03 18:59:07;2025-06-03 20:59:07
2025-06-03 20:00:00;2025-06-03 22:00:00;DK1;Solar;0,527083;0,790833;0,677083;0,055000;3,295000;2025-06-03 19:59:04;2025-06-03 21:59:04
2025-06-03 21:00:00;2025-06-03 23:00:00;DK1;Solar;0,023333;0,059583;0,018750;0,702917;7,602917;2025-06-03 20:59:04;2025-06-03 22:59:04
2025-06-03 22:00:00;2025-06-04 00:00:00;DK1;Solar;0,020000;6,388750;0,019583;1,993750;6,388750;2025-06-03 21:59:04;2025-06-03 23:59:04
2025-06-03 23:00:00;2025-06-04 01:00:00;DK1;Solar;0,020000;4,870000;0,010417;1,671250;4,870000;2025-06-03 22:59:04;2025-06-04 00:59:04
2025-06-04 00:00:00;2025-06-04 02:00:00;DK1;Solar;0,017917;4,717083;0,019583;1,283333;4,717083;2025-06-03 23:59:05;2025-06-04 01:59:05
2025-06-04 01:00:00;2025-06-04 03:00:00;DK1;Solar;0,023333;5,609167;0,047500;1,266667;5,609167;2025-06-04 00:59:07;2025-06-04 02:59:07
2025-06-04 02:00:00;2025-06-04 04:00:00;DK1;Solar;1,155000;6,204167;1,043750;2,526250;6,204167;2025-06-04 01:59:04;2025-06-04 03:59:04
2025-06-04 03:00:00;2025-06-04 05:00:00;DK1;Solar;36,254581;39,360416;30,935833;36,338749;39,360416;2025-06-04 02:59:06;2025-06-04 04:59:06
2025-06-04 04:00:00;2025-06-04 06:00:00;DK1;Solar;172,853745;170,808334;153,426666;174,137085;170,808334;2025-06-04 03:59:05;2025-06-04 05:59:05
2025-06-04 05:00:00;2025-06-04 07:00:00;DK1;Solar;326,058319;331,310822;316,132080;352,044159;331,310822;2025-06-04 04:59:06;2025-06-04 06:59:06
2025-06-04 06:00:00;2025-06-04 08:00:00;DK1;Solar;565,015808;648,242065;572,359558;580,693359;648,242065;2025-06-04 05:59:05;2025-06-04 07:59:05
2025-06-04 07:00:00;2025-06-04 09:00:00;DK1;Solar;798,775818;892,182068;848,825806;892,182068;919,102478;2025-06-04 06:59:06;2025-06-04 08:59:06
2025-06-04 08:00:00;2025-06-04 10:00:00;DK1;Solar;1000,741638;1121,586304;1073,220459;1130,002075;1171,695435;2025-06-04 07:59:06;2025-06-04 09:59:06
2025-06-04 09:00:00;2025-06-04 11:00:00;DK1;Solar;1193,107544;1266,145874;1281,096191;1234,376709;1176,111694;2025-06-04 08:59:06;2025-06-04 10:59:06
2025-06-04 10:00:00;2025-06-04 12:00:00;DK1;Solar;1462,491699;1293,519531;1343,779541;1283,565430;1301,374634;2025-06-04 09:59:06;2025-06-04 11:59:06
2025-06-04 11:00:00;2025-06-04 13:00:00;DK1;Solar;1562,346191;1246,313721;1246,313721;1247,629639;1217,766724;2025-06-04 10:59:06;2025-06-04 12:59:06
2025-06-04 12:00:00;2025-06-04 14:00:00;DK1;Solar;1437,477051;1213,260864;1213,260864;1200,989624;1126,500854;2025-06-04 11:59:08;2025-06-04 13:59:08
2025-06-04 13:00:00;2025-06-04 15:00:00;DK1;Solar;1347,857056;1316,568359;1288,516724;1148,194946;1096,260864;2025-06-04 12:59:07;2025-06-04 14:59:07
2025-06-04 14:00:00;2025-06-04 16:00:00;DK1;Solar;1237,879150;1268,997070;1282,647461;1086,455444;1003,335022;2025-06-04 13:59:05;2025-06-04 15:59:05
2025-06-04 15:00:00;2025-06-04 17:00:00;DK1;Solar;938,972107;1076,164551;1075,930420;810,442932;733,112061;2025-06-04 14:59:06;2025-06-04 16:59:06
2025-06-04 16:00:00;2025-06-04 18:00:00;DK1;Solar;648,076233;771,907471;687,300842;507,149597;539,347473;2025-06-04 15:59:06;2025-06-04 17:59:06
2025-06-04 17:00:00;2025-06-04 19:00:00;DK1;Solar;399,320007;467,140411;339,035004;298,146240;318,492493;2025-06-04 16:59:06;2025-06-04 18:59:06
2025-06-04 18:00:00;2025-06-04 20:00:00;DK1;Solar;175,699173;196,420837;117,646667;130,189163;193,525833;2025-06-04 17:59:06;2025-06-04 19:59:06
2025-06-04 19:00:00;2025-06-04 21:00:00;DK1;Solar;23,681667;27,870417;21,635834;39,809166;65,201668;2025-06-04 18:59:06;2025-06-04 20:59:06
2025-06-04 20:00:00;2025-06-04 22:00:00;DK1;Solar;0,969167;1,233750;1,064167;12,255417;8,155416;2025-06-04 19:59:05;2025-06-04 21:59:05
2025-06-04 21:00:00;2025-06-04 23:00:00;DK1;Solar;0,020000;0,013333;0,021250;1,814583;4,360000;2025-06-04 20:59:06;2025-06-04 22:59:06
2025-06-04 22:00:00;2025-06-05 00:00:00;DK1;Solar;0,010417;2,880000;0,010000;1,138333;2,880000;2025-06-04 21:59:06;2025-06-04 23:59:06
2025-06-04 23:00:00;2025-06-05 01:00:00;DK1;Solar;0,018750;3,672917;0,010000;0,759167;3,672917;2025-06-04 22:59:06;2025-06-05 00:59:06
2025-06-05 00:00:00;2025-06-05 02:00:00;DK1;Solar;0,011250;3,340417;0,010000;0,974583;3,340417;2025-06-04 23:59:07;2025-06-05 01:59:07
2025-06-05 01:00:00;2025-06-05 03:00:00;DK1;Solar;0,052917;1,876250;0,047917;0,903750;1,876250;2025-06-05 00:59:07;2025-06-05 02:59:07
2025-06-05 02:00:00;2025-06-05 04:00:00;DK1;Solar;2,651250;3,044583;2,591250;3,098333;3,044583;2025-06-05 01:59:05;2025-06-05 03:59:05
2025-06-05 03:00:00;2025-06-05 05:00:00;DK1;Solar;170,305832;166,528336;171,977493;166,376663;166,528336;2025-06-05 02:58:26;2025-06-05 04:58:26
2025-06-05 04:00:00;2025-06-05 06:00:00;DK1;Solar;600,705017;430,052917;611,884155;573,531677;430,052917;2025-06-05 03:58:25;2025-06-05 05:58:25
2025-06-05 05:00:00;2025-06-05 07:00:00;DK1;Solar;922,997925;679,502502;940,340820;904,989197;679,502502;2025-06-05 04:58:26;2025-06-05 06:58:26
2025-06-05 06:00:00;2025-06-05 08:00:00;DK1;Solar;1238,640015;1076,145874;1330,152100;1295,122559;1076,145874;2025-06-05 05:58:26;2025-06-05 07:58:26
2025-06-05 07:00:00;2025-06-05 09:00:00;DK1;Solar;1518,634644;1547,865356;1582,992554;1547,865356;1285,492065;2025-06-05 06:58:26;2025-06-05 08:58:26
2025-06-05 08:00:00;2025-06-05 10:00:00;DK1;Solar;1494,476196;1614,752930;1515,902100;1524,913330;1295,739136;2025-06-05 07:58:25;2025-06-05 09:58:25
2025-06-05 09:00:00;2025-06-05 11:00:00;DK1;Solar;1380,556274;1478,170410;1339,609131;1431,128784;1337,448364;2025-06-05 08:58:25;2025-06-05 10:58:25
2025-06-05 10:00:00;2025-06-05 12:00:00;DK1;Solar;1286,682129;1246,125000;1191,949219;1294,241699;1355,762451;2025-06-05 09:58:25;2025-06-05 11:58:25
2025-06-05 11:00:00;2025-06-05 13:00:00;DK1;Solar;1240,708740;1141,044189;1141,044189;1120,581665;1062,256226;2025-06-05 10:58:25;2025-06-05 12:58:25
2025-06-05 12:00:00;2025-06-05 14:00:00;DK1;Solar;1159,266235;935,309143;935,309143;860,435852;865,600403;2025-06-05 11:58:29;2025-06-05 13:58:29
2025-06-05 13:00:00;2025-06-05 15:00:00;DK1;Solar;923,881653;756,284973;746,030396;782,731262;744,087097;2025-06-05 12:58:27;2025-06-05 14:58:27
2025-06-05 14:00:00;2025-06-05 16:00:00;DK1;Solar;732,330444;663,623779;633,203308;661,353760;710,374573;2025-06-05 13:58:26;2025-06-05 15:58:26
2025-06-05 15:00:00;2025-06-05 17:00:00;DK1;Solar;481,634155;444,774994;415,385010;469,373749;476,170410;2025-06-05 14:58:26;2025-06-05 16:58:26
2025-06-05 16:00:00;2025-06-05 18:00:00;DK1;Solar;271,852081;244,302505;228,005005;254,276245;292,858337;2025-06-05 15:58:26;2025-06-05 17:58:26
2025-06-05 17:00:00;2025-06-05 19:00:00;DK1;Solar;127,891670;120,085419;97,037918;116,338333;186,244995;2025-06-05 16:58:26;2025-06-05 18:58:26
2025-06-05 18:00:00;2025-06-05 20:00:00;DK1;Solar;46,674583;39,970833;30,896667;57,422501;103,415413;2025-06-05 17:58:25;2025-06-05 19:58:25
2025-06-05 19:00:00;2025-06-05 21:00:00;DK1;Solar;8,238750;7,380000;6,017500;24,148750;27,980000;2025-06-05 18:58:26;2025-06-05 20:58:26
2025-06-05 20:00:00;2025-06-05 22:00:00;DK1;Solar;0,472500;0,430417;0,369167;5,852083;2,188333;2025-06-05 19:58:26;2025-06-05 21:58:26
2025-06-05 21:00:00;2025-06-05 23:00:00;DK1;Solar;0,036250;0,060417;0,033750;0,475417;1,198333;2025-06-05 20:58:25;2025-06-05 22:58:25
2025-06-05 22:00:00;2025-06-06 00:00:00;DK1;Solar;0,039583;1,120000;0,035833;0,319167;1,120000;2025-06-05 21:58:26;2025-06-05 23:58:26
2025-06-05 23:00:00;2025-06-06 01:00:00;DK1;Solar;0,027917;0,710833;0,021250;0,293750;0,710833;2025-06-05 22:58:25;2025-06-06 00:58:25
2025-06-06 00:00:00;2025-06-06 02:00:00;DK1;Solar;0,012083;0,677500;0,011250;0,185833;0,677500;2025-06-05 23:58:25;2025-06-06 01:58:25
2025-06-06 01:00:00;2025-06-06 03:00:00;DK1;Solar;0,026250;0,965833;0,028750;0,202083;0,965833;2025-06-06 00:58:25;2025-06-06 02:58:25
2025-06-06 02:00:00;2025-06-06 04:00:00;DK1;Solar;1,380833;2,331250;1,134167;1,487083;2,331250;2025-06-06 01:58:25;2025-06-06 03:58:25
2025-06-06 03:00:00;2025-06-06 05:00:00;DK1;Solar;60,132084;50,849583;51,822918;50,605000;50,849583;2025-06-06 02:59:06;2025-06-06 04:59:06
2025-06-06 04:00:00;2025-06-06 06:00:00;DK1;Solar;153,551666;85,674583;137,646255;128,457916;85,674583;2025-06-06 03:59:06;2025-06-06 05:59:06
2025-06-06 05:00:00;2025-06-06 07:00:00;DK1;Solar;180,567078;104,085419;154,863754;137,131256;104,085419;2025-06-06 04:59:07;2025-06-06 06:59:07
2025-06-06 06:00:00;2025-06-06 08:00:00;DK1;Solar;192,467087;122,909164;161,660828;144,604996;122,909164;2025-06-06 05:59:07;2025-06-06 07:59:07
2025-06-06 07:00:00;2025-06-06 09:00:00;DK1;Solar;252,487915;200,375839;224,704590;200,375839;219,456665;2025-06-06 06:59:07;2025-06-06 08:59:07
2025-06-06 08:00:00;2025-06-06 10:00:00;DK1;Solar;372,347076;389,298340;418,627075;392,861664;373,355835;2025-06-06 07:59:07;2025-06-06 09:59:07
2025-06-06 09:00:00;2025-06-06 11:00:00;DK1;Solar;457,443756;586,016235;686,049988;553,409180;722,511230;2025-06-06 08:59:07;2025-06-06 10:59:07
2025-06-06 10:00:00;2025-06-06 12:00:00;DK1;Solar;572,242065;715,739563;832,647095;711,871277;725,548340;2025-06-06 09:59:06;2025-06-06 11:59:06
2025-06-06 11:00:00;2025-06-06 13:00:00;DK1;Solar;701,751221;801,594971;801,594971;735,932495;721,379578;2025-06-06 10:59:06;2025-06-06 12:59:06
2025-06-06 12:00:00;2025-06-06 14:00:00;DK1;Solar;794,937500;729,125000;729,125000;646,002075;723,141663;2025-06-06 11:59:09;2025-06-06 13:59:09
2025-06-06 13:00:00;2025-06-06 15:00:00;DK1;Solar;882,900391;652,987061;588,784180;595,745422;605,604187;2025-06-06 12:59:12;2025-06-06 14:59:12
2025-06-06 14:00:00;2025-06-06 16:00:00;DK1;Solar;878,022095;749,143738;709,301697;742,634583;828,422485;2025-06-06 13:59:07;2025-06-06 15:59:07
2025-06-06 15:00:00;2025-06-06 17:00:00;DK1;Solar;734,312927;670,057922;573,798767;615,326233;683,658325;2025-06-06 14:59:06;2025-06-06 16:59:06
2025-06-06 16:00:00;2025-06-06 18:00:00;DK1;Solar;473,461670;464,780426;452,121674;469,109589;600,354187;2025-06-06 15:59:07;2025-06-06 17:59:07
2025-06-06 17:00:00;2025-06-06 19:00:00;DK1;Solar;246,862915;253,869583;244,012924;286,215820;221,518753;2025-06-06 16:59:06;2025-06-06 18:59:06
2025-06-06 18:00:00;2025-06-06 20:00:00;DK1;Solar;92,190002;112,639168;94,748337;88,401665;53,362499;2025-06-06 17:59:06;2025-06-06 19:59:06
2025-06-06 19:00:00;2025-06-06 21:00:00;DK1;Solar;16,325417;22,008751;18,085417;8,039166;27,883333;2025-06-06 18:59:06;2025-06-06 20:59:06
2025-06-06 20:00:00;2025-06-06 22:00:00;DK1;Solar;0,839583;1,173333;0,994167;3,492917;3,202083;2025-06-06 19:59:07;2025-06-06 21:59:07
2025-06-06 21:00:00;2025-06-06 23:00:00;DK1;Solar;0,067917;0,041250;0,015417;0,610833;3,210000;2025-06-06 20:59:06;2025-06-06 22:59:06
2025-06-06 22:00:00;2025-06-07 00:00:00;DK1;Solar;0,025000;2,447083;0,020000;0,841250;2,447083;2025-06-06 21:59:06;2025-06-06 23:59:06
2025-06-06 23:00:00;2025-06-07 01:00:00;DK1;Solar;0,015833;3,487917;0,020000;0,640833;3,487917;2025-06-06 22:59:07;2025-06-07 00:59:07
2025-06-07 00:00:00;2025-06-07 02:00:00;DK1;Solar;0,020000;3,027083;0,020000;0,917083;3,027083;2025-06-06 23:59:07;2025-06-07 01:59:07
2025-06-07 01:00:00;2025-06-07 03:00:00;DK1;Solar;0,052500;2,039583;0,044583;0,830833;2,039583;2025-06-07 00:59:07;2025-06-07 02:59:07
2025-06-07 02:00:00;2025-06-07 04:00:00;DK1;Solar;2,410000;4,994583;2,390000;2,892917;4,994583;2025-06-07 01:59:06;2025-06-07 03:59:06
2025-06-07 03:00:00;2025-06-07 05:00:00;DK1;Solar;132,671249;140,417084;139,325836;138,513336;140,417084;2025-06-07 02:59:04;2025-06-07 04:59:04
2025-06-07 04:00:00;2025-06-07 06:00:00;DK1;Solar;450,902069;374,457916;467,803345;474,953735;374,457916;2025-06-07 03:59:04;2025-06-07 05:59:04
2025-06-07 05:00:00;2025-06-07 07:00:00;DK1;Solar;736,534973;579,896240;760,308777;750,634583;579,896240;2025-06-07 04:59:04;2025-06-07 06:59:04
2025-06-07 06:00:00;2025-06-07 08:00:00;DK1;Solar;1043,905396;1008,561646;1135,947876;1104,655884;1008,561646;2025-06-07 05:59:04;2025-06-07 07:59:04
2025-06-07 07:00:00;2025-06-07 09:00:00;DK1;Solar;1311,321655;1375,014526;1442,437134;1375,014526;1242,850830;2025-06-07 06:59:04;2025-06-07 08:59:04
2025-06-07 08:00:00;2025-06-07 10:00:00;DK1;Solar;1492,687500;1556,797485;1587,839966;1514,592896;1452,355835;2025-06-07 07:59:05;2025-06-07 09:59:05
2025-06-07 09:00:00;2025-06-07 11:00:00;DK1;Solar;1564,530029;1649,468750;1643,799194;1655,353760;1532,300781;2025-06-07 08:59:04;2025-06-07 10:59:04
2025-06-07 10:00:00;2025-06-07 12:00:00;DK1;Solar;1426,685425;1450,172485;1486,968750;1468,609619;1395,863281;2025-06-07 09:59:04;2025-06-07 11:59:04
2025-06-07 11:00:00;2025-06-07 13:00:00;DK1;Solar;1285,602051;1260,805054;1260,805054;1249,250000;1201,935059;2025-06-07 10:59:04;2025-06-07 12:59:04
2025-06-07 12:00:00;2025-06-07 14:00:00;DK1;Solar;1186,938721;1117,815430;1117,815430;1056,327026;1009,377075;2025-06-07 11:59:08;2025-06-07 13:59:08
2025-06-07 13:00:00;2025-06-07 15:00:00;DK1;Solar;1014,534973;961,722473;977,810852;876,061279;982,894165;2025-06-07 12:59:07;2025-06-07 14:59:07
2025-06-07 14:00:00;2025-06-07 16:00:00;DK1;Solar;787,755859;701,710388;689,991638;727,597473;760,758728;2025-06-07 13:59:07;2025-06-07 15:59:07
2025-06-07 15:00:00;2025-06-07 17:00:00;DK1;Solar;575,924561;651,874146;658,611267;629,544556;639,176697;2025-06-07 14:59:04;2025-06-07 16:59:04
2025-06-07 16:00:00;2025-06-07 18:00:00;DK1;Solar;302,604584;341,429596;333,593323;355,118347;374,284576;2025-06-07 15:59:04;2025-06-07 17:59:04
2025-06-07 17:00:00;2025-06-07 19:00:00;DK1;Solar;145,167084;154,155838;155,987915;174,128326;252,388336;2025-06-07 16:59:05;2025-06-07 18:59:05
2025-06-07 18:00:00;2025-06-07 20:00:00;DK1;Solar;55,093750;54,453335;63,910416;89,028336;140,210007;2025-06-07 17:59:04;2025-06-07 19:59:04
2025-06-07 19:00:00;2025-06-07 21:00:00;DK1;Solar;12,531250;11,347500;13,201667;33,611668;44,310001;2025-06-07 18:59:04;2025-06-07 20:59:04
2025-06-07 20:00:00;2025-06-07 22:00:00;DK1;Solar;0,871667;0,687083;0,800000;8,809167;0,691250;2025-06-07 19:59:04;2025-06-07 21:59:04
2025-06-07 21:00:00;2025-06-07 23:00:00;DK1;Solar;0,031667;0,010000;0,014583;0,000000;0,000000;2025-06-07 20:59:05;2025-06-07 22:59:05
2025-06-07 22:00:00;2025-06-08 00:00:00;DK1;Solar;0,010000;0,010000;0,010000;0,000000;0,010000;2025-06-07 21:59:04;2025-06-07 23:59:04
2025-06-07 23:00:00;2025-06-08 01:00:00;DK1;Solar;0,010000;0,000417;0,010000;0,010000;0,000417;2025-06-07 22:59:05;2025-06-08 00:59:05
2025-06-08 00:00:00;2025-06-08 02:00:00;DK1;Solar;0,010000;0,022500;0,018750;0,010000;0,022500;2025-06-07 23:59:05;2025-06-08 01:59:05
2025-06-08 01:00:00;2025-06-08 03:00:00;DK1;Solar;0,042083;0,035417;0,044167;0,040833;0,035417;2025-06-08 00:59:05;2025-06-08 02:59:05
2025-06-08 02:00:00;2025-06-08 04:00:00;DK1;Solar;1,629583;1,324167;1,616250;1,389167;1,324167;2025-06-08 01:59:05;2025-06-08 03:59:05
2025-06-08 03:00:00;2025-06-08 05:00:00;DK1;Solar;94,167084;87,988747;93,487503;88,775414;87,988747;2025-06-08 02:58:40;2025-06-08 04:58:40
2025-06-08 04:00:00;2025-06-08 06:00:00;DK1;Solar;313,692902;255,923752;328,650848;331,290009;255,923752;2025-06-08 03:58:40;2025-06-08 05:58:40
2025-06-08 05:00:00;2025-06-08 07:00:00;DK1;Solar;489,968750;375,630829;461,774994;492,209167;375,630829;2025-06-08 04:58:40;2025-06-08 06:58:40
2025-06-08 06:00:00;2025-06-08 08:00:00;DK1;Solar;650,982483;531,816650;597,641663;629,360840;531,816650;2025-06-08 05:58:40;2025-06-08 07:58:40
2025-06-08 07:00:00;2025-06-08 09:00:00;DK1;Solar;767,673340;637,781250;624,961243;637,781250;567,229187;2025-06-08 06:58:41;2025-06-08 08:58:41
2025-06-08 08:00:00;2025-06-08 10:00:00;DK1;Solar;875,360840;809,919189;739,683350;772,213318;718,059998;2025-06-08 07:58:40;2025-06-08 09:58:40
2025-06-08 09:00:00;2025-06-08 11:00:00;DK1;Solar;922,134155;753,973328;718,214172;708,444153;651,915833;2025-06-08 08:58:39;2025-06-08 10:58:39
2025-06-08 10:00:00;2025-06-08 12:00:00;DK1;Solar;1040,963379;944,730835;993,260803;828,780029;794,511230;2025-06-08 09:58:39;2025-06-08 11:58:39
2025-06-08 11:00:00;2025-06-08 13:00:00;DK1;Solar;1051,527466;969,939148;969,939148;847,211243;1177,884644;2025-06-08 10:58:39;2025-06-08 12:58:39
2025-06-08 12:00:00;2025-06-08 14:00:00;DK1;Solar;1120,894531;1042,751709;1021,697937;1104,485840;1146,852905;2025-06-08 11:58:44;2025-06-08 13:58:44
2025-06-08 13:00:00;2025-06-08 15:00:00;DK1;Solar;1259,243286;1110,135010;1006,477478;1108,859131;1142,137939;2025-06-08 12:58:43;2025-06-08 14:58:43
2025-06-08 14:00:00;2025-06-08 16:00:00;DK1;Solar;1178,015381;1078,690796;1010,020020;1096,424194;1188,915894;2025-06-08 13:58:40;2025-06-08 15:58:40
2025-06-08 15:00:00;2025-06-08 17:00:00;DK1;Solar;938,830444;908,594604;823,104553;882,546692;1022,625854;2025-06-08 14:58:40;2025-06-08 16:58:40
2025-06-08 16:00:00;2025-06-08 18:00:00;DK1;Solar;632,539978;591,592529;574,435852;598,385010;786,302063;2025-06-08 15:58:40;2025-06-08 17:58:40
2025-06-08 17:00:00;2025-06-08 19:00:00;DK1;Solar;360,063324;360,507080;347,750824;405,172913;449,009583;2025-06-08 16:58:41;2025-06-08 18:58:41
2025-06-08 18:00:00;2025-06-08 20:00:00;DK1;Solar;149,565826;151,248749;150,699585;176,448334;227,109161;2025-06-08 17:58:41;2025-06-08 19:58:41
2025-06-08 19:00:00;2025-06-08 21:00:00;DK1;Solar;29,683750;29,200417;28,867916;49,912498;61,531666;2025-06-08 18:58:40;2025-06-08 20:58:40
2025-06-08 20:00:00;2025-06-08 22:00:00;DK1;Solar;1,557083;1,533333;1,491667;10,034166;8,059167;2025-06-08 19:58:40;2025-06-08 21:58:40
2025-06-08 21:00:00;2025-06-08 23:00:00;DK1;Solar;0,029583;0,047500;0,016250;1,719167;8,527500;2025-06-08 20:58:41;2025-06-08 22:58:41
2025-06-08 22:00:00;2025-06-09 00:00:00;DK1;Solar;0,010000;3,985417;0,010000;2,225833;3,985417;2025-06-08 21:58:42;2025-06-08 23:58:42
2025-06-08 23:00:00;2025-06-09 01:00:00;DK1;Solar;0,009583;5,290000;0,010417;1,041667;5,290000;2025-06-08 22:58:40;2025-06-09 00:58:40
2025-06-09 00:00:00;2025-06-09 02:00:00;DK1;Solar;0,027500;4,893333;0,020000;1,385000;4,893333;2025-06-08 23:58:43;2025-06-09 01:58:43
2025-06-09 01:00:00;2025-06-09 03:00:00;DK1;Solar;0,054167;5,337083;0,051667;1,320417;5,337083;2025-06-09 00:58:41;2025-06-09 02:58:41
2025-06-09 02:00:00;2025-06-09 04:00:00;DK1;Solar;2,958750;10,457916;2,828750;4,341250;10,457916;2025-06-09 01:58:40;2025-06-09 03:58:40
2025-06-09 03:00:00;2025-06-09 05:00:00;DK1;Solar;178,598328;170,699997;166,880005;166,801254;170,699997;2025-06-09 02:58:26;2025-06-09 04:58:26
2025-06-09 04:00:00;2025-06-09 06:00:00;DK1;Solar;618,678345;459,811249;576,811279;581,662903;459,811249;2025-06-09 03:58:26;2025-06-09 05:58:26
2025-06-09 05:00:00;2025-06-09 07:00:00;DK1;Solar;993,851685;731,832520;957,505859;926,848328;731,832520;2025-06-09 04:58:26;2025-06-09 06:58:26
2025-06-09 06:00:00;2025-06-09 08:00:00;DK1;Solar;1350,562866;1024,766724;1298,458740;1256,259644;1024,766724;2025-06-09 05:58:27;2025-06-09 07:58:27
2025-06-09 07:00:00;2025-06-09 09:00:00;DK1;Solar;1485,287109;1376,473755;1429,120361;1376,473755;1176,434570;2025-06-09 06:58:27;2025-06-09 08:58:27
2025-06-09 08:00:00;2025-06-09 10:00:00;DK1;Solar;1587,837891;1440,563721;1418,866699;1368,260010;1178,605835;2025-06-09 07:58:27;2025-06-09 09:58:27
2025-06-09 09:00:00;2025-06-09 11:00:00;DK1;Solar;1686,862915;1368,502930;1341,119629;1296,059570;1175,819214;2025-06-09 08:58:26;2025-06-09 10:58:26
2025-06-09 10:00:00;2025-06-09 12:00:00;DK1;Solar;1750,556641;1508,468384;1508,252075;1474,546631;1396,489624;2025-06-09 09:58:26;2025-06-09 11:58:26
2025-06-09 11:00:00;2025-06-09 13:00:00;DK1;Solar;1714,258301;1272,064941;1272,064941;1245,073364;1099,580444;2025-06-09 10:58:27;2025-06-09 12:58:27
2025-06-09 12:00:00;2025-06-09 14:00:00;DK1;Solar;1641,725464;1193,447510;1193,447510;1127,375366;1182,405029;2025-06-09 11:58:30;2025-06-09 13:58:30
2025-06-09 13:00:00;2025-06-09 15:00:00;DK1;Solar;1634,730835;1153,430054;1142,711304;1108,677124;1025,221680;2025-06-09 12:58:29;2025-06-09 14:58:29
2025-06-09 14:00:00;2025-06-09 16:00:00;DK1;Solar;1479,225830;1047,537964;1041,025024;924,277100;823,671692;2025-06-09 13:58:27;2025-06-09 15:58:27
2025-06-09 15:00:00;2025-06-09 17:00:00;DK1;Solar;1114,455444;981,079163;868,474609;870,585022;831,071655;2025-06-09 14:58:27;2025-06-09 16:58:27
2025-06-09 16:00:00;2025-06-09 18:00:00;DK1;Solar;665,302490;611,109985;580,783752;588,472473;680,906677;2025-06-09 15:58:27;2025-06-09 17:58:27
2025-06-09 17:00:00;2025-06-09 19:00:00;DK1;Solar;322,964172;313,718750;289,573334;322,194153;449,972504;2025-06-09 16:58:27;2025-06-09 18:58:27
2025-06-09 18:00:00;2025-06-09 20:00:00;DK1;Solar;127,184166;127,487915;118,360420;160,043335;157,111664;2025-06-09 17:58:27;2025-06-09 19:58:27
2025-06-09 19:00:00;2025-06-09 21:00:00;DK1;Solar;25,131666;24,916666;22,959167;31,764999;36,762917;2025-06-09 18:58:26;2025-06-09 20:58:26
2025-06-09 20:00:00;2025-06-09 22:00:00;DK1;Solar;1,340417;1,300417;1,258333;4,673333;3,445000;2025-06-09 19:58:27;2025-06-09 21:58:27
2025-06-09 21:00:00;2025-06-09 23:00:00;DK1;Solar;0,062917;0,010000;0,020000;0,611667;3,342500;2025-06-09 20:58:27;2025-06-09 22:58:27
2025-06-09 22:00:00;2025-06-10 00:00:00;DK1;Solar;0,020000;1,787500;0,012083;0,873333;1,787500;2025-06-09 21:58:27;2025-06-09 23:58:27
2025-06-09 23:00:00;2025-06-10 01:00:00;DK1;Solar;0,020000;1,852083;0,010000;0,473750;1,852083;2025-06-09 22:58:28;2025-06-10 00:58:28
2025-06-10 00:00:00;2025-06-10 02:00:00;DK1;Solar;0,027500;0,727917;0,013333;0,490417;0,727917;2025-06-09 23:58:27;2025-06-10 01:58:27
2025-06-10 01:00:00;2025-06-10 03:00:00;DK1;Solar;0,032083;0,932083;0,060000;0,218750;0,932083;2025-06-10 00:58:29;2025-06-10 02:58:29
2025-06-10 02:00:00;2025-06-10 04:00:00;DK1;Solar;1,029167;1,529167;0,809167;1,009583;1,529167;2025-06-10 01:58:27;2025-06-10 03:58:27
2025-06-10 03:00:00;2025-06-10 05:00:00;DK1;Solar;42,244999;36,604584;35,587502;33,983749;36,604584;2025-06-10 02:58:34;2025-06-10 04:58:34
2025-06-10 04:00:00;2025-06-10 06:00:00;DK1;Solar;116,731667;87,573753;114,056252;112,584167;87,573753;2025-06-10 03:58:34;2025-06-10 05:58:34
2025-06-10 05:00:00;2025-06-10 07:00:00;DK1;Solar;168,308334;125,689163;146,513336;144,763748;125,689163;2025-06-10 04:58:34;2025-06-10 06:58:34
2025-06-10 06:00:00;2025-06-10 08:00:00;DK1;Solar;253,797501;218,691254;193,817078;186,847076;218,691254;2025-06-10 05:58:34;2025-06-10 07:58:34
2025-06-10 07:00:00;2025-06-10 09:00:00;DK1;Solar;353,067078;238,915421;246,942078;238,915421;231,067078;2025-06-10 06:58:35;2025-06-10 08:58:35
2025-06-10 08:00:00;2025-06-10 10:00:00;DK1;Solar;444,721252;260,628326;281,552490;260,449585;452,375000;2025-06-10 07:58:34;2025-06-10 09:58:34
2025-06-10 09:00:00;2025-06-10 11:00:00;DK1;Solar;596,773315;285,377075;311,915009;346,896667;497,734161;2025-06-10 08:58:34;2025-06-10 10:58:34
2025-06-10 10:00:00;2025-06-10 12:00:00;DK1;Solar;677,648743;322,380402;320,400421;389,643738;525,538757;2025-06-10 09:58:34;2025-06-10 11:58:34
2025-06-10 11:00:00;2025-06-10 13:00:00;DK1;Solar;681,390015;338,692078;338,692078;402,248322;552,048767;2025-06-10 10:58:34;2025-06-10 12:58:34
2025-06-10 12:00:00;2025-06-10 14:00:00;DK1;Solar;609,431641;327,476654;327,476654;381,839569;478,834595;2025-06-10 11:58:35;2025-06-10 13:58:35
2025-06-10 13:00:00;2025-06-10 15:00:00;DK1;Solar;549,062073;321,678741;333,039154;381,350006;496,802917;2025-06-10 12:58:37;2025-06-10 14:58:37
2025-06-10 14:00:00;2025-06-10 16:00:00;DK1;Solar;486,545410;305,084167;306,766663;388,876251;441,006256;2025-06-10 13:58:34;2025-06-10 15:58:34
2025-06-10 15:00:00;2025-06-10 17:00:00;DK1;Solar;391,987091;264,596252;264,484985;316,763763;270,444153;2025-06-10 14:58:34;2025-06-10 16:58:34
2025-06-10 16:00:00;2025-06-10 18:00:00;DK1;Solar;265,000824;204,504166;210,940414;203,246674;235,568329;2025-06-10 15:58:34;2025-06-10 17:58:34
2025-06-10 17:00:00;2025-06-10 19:00:00;DK1;Solar;159,989578;139,390411;141,513748;154,161255;175,121246;2025-06-10 16:58:35;2025-06-10 18:58:35
2025-06-10 18:00:00;2025-06-10 20:00:00;DK1;Solar;80,574997;73,801666;80,182503;83,517502;71,854164;2025-06-10 17:58:34;2025-06-10 19:58:34
2025-06-10 19:00:00;2025-06-10 21:00:00;DK1;Solar;20,712917;18,526667;20,895834;19,607084;15,997500;2025-06-10 18:58:34;2025-06-10 20:58:34
2025-06-10 20:00:00;2025-06-10 22:00:00;DK1;Solar;1,370833;1,162917;1,453750;0,750000;0,110417;2025-06-10 19:58:34;2025-06-10 21:58:34
2025-06-10 21:00:00;2025-06-10 23:00:00;DK1;Solar;0,051250;0,035000;0,010417;0,002083;0,028333;2025-06-10 20:58:34;2025-06-10 22:58:34
2025-06-10 22:00:00;2025-06-11 00:00:00;DK1;Solar;0,015417;0,044583;0,010000;0,008750;0,044583;2025-06-10 21:58:34;2025-06-10 23:58:34
2025-06-10 23:00:00;2025-06-11 01:00:00;DK1;Solar;0,030833;0,037083;0,019583;0,019167;0,037083;2025-06-10 22:58:34;2025-06-11 00:58:34
2025-06-11 00:00:00;2025-06-11 02:00:00;DK1;Solar;0,012917;0,054583;0,017917;0,012917;0,054583;2025-06-10 23:58:37;2025-06-11 01:58:37
2025-06-11 01:00:00;2025-06-11 03:00:00;DK1;Solar;0,074167;0,104167;0,080000;0,085000;0,104167;2025-06-11 00:58:36;2025-06-11 02:58:36
2025-06-11 02:00:00;2025-06-11 04:00:00;DK1;Solar;3,682500;3,482917;3,656250;3,583750;3,482917;2025-06-11 01:58:34;2025-06-11 03:58:34
2025-06-11 03:00:00;2025-06-11 05:00:00;DK1;Solar;205,951248;203,050415;205,832077;206,303329;203,050415;2025-06-11 02:59:23;2025-06-11 04:59:23
2025-06-11 04:00:00;2025-06-11 06:00:00;DK1;Solar;681,506653;468,695007;683,760803;684,645020;468,695007;2025-06-11 03:59:22;2025-06-11 05:59:22
2025-06-11 05:00:00;2025-06-11 07:00:00;DK1;Solar;1083,863281;682,102905;1092,222046;1039,732056;682,102905;2025-06-11 04:59:22;2025-06-11 06:59:22
2025-06-11 06:00:00;2025-06-11 08:00:00;DK1;Solar;1476,638306;975,308777;1517,725464;1400,980469;975,308777;2025-06-11 05:59:23;2025-06-11 07:59:23
2025-06-11 07:00:00;2025-06-11 09:00:00;DK1;Solar;1835,480835;1709,401245;1848,547485;1709,401245;1215,110840;2025-06-11 06:59:22;2025-06-11 08:59:22
2025-06-11 08:00:00;2025-06-11 10:00:00;DK1;Solar;2047,960815;2053,791260;2051,455811;1889,107910;1382,275391;2025-06-11 07:59:22;2025-06-11 09:59:22
2025-06-11 09:00:00;2025-06-11 11:00:00;DK1;Solar;2001,842041;1938,807861;1937,842529;1828,944214;1368,926636;2025-06-11 08:59:22;2025-06-11 10:59:22
2025-06-11 10:00:00;2025-06-11 12:00:00;DK1;Solar;1881,447510;1735,375854;1736,081299;1572,999634;1168,173706;2025-06-11 09:59:22;2025-06-11 11:59:22
2025-06-11 11:00:00;2025-06-11 13:00:00;DK1;Solar;1889,391724;1720,800415;1720,800415;1570,220825;1129,624634;2025-06-11 10:59:22;2025-06-11 12:59:22
2025-06-11 12:00:00;2025-06-11 14:00:00;DK1;Solar;1830,868774;1331,128784;1331,128784;1128,275024;932,515015;2025-06-11 11:59:23;2025-06-11 13:59:23
2025-06-11 13:00:00;2025-06-11 15:00:00;DK1;Solar;1739,133789;1320,573730;1319,339966;1205,880859;926,276245;2025-06-11 12:59:23;2025-06-11 14:59:23
2025-06-11 14:00:00;2025-06-11 16:00:00;DK1;Solar;1541,126221;1401,705444;1398,891235;1266,299561;1217,392944;2025-06-11 13:59:22;2025-06-11 15:59:22
2025-06-11 15:00:00;2025-06-11 17:00:00;DK1;Solar;1311,455811;1309,694946;1287,886719;1191,188354;999,574585;2025-06-11 14:59:22;2025-06-11 16:59:22
2025-06-11 16:00:00;2025-06-11 18:00:00;DK1;Solar;800,413330;797,894165;737,351257;690,670837;577,289978;2025-06-11 15:59:22;2025-06-11 17:59:22
2025-06-11 17:00:00;2025-06-11 19:00:00;DK1;Solar;404,325409;402,465424;386,029175;339,304169;315,692078;2025-06-11 16:59:21;2025-06-11 18:59:21
2025-06-11 18:00:00;2025-06-11 20:00:00;DK1;Solar;163,607498;162,520828;155,884171;139,426666;114,734581;2025-06-11 17:59:21;2025-06-11 19:59:21
2025-06-11 19:00:00;2025-06-11 21:00:00;DK1;Solar;32,809582;32,445835;32,453335;20,479166;12,587500;2025-06-11 18:59:22;2025-06-11 20:59:22
2025-06-11 20:00:00;2025-06-11 22:00:00;DK1;Solar;1,778333;1,706250;1,749583;0,006250;0,291250;2025-06-11 19:59:21;2025-06-11 21:59:21
2025-06-11 21:00:00;2025-06-11 23:00:00;DK1;Solar;0,022083;0,021250;0,023750;0,000000;0,228333;2025-06-11 20:59:22;2025-06-11 22:59:22
2025-06-11 22:00:00;2025-06-12 00:00:00;DK1;Solar;0,010000;0,055417;0,010417;0,061667;0,055417;2025-06-11 21:59:22;2025-06-11 23:59:22
2025-06-11 23:00:00;2025-06-12 01:00:00;DK1;Solar;0,017917;0,051250;0,017917;0,018750;0,051250;2025-06-11 22:59:21;2025-06-12 00:59:21
2025-06-12 00:00:00;2025-06-12 02:00:00;DK1;Solar;0,020000;0,054167;0,020000;0,025417;0,054167;2025-06-11 23:59:22;2025-06-12 01:59:22
2025-06-12 01:00:00;2025-06-12 03:00:00;DK1;Solar;0,071667;0,097917;0,060417;0,070417;0,097917;2025-06-12 00:59:23;2025-06-12 02:59:23
2025-06-12 02:00:00;2025-06-12 04:00:00;DK1;Solar;3,371250;3,280000;3,315417;3,335000;3,280000;2025-06-12 01:59:21;2025-06-12 03:59:21
2025-06-12 03:00:00;2025-06-12 05:00:00;DK1;Solar;188,371674;192,452499;185,010422;194,688339;192,452499;2025-06-12 02:58:59;2025-06-12 04:58:59
2025-06-12 04:00:00;2025-06-12 06:00:00;DK1;Solar;637,763733;463,621246;665,650391;666,598328;463,621246;2025-06-12 03:58:59;2025-06-12 05:58:59
2025-06-12 05:00:00;2025-06-12 07:00:00;DK1;Solar;1039,375366;690,727112;1092,725464;1037,738281;690,727112;2025-06-12 04:58:59;2025-06-12 06:58:59
2025-06-12 06:00:00;2025-06-12 08:00:00;DK1;Solar;1465,612915;1019,469971;1548,362061;1438,044556;1019,469971;2025-06-12 05:58:59;2025-06-12 07:58:59
2025-06-12 07:00:00;2025-06-12 09:00:00;DK1;Solar;1783,087524;1739,345825;1879,074219;1739,345825;1265,840820;2025-06-12 06:58:59;2025-06-12 08:58:59
2025-06-12 08:00:00;2025-06-12 10:00:00;DK1;Solar;1788,414185;1779,213745;1781,121704;1620,426636;1149,212891;2025-06-12 07:58:59;2025-06-12 09:58:59
2025-06-12 09:00:00;2025-06-12 11:00:00;DK1;Solar;1919,481689;1959,117554;1960,849976;1794,917969;1478,491211;2025-06-12 08:58:59;2025-06-12 10:58:59
2025-06-12 10:00:00;2025-06-12 12:00:00;DK1;Solar;1926,397949;1926,787964;1926,560425;1801,746704;1385,570435;2025-06-12 09:58:59;2025-06-12 11:58:59
2025-06-12 11:00:00;2025-06-12 13:00:00;DK1;Solar;1977,543701;2005,895874;2005,895874;1831,008301;1375,527954;2025-06-12 10:58:59;2025-06-12 12:58:59
2025-06-12 12:00:00;2025-06-12 14:00:00;DK1;Solar;1921,707031;1947,135010;1947,135010;1777,539185;1329,102539;2025-06-12 11:59:01;2025-06-12 13:59:01
2025-06-12 13:00:00;2025-06-12 15:00:00;DK1;Solar;1900,603394;1899,730835;1899,787476;1710,047974;1416,498291;2025-06-12 12:59:07;2025-06-12 14:59:07
2025-06-12 14:00:00;2025-06-12 16:00:00;DK1;Solar;1562,430054;1137,269531;1137,406250;1014,347473;625,936646;2025-06-12 13:59:01;2025-06-12 15:59:01
2025-06-12 15:00:00;2025-06-12 17:00:00;DK1;Solar;1259,427124;1302,819214;1279,035034;1115,766235;1158,068359;2025-06-12 14:58:59;2025-06-12 16:58:59
2025-06-12 16:00:00;2025-06-12 18:00:00;DK1;Solar;764,648315;783,601685;779,897522;743,944580;574,831238;2025-06-12 15:58:59;2025-06-12 17:58:59
2025-06-12 17:00:00;2025-06-12 19:00:00;DK1;Solar;390,000427;396,132904;390,151672;337,534576;309,335846;2025-06-12 16:58:59;2025-06-12 18:58:59
2025-06-12 18:00:00;2025-06-12 20:00:00;DK1;Solar;159,858749;160,889587;158,673340;137,989578;108,286667;2025-06-12 17:59:01;2025-06-12 19:59:01
2025-06-12 19:00:00;2025-06-12 21:00:00;DK1;Solar;32,920834;32,757500;32,357918;18,680000;9,753750;2025-06-12 18:58:59;2025-06-12 20:58:59
2025-06-12 20:00:00;2025-06-12 22:00:00;DK1;Solar;1,764583;1,769167;1,733750;0,005833;0,090417;2025-06-12 19:59:00;2025-06-12 21:59:00
2025-06-12 21:00:00;2025-06-12 23:00:00;DK1;Solar;0,065000;0,012500;0,014167;0,002083;0,033750;2025-06-12 20:58:59;2025-06-12 22:58:59
2025-06-12 22:00:00;2025-06-13 00:00:00;DK1;Solar;0,010000;0,051250;0,010000;0,012917;0,051250;2025-06-12 21:59:00;2025-06-12 23:59:00
2025-06-12 23:00:00;2025-06-13 01:00:00;DK1;Solar;0,010000;0,047083;0,010000;0,020417;0,047083;2025-06-12 22:58:59;2025-06-13 00:58:59
2025-06-13 00:00:00;2025-06-13 02:00:00;DK1;Solar;0,010000;0,051250;0,004167;0,012917;0,051250;2025-06-12 23:59:00;2025-06-13 01:59:00
2025-06-13 01:00:00;2025-06-13 03:00:00;DK1;Solar;0,081667;0,109583;0,064167;0,076250;0,109583;2025-06-13 00:59:00;2025-06-13 02:59:00
2025-06-13 02:00:00;2025-06-13 04:00:00;DK1;Solar;3,367917;3,296250;3,317083;3,340000;3,296250;2025-06-13 01:59:00;2025-06-13 03:59:00
2025-06-13 03:00:00;2025-06-13 05:00:00;DK1;Solar;190,082504;199,322495;200,651672;201,360413;199,322495;2025-06-13 02:59:02;2025-06-13 04:59:02
2025-06-13 04:00:00;2025-06-13 06:00:00;DK1;Solar;639,385437;468,301239;678,792480;679,144165;468,301239;2025-06-13 03:59:02;2025-06-13 05:59:02
2025-06-13 05:00:00;2025-06-13 07:00:00;DK1;Solar;1036,048340;692,899597;1098,567505;1044,168701;692,899597;2025-06-13 04:59:02;2025-06-13 06:59:02
2025-06-13 06:00:00;2025-06-13 08:00:00;DK1;Solar;1450,532959;1017,722900;1549,754639;1436,487549;1017,722900;2025-06-13 05:59:04;2025-06-13 07:59:04
2025-06-13 07:00:00;2025-06-13 09:00:00;DK1;Solar;1771,170776;1747,483765;1887,784180;1747,483765;1260,810059;2025-06-13 06:59:01;2025-06-13 08:59:01
2025-06-13 08:00:00;2025-06-13 10:00:00;DK1;Solar;1956,153809;2054,396973;2048,462158;1892,019165;1333,805054;2025-06-13 07:59:03;2025-06-13 09:59:03
2025-06-13 09:00:00;2025-06-13 11:00:00;DK1;Solar;1895,083374;1961,735840;1958,595459;1768,561279;1327,549194;2025-06-13 08:59:06;2025-06-13 10:59:06
2025-06-13 10:00:00;2025-06-13 12:00:00;DK1;Solar;1902,727051;1741,929199;1741,456299;1573,855835;1136,824219;2025-06-13 09:59:01;2025-06-13 11:59:01
2025-06-13 11:00:00;2025-06-13 13:00:00;DK1;Solar;1899,736694;1561,931274;1561,931274;1395,580444;1022,183350;2025-06-13 10:59:02;2025-06-13 12:59:02
2025-06-13 12:00:00;2025-06-13 14:00:00;DK1;Solar;1827,334595;1485,469604;1485,469604;1272,229980;1130,094116;2025-06-13 11:59:02;2025-06-13 13:59:02
2025-06-13 13:00:00;2025-06-13 15:00:00;DK1;Solar;1712,969116;1570,956299;1543,290039;1436,977051;1150,689575;2025-06-13 12:59:05;2025-06-13 14:59:05
2025-06-13 14:00:00;2025-06-13 16:00:00;DK1;Solar;1481,868286;1401,945801;1389,452515;1219,567871;994,897095;2025-06-13 13:59:04;2025-06-13 15:59:04
2025-06-13 15:00:00;2025-06-13 17:00:00;DK1;Solar;1180,846191;1288,333740;1287,219604;1129,195801;997,200806;2025-06-13 14:59:01;2025-06-13 16:59:01
2025-06-13 16:00:00;2025-06-13 18:00:00;DK1;Solar;718,923767;772,879150;727,673340;685,444580;561,542908;2025-06-13 15:59:02;2025-06-13 17:59:02
2025-06-13 17:00:00;2025-06-13 19:00:00;DK1;Solar;373,092499;396,203735;386,254578;339,148743;297,335846;2025-06-13 16:59:01;2025-06-13 18:59:01
2025-06-13 18:00:00;2025-06-13 20:00:00;DK1;Solar;154,009171;161,720413;157,952087;135,764999;113,538750;2025-06-13 17:59:01;2025-06-13 19:59:01
2025-06-13 19:00:00;2025-06-13 21:00:00;DK1;Solar;31,811666;32,755001;32,940418;20,315416;13,813334;2025-06-13 18:59:03;2025-06-13 20:59:03
2025-06-13 20:00:00;2025-06-13 22:00:00;DK1;Solar;1,706250;1,741250;1,762083;0,005000;0,045417;2025-06-13 19:59:06;2025-06-13 21:59:06
2025-06-13 21:00:00;2025-06-13 23:00:00;DK1;Solar;0,071667;0,017917;0,026667;0,001250;0,024167;2025-06-13 20:59:02;2025-06-13 22:59:02
2025-06-13 22:00:00;2025-06-14 00:00:00;DK1;Solar;0,032917;0,059167;0,030000;0,013750;0,059167;2025-06-13 21:59:02;2025-06-13 23:59:02
2025-06-13 23:00:00;2025-06-14 01:00:00;DK1;Solar;0,012083;0,060833;0,012083;0,021250;0,060833;2025-06-13 22:59:03;2025-06-14 00:59:03
2025-06-14 00:00:00;2025-06-14 02:00:00;DK1;Solar;0,010000;0,052500;0,010000;0,017500;0,052500;2025-06-13 23:59:02;2025-06-14 01:59:02
2025-06-14 01:00:00;2025-06-14 03:00:00;DK1;Solar;0,067083;0,098750;0,068750;0,072083;0,098750;2025-06-14 00:59:02;2025-06-14 02:59:02
2025-06-14 02:00:00;2025-06-14 04:00:00;DK1;Solar;3,455833;3,338750;3,358750;3,412083;3,338750;2025-06-14 01:59:02;2025-06-14 03:59:02
2025-06-14 03:00:00;2025-06-14 05:00:00;DK1;Solar;194,606674;195,104172;200,437912;197,592911;195,104172;2025-06-14 02:58:35;2025-06-14 04:58:35
2025-06-14 04:00:00;2025-06-14 06:00:00;DK1;Solar;647,855408;453,447906;659,859985;661,510437;453,447906;2025-06-14 03:58:33;2025-06-14 05:58:33
2025-06-14 05:00:00;2025-06-14 07:00:00;DK1;Solar;1046,785400;676,294983;1069,727051;1016,746277;676,294983;2025-06-14 04:58:33;2025-06-14 06:58:33
2025-06-14 06:00:00;2025-06-14 08:00:00;DK1;Solar;1460,804565;992,647522;1495,074951;1382,414551;992,647522;2025-06-14 05:58:34;2025-06-14 07:58:34
2025-06-14 07:00:00;2025-06-14 09:00:00;DK1;Solar;1596,120850;1449,585449;1581,929199;1449,585449;962,137085;2025-06-14 06:58:35;2025-06-14 08:58:35
2025-06-14 08:00:00;2025-06-14 10:00:00;DK1;Solar;1730,007446;1288,121704;1277,002441;1127,198364;739,752502;2025-06-14 07:58:34;2025-06-14 09:58:34
2025-06-14 09:00:00;2025-06-14 11:00:00;DK1;Solar;1695,063721;1189,010864;1187,007446;1046,479980;879,529175;2025-06-14 08:58:33;2025-06-14 10:58:33
2025-06-14 10:00:00;2025-06-14 12:00:00;DK1;Solar;1752,126709;1195,574585;1200,347046;1115,205811;956,447937;2025-06-14 09:58:35;2025-06-14 11:58:35
2025-06-14 11:00:00;2025-06-14 13:00:00;DK1;Solar;1756,175049;1183,535400;1183,535400;1112,469971;968,442505;2025-06-14 10:58:33;2025-06-14 12:58:33
2025-06-14 12:00:00;2025-06-14 14:00:00;DK1;Solar;1676,928711;1107,617065;1107,617065;1066,443359;904,129150;2025-06-14 11:58:41;2025-06-14 13:58:41
2025-06-14 13:00:00;2025-06-14 15:00:00;DK1;Solar;1536,551270;1054,189575;1024,938721;969,360840;818,475403;2025-06-14 12:58:34;2025-06-14 14:58:34
2025-06-14 14:00:00;2025-06-14 16:00:00;DK1;Solar;1424,468750;1205,093750;1177,036255;999,729187;843,499146;2025-06-14 13:58:34;2025-06-14 15:58:34
2025-06-14 15:00:00;2025-06-14 17:00:00;DK1;Solar;1172,887939;1163,495361;1072,834961;955,631226;912,239990;2025-06-14 14:58:35;2025-06-14 16:58:35
2025-06-14 16:00:00;2025-06-14 18:00:00;DK1;Solar;709,775391;695,690002;629,579590;586,987488;490,106659;2025-06-14 15:58:34;2025-06-14 17:58:34
2025-06-14 17:00:00;2025-06-14 19:00:00;DK1;Solar;356,877075;353,750000;332,392090;311,385834;272,288757;2025-06-14 16:58:33;2025-06-14 18:58:33
2025-06-14 18:00:00;2025-06-14 20:00:00;DK1;Solar;144,093750;137,285416;138,581665;123,518753;108,324997;2025-06-14 17:58:33;2025-06-14 19:58:33
2025-06-14 19:00:00;2025-06-14 21:00:00;DK1;Solar;28,411249;25,596666;28,281666;18,089582;5,782500;2025-06-14 18:58:34;2025-06-14 20:58:34
2025-06-14 20:00:00;2025-06-14 22:00:00;DK1;Solar;1,485833;1,306667;1,541250;0,007083;0,057083;2025-06-14 19:58:35;2025-06-14 21:58:35
2025-06-14 21:00:00;2025-06-14 23:00:00;DK1;Solar;0,045417;0,032500;0,026667;0,001250;0,013333;2025-06-14 20:58:34;2025-06-14 22:58:34
2025-06-14 22:00:00;2025-06-15 00:00:00;DK1;Solar;0,011250;0,055417;0,010000;0,011250;0,055417;2025-06-14 21:58:33;2025-06-14 23:58:33
2025-06-14 23:00:00;2025-06-15 01:00:00;DK1;Solar;0,018750;0,061250;0,018750;0,028750;0,061250;2025-06-14 22:58:34;2025-06-15 00:58:34
2025-06-15 00:00:00;2025-06-15 02:00:00;DK1;Solar;0,011250;0,037500;0,020000;0,021250;0,037500;2025-06-14 23:58:34;2025-06-15 01:58:34
2025-06-15 01:00:00;2025-06-15 03:00:00;DK1;Solar;0,049583;0,076667;0,042083;0,050000;0,076667;2025-06-15 00:58:33;2025-06-15 02:58:33
2025-06-15 02:00:00;2025-06-15 04:00:00;DK1;Solar;2,012500;2,313333;2,032083;2,096667;2,313333;2025-06-15 01:58:33;2025-06-15 03:58:33
2025-06-15 03:00:00;2025-06-15 05:00:00;DK1;Solar;100,991669;112,471664;112,289581;115,519165;112,471664;2025-06-15 02:58:54;2025-06-15 04:58:54
2025-06-15 04:00:00;2025-06-15 06:00:00;DK1;Solar;325,901672;245,088333;363,198334;363,786255;245,088333;2025-06-15 03:58:56;2025-06-15 05:58:56
2025-06-15 05:00:00;2025-06-15 07:00:00;DK1;Solar;523,239197;349,197083;568,582947;544,463318;349,197083;2025-06-15 04:58:55;2025-06-15 06:58:55
2025-06-15 06:00:00;2025-06-15 08:00:00;DK1;Solar;769,114563;575,944580;817,849976;767,854980;575,944580;2025-06-15 05:58:56;2025-06-15 07:58:56
2025-06-15 07:00:00;2025-06-15 09:00:00;DK1;Solar;920,034607;1078,640869;1067,075439;1078,640869;755,570007;2025-06-15 06:58:55;2025-06-15 08:58:55
2025-06-15 08:00:00;2025-06-15 10:00:00;DK1;Solar;918,457092;1081,495850;955,722900;975,019165;591,021667;2025-06-15 07:58:55;2025-06-15 09:58:55
2025-06-15 09:00:00;2025-06-15 11:00:00;DK1;Solar;922,471252;1004,929565;873,802063;910,707947;659,635803;2025-06-15 08:58:56;2025-06-15 10:58:56
2025-06-15 10:00:00;2025-06-15 12:00:00;DK1;Solar;957,908752;849,955811;811,043762;814,029175;669,582092;2025-06-15 09:58:55;2025-06-15 11:58:55
2025-06-15 11:00:00;2025-06-15 13:00:00;DK1;Solar;921,503357;725,653320;725,653320;751,586243;558,734985;2025-06-15 10:58:55;2025-06-15 12:58:55
2025-06-15 12:00:00;2025-06-15 14:00:00;DK1;Solar;929,317505;746,810852;746,810852;747,336243;484,649170;2025-06-15 11:58:59;2025-06-15 13:58:59
2025-06-15 13:00:00;2025-06-15 15:00:00;DK1;Solar;924,503723;862,148315;835,480408;663,757080;393,424591;2025-06-15 12:58:55;2025-06-15 14:58:55
2025-06-15 14:00:00;2025-06-15 16:00:00;DK1;Solar;802,404175;965,681274;770,919189;590,469604;429,937927;2025-06-15 13:58:55;2025-06-15 15:58:55
2025-06-15 15:00:00;2025-06-15 17:00:00;DK1;Solar;647,817932;906,057495;702,076233;502,748322;361,581238;2025-06-15 14:58:55;2025-06-15 16:58:55
2025-06-15 16:00:00;2025-06-15 18:00:00;DK1;Solar;408,917511;522,122925;429,163757;305,949585;269,765839;2025-06-15 15:58:57;2025-06-15 17:58:57
2025-06-15 17:00:00;2025-06-15 19:00:00;DK1;Solar;233,945007;258,108765;230,574997;189,204590;203,421249;2025-06-15 16:58:55;2025-06-15 18:58:55
2025-06-15 18:00:00;2025-06-15 20:00:00;DK1;Solar;113,072083;109,422501;90,109169;94,862083;115,448753;2025-06-15 17:58:55;2025-06-15 19:58:55
2025-06-15 19:00:00;2025-06-15 21:00:00;DK1;Solar;28,217916;24,674999;26,360416;31,344999;25,922083;2025-06-15 18:58:55;2025-06-15 20:58:55
2025-06-15 20:00:00;2025-06-15 22:00:00;DK1;Solar;1,721667;1,471250;1,670000;1,855000;0,047917;2025-06-15 19:58:55;2025-06-15 21:58:55
2025-06-15 21:00:00;2025-06-15 23:00:00;DK1;Solar;0,021250;0,012500;0,014167;0,002083;0,236250;2025-06-15 20:58:55;2025-06-15 22:58:55
2025-06-15 22:00:00;2025-06-16 00:00:00;DK1;Solar;0,010000;0,044583;0,010000;0,064167;0,044583;2025-06-15 21:58:57;2025-06-15 23:58:57
2025-06-15 23:00:00;2025-06-16 01:00:00;DK1;Solar;0,016667;0,058333;0,003750;0,017500;0,058333;2025-06-15 22:58:55;2025-06-16 00:58:55
2025-06-16 00:00:00;2025-06-16 02:00:00;DK1;Solar;0,010000;0,058333;0,002917;0,015833;0,058333;2025-06-15 23:58:55;2025-06-16 01:58:55
2025-06-16 01:00:00;2025-06-16 03:00:00;DK1;Solar;0,083750;0,101667;0,054167;0,070833;0,101667;2025-06-16 00:58:55;2025-06-16 02:58:55
2025-06-16 02:00:00;2025-06-16 04:00:00;DK1;Solar;3,235000;3,132500;2,968333;3,130417;3,132500;2025-06-16 01:58:55;2025-06-16 03:58:55
2025-06-16 03:00:00;2025-06-16 05:00:00;DK1;Solar;183,860413;174,809586;176,043747;178,444168;174,809586;2025-06-16 02:59:11;2025-06-16 04:59:11
2025-06-16 04:00:00;2025-06-16 06:00:00;DK1;Solar;603,223328;422,591248;605,371643;611,526672;422,591248;2025-06-16 03:59:11;2025-06-16 05:59:11
2025-06-16 05:00:00;2025-06-16 07:00:00;DK1;Solar;980,135803;615,280396;1009,171265;940,332092;615,280396;2025-06-16 04:59:12;2025-06-16 06:59:12
2025-06-16 06:00:00;2025-06-16 08:00:00;DK1;Solar;1382,724976;896,160828;1435,539551;1311,323364;896,160828;2025-06-16 05:59:11;2025-06-16 07:59:11
2025-06-16 07:00:00;2025-06-16 09:00:00;DK1;Solar;1627,907959;1643,851196;1779,804565;1643,851196;1182,329956;2025-06-16 06:59:11;2025-06-16 08:59:11
2025-06-16 08:00:00;2025-06-16 10:00:00;DK1;Solar;1657,060059;1887,553711;1876,029175;1730,900879;1184,464966;2025-06-16 07:59:13;2025-06-16 09:59:13
2025-06-16 09:00:00;2025-06-16 11:00:00;DK1;Solar;1720,462524;1851,843384;1824,507446;1674,606201;1212,362915;2025-06-16 08:59:12;2025-06-16 10:59:12
2025-06-16 10:00:00;2025-06-16 12:00:00;DK1;Solar;1705,337891;1725,823364;1702,711304;1573,665894;1103,127441;2025-06-16 09:59:11;2025-06-16 11:59:11
2025-06-16 11:00:00;2025-06-16 13:00:00;DK1;Solar;1806,328369;1791,928711;1791,928711;1654,902100;1317,764160;2025-06-16 10:59:16;2025-06-16 12:59:16
2025-06-16 12:00:00;2025-06-16 14:00:00;DK1;Solar;1726,443359;1686,202026;1686,202026;1599,277954;1206,323730;2025-06-16 11:59:13;2025-06-16 13:59:13
2025-06-16 13:00:00;2025-06-16 15:00:00;DK1;Solar;1645,362549;1610,988281;1672,567871;1666,234131;1162,142944;2025-06-16 12:59:13;2025-06-16 14:59:13
2025-06-16 14:00:00;2025-06-16 16:00:00;DK1;Solar;1640,058350;1683,826294;1681,415894;1525,300781;1044,870361;2025-06-16 13:59:13;2025-06-16 15:59:13
2025-06-16 15:00:00;2025-06-16 17:00:00;DK1;Solar;1220,910400;1241,558716;1247,808350;1039,650024;762,657471;2025-06-16 14:59:13;2025-06-16 16:59:13
2025-06-16 16:00:00;2025-06-16 18:00:00;DK1;Solar;727,433777;730,847473;756,039185;622,906677;433,679169;2025-06-16 15:59:14;2025-06-16 17:59:14
2025-06-16 17:00:00;2025-06-16 19:00:00;DK1;Solar;367,376251;363,565002;384,836243;300,048737;251,390839;2025-06-16 16:59:12;2025-06-16 18:59:12
2025-06-16 18:00:00;2025-06-16 20:00:00;DK1;Solar;150,144577;150,696671;156,498337;122,273331;85,191254;2025-06-16 17:59:12;2025-06-16 19:59:12
2025-06-16 19:00:00;2025-06-16 21:00:00;DK1;Solar;33,384167;33,465000;33,563332;15,207500;6,737083;2025-06-16 18:59:11;2025-06-16 20:59:11
2025-06-16 20:00:00;2025-06-16 22:00:00;DK1;Solar;1,939583;1,931250;1,872083;0,010833;0,045417;2025-06-16 19:59:11;2025-06-16 21:59:11
2025-06-16 21:00:00;2025-06-16 23:00:00;DK1;Solar;0,017500;0,014167;0,017917;0,000000;0,257083;2025-06-16 20:59:11;2025-06-16 22:59:11
2025-06-16 22:00:00;2025-06-17 00:00:00;DK1;Solar;0,010000;0,057500;0,010000;0,066667;0,057500;2025-06-16 21:59:11;2025-06-16 23:59:11
2025-06-16 23:00:00;2025-06-17 01:00:00;DK1;Solar;0,019583;0,056250;0,013750;0,018750;0,056250;2025-06-16 22:59:11;2025-06-17 00:59:11
2025-06-17 00:00:00;2025-06-17 02:00:00;DK1;Solar;0,022500;0,065000;0,027500;0,025417;0,065000;2025-06-16 23:59:11;2025-06-17 01:59:11
2025-06-17 01:00:00;2025-06-17 03:00:00;DK1;Solar;0,080000;0,117917;0,073750;0,084167;0,117917;2025-06-17 00:59:11;2025-06-17 02:59:11
2025-06-17 02:00:00;2025-06-17 04:00:00;DK1;Solar;3,368750;3,416667;3,295417;3,280417;3,416667;2025-06-17 01:59:11;2025-06-17 03:59:11
2025-06-17 03:00:00;2025-06-17 05:00:00;DK1;Solar;164,762085;173,799576;170,740829;176,917496;173,799576;2025-06-17 02:58:29;2025-06-17 04:58:29
2025-06-17 04:00:00;2025-06-17 06:00:00;DK1;Solar;525,153748;366,358337;553,267090;542,699158;366,358337;2025-06-17 03:58:29;2025-06-17 05:58:29
2025-06-17 05:00:00;2025-06-17 07:00:00;DK1;Solar;842,499146;532,310425;888,916260;818,700012;532,310425;2025-06-17 04:58:29;2025-06-17 06:58:29
2025-06-17 06:00:00;2025-06-17 08:00:00;DK1;Solar;1188,284546;814,865845;1240,684204;1139,353394;814,865845;2025-06-17 05:58:30;2025-06-17 07:58:30
2025-06-17 07:00:00;2025-06-17 09:00:00;DK1;Solar;1466,541626;1365,871216;1498,892090;1365,871216;997,157471;2025-06-17 06:58:29;2025-06-17 08:58:29
2025-06-17 08:00:00;2025-06-17 10:00:00;DK1;Solar;1655,452515;1706,938354;1696,024536;1583,498291;1318,796631;2025-06-17 07:58:30;2025-06-17 09:58:30
2025-06-17 09:00:00;2025-06-17 11:00:00;DK1;Solar;1557,239136;1452,202881;1427,806274;1342,211670;1194,302124;2025-06-17 08:58:30;2025-06-17 10:58:30
2025-06-17 10:00:00;2025-06-17 12:00:00;DK1;Solar;1584,853394;1444,661255;1444,661255;1405,599976;1284,081299;2025-06-17 09:58:29;2025-06-17 11:58:29
2025-06-17 11:00:00;2025-06-17 13:00:00;DK1;Solar;1503,578369;1326,118286;1326,118286;1248,569580;1079,540894;2025-06-17 10:58:31;2025-06-17 12:58:31
2025-06-17 12:00:00;2025-06-17 14:00:00;DK1;Solar;1391,764526;1239,271240;1239,271240;1162,037476;1293,058350;2025-06-17 11:58:39;2025-06-17 13:58:39
2025-06-17 13:00:00;2025-06-17 15:00:00;DK1;Solar;1323,947876;1223,108276;1191,738770;1201,107056;1184,253296;2025-06-17 12:58:32;2025-06-17 14:58:32
2025-06-17 14:00:00;2025-06-17 16:00:00;DK1;Solar;1335,613281;1594,848755;1627,131226;1478,179565;1362,377930;2025-06-17 13:58:30;2025-06-17 15:58:30
2025-06-17 15:00:00;2025-06-17 17:00:00;DK1;Solar;960,064148;1201,305786;1206,781616;1132,908325;1214,727539;2025-06-17 14:58:29;2025-06-17 16:58:29
2025-06-17 16:00:00;2025-06-17 18:00:00;DK1;Solar;559,016663;714,141235;676,195007;719,724976;888,414978;2025-06-17 15:58:29;2025-06-17 17:58:29
2025-06-17 17:00:00;2025-06-17 19:00:00;DK1;Solar;290,495819;343,454590;330,447906;401,036255;398,167908;2025-06-17 16:58:30;2025-06-17 18:58:30
2025-06-17 18:00:00;2025-06-17 20:00:00;DK1;Solar;119,816666;129,915421;130,621674;145,633331;171,353745;2025-06-17 17:58:29;2025-06-17 19:58:29
2025-06-17 19:00:00;2025-06-17 21:00:00;DK1;Solar;26,081249;25,337917;28,354166;38,657501;28,672916;2025-06-17 18:58:29;2025-06-17 20:58:29
2025-06-17 20:00:00;2025-06-17 22:00:00;DK1;Solar;1,506667;1,414167;1,681667;1,656667;0,672917;2025-06-17 19:58:29;2025-06-17 21:58:29
2025-06-17 21:00:00;2025-06-17 23:00:00;DK1;Solar;0,013333;0,042500;0,029583;0,000000;4,413333;2025-06-17 20:58:30;2025-06-17 22:58:30
2025-06-17 22:00:00;2025-06-18 00:00:00;DK1;Solar;0,020000;2,278333;0,020417;1,150000;2,278333;2025-06-17 21:58:29;2025-06-17 23:58:29
2025-06-17 23:00:00;2025-06-18 01:00:00;DK1;Solar;0,021250;2,522083;0,020000;0,597500;2,522083;2025-06-17 22:58:29;2025-06-18 00:58:29
2025-06-18 00:00:00;2025-06-18 02:00:00;DK1;Solar;0,035417;1,953333;0,028333;0,664583;1,953333;2025-06-17 23:58:29;2025-06-18 01:58:29
2025-06-18 01:00:00;2025-06-18 03:00:00;DK1;Solar;0,050833;1,808750;0,060833;0,567083;1,808750;2025-06-18 00:58:30;2025-06-18 02:58:30
2025-06-18 02:00:00;2025-06-18 04:00:00;DK1;Solar;2,510833;6,383333;2,879583;3,415417;6,383333;2025-06-18 01:58:31;2025-06-18 03:58:31
2025-06-18 03:00:00;2025-06-18 05:00:00;DK1;Solar;132,092087;146,643326;141,527084;143,546661;146,643326;2025-06-18 02:59:22;2025-06-18 04:59:22
2025-06-18 04:00:00;2025-06-18 06:00:00;DK1;Solar;426,418335;335,026245;448,517914;458,146667;335,026245;2025-06-18 03:59:21;2025-06-18 05:59:21
2025-06-18 05:00:00;2025-06-18 07:00:00;DK1;Solar;741,674194;595,785400;825,034180;814,786255;595,785400;2025-06-18 04:59:21;2025-06-18 06:59:21
2025-06-18 06:00:00;2025-06-18 08:00:00;DK1;Solar;1061,602051;1014,975403;1299,286621;1204,867065;1014,975403;2025-06-18 05:59:21;2025-06-18 07:59:21
2025-06-18 07:00:00;2025-06-18 09:00:00;DK1;Solar;1333,096680;1568,159180;1638,451294;1568,159180;1232,403809;2025-06-18 06:59:21;2025-06-18 08:59:21
2025-06-18 08:00:00;2025-06-18 10:00:00;DK1;Solar;1594,395874;1858,135864;1853,191284;1753,850830;1402,413696;2025-06-18 07:59:20;2025-06-18 09:59:20
2025-06-18 09:00:00;2025-06-18 11:00:00;DK1;Solar;1723,075439;1786,336670;1775,046631;1638,444214;1530,996216;2025-06-18 08:59:20;2025-06-18 10:59:20
2025-06-18 10:00:00;2025-06-18 12:00:00;DK1;Solar;1669,207886;1579,240845;1579,240845;1478,022095;1336,797119;2025-06-18 09:59:21;2025-06-18 11:59:21
2025-06-18 11:00:00;2025-06-18 13:00:00;DK1;Solar;1701,573364;1403,537476;1403,537476;1334,687500;1254,646240;2025-06-18 10:59:35;2025-06-18 12:59:35
2025-06-18 12:00:00;2025-06-18 14:00:00;DK1;Solar;1677,550049;1359,585815;1359,585815;1338,914551;1189,647461;2025-06-18 11:59:21;2025-06-18 13:59:21
2025-06-18 13:00:00;2025-06-18 15:00:00;DK1;Solar;1592,322144;1246,224609;1280,355469;1227,295410;1080,868774;2025-06-18 13:00:10;2025-06-18 15:00:10
2025-06-18 14:00:00;2025-06-18 16:00:00;DK1;Solar;1469,080444;1370,246704;1400,258301;1304,916626;1302,313721;2025-06-18 13:59:22;2025-06-18 15:59:22
2025-06-18 15:00:00;2025-06-18 17:00:00;DK1;Solar;1179,244629;1132,804565;1147,297974;1087,042114;1054,598755;2025-06-18 14:59:21;2025-06-18 16:59:21
2025-06-18 16:00:00;2025-06-18 18:00:00;DK1;Solar;741,563354;702,253723;673,769165;692,333740;787,752502;2025-06-18 15:59:21;2025-06-18 17:59:21
2025-06-18 17:00:00;2025-06-18 19:00:00;DK1;Solar;390,668762;373,086243;369,022919;400,822906;567,612915;2025-06-18 16:59:21;2025-06-18 18:59:21
2025-06-18 18:00:00;2025-06-18 20:00:00;DK1;Solar;161,382919;163,380417;160,527084;211,012085;257,420837;2025-06-18 17:59:21;2025-06-18 19:59:21
2025-06-18 19:00:00;2025-06-18 21:00:00;DK1;Solar;34,273750;35,922085;35,862499;60,240833;58,645000;2025-06-18 18:59:21;2025-06-18 20:59:21
2025-06-18 20:00:00;2025-06-18 22:00:00;DK1;Solar;1,927083;1,987917;2,021667;7,886667;6,637084;2025-06-18 19:59:22;2025-06-18 21:59:22
2025-06-18 21:00:00;2025-06-18 23:00:00;DK1;Solar;0,026250;0,014583;0,024583;1,147917;3,885000;2025-06-18 20:59:21;2025-06-18 22:59:21
2025-06-18 22:00:00;2025-06-19 00:00:00;DK1;Solar;0,021667;4,620833;0,012083;1,014583;4,620833;2025-06-18 21:59:21;2025-06-18 23:59:21
2025-06-18 23:00:00;2025-06-19 01:00:00;DK1;Solar;0,020000;3,690000;0,032083;1,205000;3,690000;2025-06-18 22:59:20;2025-06-19 00:59:20
2025-06-19 00:00:00;2025-06-19 02:00:00;DK1;Solar;0,024167;6,697917;0,027083;0,968333;6,697917;2025-06-18 23:59:21;2025-06-19 01:59:21
2025-06-19 01:00:00;2025-06-19 03:00:00;DK1;Solar;0,059583;5,922917;0,063750;1,799167;5,922917;2025-06-19 00:59:20;2025-06-19 02:59:20
2025-06-19 02:00:00;2025-06-19 04:00:00;DK1;Solar;3,190417;9,904583;3,235417;4,734167;9,904583;2025-06-19 01:59:20;2025-06-19 03:59:20
2025-06-19 03:00:00;2025-06-19 05:00:00;DK1;Solar;167,079163;183,887924;178,953751;179,503326;183,887924;2025-06-19 02:58:47;2025-06-19 04:58:47
2025-06-19 04:00:00;2025-06-19 06:00:00;DK1;Solar;561,472473;468,696259;602,392517;615,816223;468,696259;2025-06-19 03:58:47;2025-06-19 05:58:47
2025-06-19 05:00:00;2025-06-19 07:00:00;DK1;Solar;970,810852;787,354187;1030,260010;1002,497498;787,354187;2025-06-19 04:58:47;2025-06-19 06:58:47
2025-06-19 06:00:00;2025-06-19 08:00:00;DK1;Solar;1404,848755;1160,849609;1501,193726;1441,601685;1160,849609;2025-06-19 05:58:47;2025-06-19 07:58:47
2025-06-19 07:00:00;2025-06-19 09:00:00;DK1;Solar;1532,737549;1561,208740;1649,175781;1561,208740;1267,212524;2025-06-19 06:58:48;2025-06-19 08:58:48
2025-06-19 08:00:00;2025-06-19 10:00:00;DK1;Solar;1283,634644;1282,298706;1284,657104;1181,957886;945,375854;2025-06-19 07:58:48;2025-06-19 09:58:48
2025-06-19 09:00:00;2025-06-19 11:00:00;DK1;Solar;1183,488281;1181,519531;1188,113281;1100,039551;1045,355835;2025-06-19 08:58:49;2025-06-19 10:58:49
2025-06-19 10:00:00;2025-06-19 12:00:00;DK1;Solar;1221,623291;1215,611694;1215,611694;1188,347900;1134,181274;2025-06-19 09:58:47;2025-06-19 11:58:47
2025-06-19 11:00:00;2025-06-19 13:00:00;DK1;Solar;1198,626221;1185,582886;1185,582886;1193,998779;1103,952515;2025-06-19 10:58:48;2025-06-19 12:58:48
2025-06-19 12:00:00;2025-06-19 14:00:00;DK1;Solar;1131,925049;1126,035400;1126,035400;1129,826660;1122,471680;2025-06-19 11:59:01;2025-06-19 13:59:01
2025-06-19 13:00:00;2025-06-19 15:00:00;DK1;Solar;1092,069946;1075,960815;1086,115845;1054,034180;896,406677;2025-06-19 12:58:49;2025-06-19 14:58:49
2025-06-19 14:00:00;2025-06-19 16:00:00;DK1;Solar;998,943359;1005,032471;984,202942;940,637939;903,335388;2025-06-19 13:58:49;2025-06-19 15:58:49
2025-06-19 15:00:00;2025-06-19 17:00:00;DK1;Solar;1154,931641;1230,035400;1157,979980;1080,571289;1059,679565;2025-06-19 14:58:47;2025-06-19 16:58:47
2025-06-19 16:00:00;2025-06-19 18:00:00;DK1;Solar;770,498352;805,524170;737,707092;715,022095;870,872925;2025-06-19 15:58:47;2025-06-19 17:58:47
2025-06-19 17:00:00;2025-06-19 19:00:00;DK1;Solar;402,400421;413,593750;384,349152;417,828735;541,733337;2025-06-19 16:58:49;2025-06-19 18:58:49
2025-06-19 18:00:00;2025-06-19 20:00:00;DK1;Solar;169,604584;171,595413;161,147507;205,024582;238,182495;2025-06-19 17:58:49;2025-06-19 19:58:49
2025-06-19 19:00:00;2025-06-19 21:00:00;DK1;Solar;38,048752;37,777916;36,992085;55,776249;64,888748;2025-06-19 18:58:48;2025-06-19 20:58:48
2025-06-19 20:00:00;2025-06-19 22:00:00;DK1;Solar;2,181250;2,097500;2,092500;9,325417;12,998333;2025-06-19 19:58:47;2025-06-19 21:58:47
2025-06-19 21:00:00;2025-06-19 23:00:00;DK1;Solar;0,097500;0,005417;0,016250;2,858333;3,752083;2025-06-19 20:58:47;2025-06-19 22:58:47
2025-06-19 22:00:00;2025-06-20 00:00:00;DK1;Solar;0,012083;3,811667;0,012083;0,982083;3,811667;2025-06-19 21:58:47;2025-06-19 23:58:47
2025-06-19 23:00:00;2025-06-20 01:00:00;DK1;Solar;0,020000;2,866667;0,019583;0,996250;2,866667;2025-06-19 22:58:47;2025-06-20 00:58:47
2025-06-20 00:00:00;2025-06-20 02:00:00;DK1;Solar;0,011667;2,724583;0,010000;0,756250;2,724583;2025-06-19 23:58:49;2025-06-20 01:58:49
2025-06-20 01:00:00;2025-06-20 03:00:00;DK1;Solar;0,090833;2,253750;0,076250;0,784583;2,253750;2025-06-20 00:58:48;2025-06-20 02:58:48
2025-06-20 02:00:00;2025-06-20 04:00:00;DK1;Solar;4,059166;5,119167;3,926250;4,508750;5,119167;2025-06-20 01:58:48;2025-06-20 03:58:48
2025-06-20 03:00:00;2025-06-20 05:00:00;DK1;Solar;193,570831;210,724579;210,337494;210,252914;210,724579;2025-06-20 02:58:30;2025-06-20 04:58:30
2025-06-20 04:00:00;2025-06-20 06:00:00;DK1;Solar;622,362915;496,160004;685,868347;684,684570;496,160004;2025-06-20 03:58:31;2025-06-20 05:58:31
2025-06-20 05:00:00;2025-06-20 07:00:00;DK1;Solar;993,064148;792,432922;1100,298340;1050,397095;792,432922;2025-06-20 04:58:30;2025-06-20 06:58:30
2025-06-20 06:00:00;2025-06-20 08:00:00;DK1;Solar;1397,021606;1255,781250;1557,227905;1473,896240;1255,781250;2025-06-20 05:58:30;2025-06-20 07:58:30
2025-06-20 07:00:00;2025-06-20 09:00:00;DK1;Solar;1716,767944;1831,059570;1907,441650;1831,059570;1631,857056;2025-06-20 06:58:32;2025-06-20 08:58:32
2025-06-20 08:00:00;2025-06-20 10:00:00;DK1;Solar;1905,569580;2109,552002;2110,816650;2037,367920;1878,308350;2025-06-20 07:58:31;2025-06-20 09:58:31
2025-06-20 09:00:00;2025-06-20 11:00:00;DK1;Solar;1965,316650;2175,880371;2170,471191;2112,450928;2027,059204;2025-06-20 08:58:31;2025-06-20 10:58:31
2025-06-20 10:00:00;2025-06-20 12:00:00;DK1;Solar;1827,024536;2036,109619;2031,159180;1998,203369;1949,175049;2025-06-20 09:58:30;2025-06-20 11:58:30
2025-06-20 11:00:00;2025-06-20 13:00:00;DK1;Solar;1638,690430;1709,819214;1709,819214;1686,203369;1570,249634;2025-06-20 10:58:33;2025-06-20 12:58:33
2025-06-20 12:00:00;2025-06-20 14:00:00;DK1;Solar;1654,810059;1725,915405;1725,915405;1669,795044;1541,061646;2025-06-20 11:58:36;2025-06-20 13:58:36
2025-06-20 13:00:00;2025-06-20 15:00:00;DK1;Solar;1689,253784;1881,936646;1882,080811;1688,292969;1599,306274;2025-06-20 12:58:33;2025-06-20 14:58:33
2025-06-20 14:00:00;2025-06-20 16:00:00;DK1;Solar;1656,112549;1819,314209;1818,872559;1624,833374;1577,352905;2025-06-20 13:58:32;2025-06-20 15:58:32
2025-06-20 15:00:00;2025-06-20 17:00:00;DK1;Solar;1235,770386;1345,556641;1344,889160;1210,792480;1396,070435;2025-06-20 14:58:31;2025-06-20 16:58:31
2025-06-20 16:00:00;2025-06-20 18:00:00;DK1;Solar;757,288330;812,817932;802,705444;821,033752;964,313721;2025-06-20 15:58:30;2025-06-20 17:58:30
2025-06-20 17:00:00;2025-06-20 19:00:00;DK1;Solar;389,173737;411,165405;396,472076;451,123322;564,503357;2025-06-20 16:58:30;2025-06-20 18:58:30
2025-06-20 18:00:00;2025-06-20 20:00:00;DK1;Solar;162,918747;168,559174;161,621246;207,519577;233,452499;2025-06-20 17:58:30;2025-06-20 19:58:30
2025-06-20 19:00:00;2025-06-20 21:00:00;DK1;Solar;36,721668;36,213333;35,635834;53,019165;60,517918;2025-06-20 18:58:31;2025-06-20 20:58:31
2025-06-20 20:00:00;2025-06-20 22:00:00;DK1;Solar;2,106250;2,014167;1,990000;8,385000;7,482083;2025-06-20 19:58:32;2025-06-20 21:58:32
2025-06-20 21:00:00;2025-06-20 23:00:00;DK1;Solar;0,028750;0,014583;0,012917;1,437917;1,395000;2025-06-20 20:58:32;2025-06-20 22:58:32
2025-06-20 22:00:00;2025-06-21 00:00:00;DK1;Solar;0,011250;1,474583;0,019583;0,362083;1,474583;2025-06-20 21:58:30;2025-06-20 23:58:30
2025-06-20 23:00:00;2025-06-21 01:00:00;DK1;Solar;0,020000;2,350000;0,020000;0,389583;2,350000;2025-06-20 22:58:32;2025-06-21 00:58:32
2025-06-21 00:00:00;2025-06-21 02:00:00;DK1;Solar;0,011250;2,400417;0,018750;0,613750;2,400417;2025-06-20 23:58:34;2025-06-21 01:58:34
2025-06-21 01:00:00;2025-06-21 03:00:00;DK1;Solar;0,049167;2,225000;0,065833;0,685417;2,225000;2025-06-21 00:58:31;2025-06-21 02:58:31
2025-06-21 02:00:00;2025-06-21 04:00:00;DK1;Solar;3,040000;5,622500;3,145000;3,756250;5,622500;2025-06-21 01:58:35;2025-06-21 03:58:35
2025-06-21 03:00:00;2025-06-21 05:00:00;DK1;Solar;181,377914;187,830826;189,536667;186,377090;187,830826;2025-06-21 02:58:28;2025-06-21 04:58:28
2025-06-21 04:00:00;2025-06-21 06:00:00;DK1;Solar;592,080811;465,880829;626,804993;623,250000;465,880829;2025-06-21 03:58:27;2025-06-21 05:58:27
2025-06-21 05:00:00;2025-06-21 07:00:00;DK1;Solar;977,453308;721,019165;1019,296692;973,203308;721,019165;2025-06-21 04:58:28;2025-06-21 06:58:28
2025-06-21 06:00:00;2025-06-21 08:00:00;DK1;Solar;1380,578735;1058,609131;1448,583374;1370,192505;1058,609131;2025-06-21 05:58:27;2025-06-21 07:58:27
2025-06-21 07:00:00;2025-06-21 09:00:00;DK1;Solar;1707,073730;1628,302124;1795,905396;1628,302124;1335,249146;2025-06-21 06:58:28;2025-06-21 08:58:28
2025-06-21 08:00:00;2025-06-21 10:00:00;DK1;Solar;1815,402954;1786,012939;1795,846680;1683,845459;1518,914185;2025-06-21 07:58:29;2025-06-21 09:58:29
2025-06-21 09:00:00;2025-06-21 11:00:00;DK1;Solar;1771,543701;1284,415405;1302,605835;1210,690796;1118,471191;2025-06-21 08:58:27;2025-06-21 10:58:27
2025-06-21 10:00:00;2025-06-21 12:00:00;DK1;Solar;1719,801636;1212,139160;1232,267090;1168,282959;1272,882080;2025-06-21 09:58:28;2025-06-21 11:58:28
2025-06-21 11:00:00;2025-06-21 13:00:00;DK1;Solar;1720,595459;1190,149536;1190,149536;1206,992065;1132,932129;2025-06-21 10:58:29;2025-06-21 12:58:29
2025-06-21 12:00:00;2025-06-21 14:00:00;DK1;Solar;1670,736694;1157,312500;1157,312500;1139,123291;1131,139160;2025-06-21 11:58:49;2025-06-21 13:58:49
2025-06-21 13:00:00;2025-06-21 15:00:00;DK1;Solar;1603,222900;1149,767944;1149,287109;1129,385864;1095,178711;2025-06-21 12:58:29;2025-06-21 14:58:29
2025-06-21 14:00:00;2025-06-21 16:00:00;DK1;Solar;1671,923340;1600,339966;1599,613770;1411,061646;1650,079956;2025-06-21 13:58:28;2025-06-21 15:58:28
2025-06-21 15:00:00;2025-06-21 17:00:00;DK1;Solar;1311,023315;1327,319946;1327,338745;1301,048340;1232,280029;2025-06-21 14:58:27;2025-06-21 16:58:27
2025-06-21 16:00:00;2025-06-21 18:00:00;DK1;Solar;790,917908;800,419556;732,852905;741,911255;908,015808;2025-06-21 15:58:27;2025-06-21 17:58:27
2025-06-21 17:00:00;2025-06-21 19:00:00;DK1;Solar;403,811249;404,522491;381,282928;430,037506;555,380005;2025-06-21 16:58:28;2025-06-21 18:58:28
2025-06-21 18:00:00;2025-06-21 20:00:00;DK1;Solar;165,762497;167,727081;161,142914;207,308746;235,174164;2025-06-21 17:58:27;2025-06-21 19:58:27
2025-06-21 19:00:00;2025-06-21 21:00:00;DK1;Solar;36,270832;36,331665;36,429165;53,764168;47,265835;2025-06-21 18:58:27;2025-06-21 20:58:27
2025-06-21 20:00:00;2025-06-21 22:00:00;DK1;Solar;2,059583;2,015000;2,071250;4,903750;3,219167;2025-06-21 19:58:28;2025-06-21 21:58:28
2025-06-21 21:00:00;2025-06-21 23:00:00;DK1;Solar;0,048750;0,016667;0,017500;0,310000;0,281250;2025-06-21 20:58:28;2025-06-21 22:58:28
2025-06-21 22:00:00;2025-06-22 00:00:00;DK1;Solar;0,011250;0,012083;0,012500;0,074583;0,012083;2025-06-21 21:58:27;2025-06-21 23:58:27
2025-06-21 23:00:00;2025-06-22 01:00:00;DK1;Solar;0,027500;0,010000;0,027500;0,005000;0,010000;2025-06-21 22:58:27;2025-06-22 00:58:27
2025-06-22 00:00:00;2025-06-22 02:00:00;DK1;Solar;0,014583;0,012083;0,020000;0,006250;0,012083;2025-06-21 23:58:28;2025-06-22 01:58:28
2025-06-22 01:00:00;2025-06-22 03:00:00;DK1;Solar;0,059167;0,058333;0,065000;0,061250;0,058333;2025-06-22 00:58:27;2025-06-22 02:58:27
2025-06-22 02:00:00;2025-06-22 04:00:00;DK1;Solar;3,187917;4,116250;3,278750;3,240417;4,116250;2025-06-22 01:58:28;2025-06-22 03:58:28
2025-06-22 03:00:00;2025-06-22 05:00:00;DK1;Solar;173,881256;176,023331;175,978745;175,160004;176,023331;2025-06-22 02:59:08;2025-06-22 04:59:08
2025-06-22 04:00:00;2025-06-22 06:00:00;DK1;Solar;560,991272;436,834595;609,482483;574,420837;436,834595;2025-06-22 03:59:08;2025-06-22 05:59:08
2025-06-22 05:00:00;2025-06-22 07:00:00;DK1;Solar;906,088745;647,560852;961,969604;871,320435;647,560852;2025-06-22 04:59:07;2025-06-22 06:59:07
2025-06-22 06:00:00;2025-06-22 08:00:00;DK1;Solar;1174,103394;906,987061;1177,038696;1102,376221;906,987061;2025-06-22 05:59:07;2025-06-22 07:59:07
2025-06-22 07:00:00;2025-06-22 09:00:00;DK1;Solar;1347,692871;1183,932495;1280,954224;1183,932495;1030,050049;2025-06-22 06:59:07;2025-06-22 08:59:07
2025-06-22 08:00:00;2025-06-22 10:00:00;DK1;Solar;1401,060425;917,684570;959,306274;860,663757;825,872498;2025-06-22 07:59:06;2025-06-22 09:59:06
2025-06-22 09:00:00;2025-06-22 11:00:00;DK1;Solar;1441,037476;974,442078;998,700806;977,049561;905,519592;2025-06-22 08:59:06;2025-06-22 10:59:06
2025-06-22 10:00:00;2025-06-22 12:00:00;DK1;Solar;1426,199585;982,110840;986,679993;977,082947;849,958313;2025-06-22 09:59:07;2025-06-22 11:59:07
2025-06-22 11:00:00;2025-06-22 13:00:00;DK1;Solar;1272,299194;813,950806;813,950806;781,047058;671,075012;2025-06-22 10:59:07;2025-06-22 12:59:07
2025-06-22 12:00:00;2025-06-22 14:00:00;DK1;Solar;961,512512;619,645813;619,645813;602,942932;426,447906;2025-06-22 11:59:09;2025-06-22 13:59:09
2025-06-22 13:00:00;2025-06-22 15:00:00;DK1;Solar;702,422058;487,201660;470,370819;434,562927;312,855408;2025-06-22 12:59:09;2025-06-22 14:59:09
2025-06-22 14:00:00;2025-06-22 16:00:00;DK1;Solar;634,500854;366,262085;334,429596;315,237488;326,195007;2025-06-22 13:59:07;2025-06-22 15:59:07
2025-06-22 15:00:00;2025-06-22 17:00:00;DK1;Solar;478,958740;389,253326;336,428345;350,025848;419,780823;2025-06-22 14:59:06;2025-06-22 16:59:06
2025-06-22 16:00:00;2025-06-22 18:00:00;DK1;Solar;373,559174;364,261261;309,642487;350,625000;442,571655;2025-06-22 15:59:07;2025-06-22 17:59:07
2025-06-22 17:00:00;2025-06-22 19:00:00;DK1;Solar;219,032089;204,385834;192,684586;210,323334;178,573746;2025-06-22 16:59:06;2025-06-22 18:59:06
2025-06-22 18:00:00;2025-06-22 20:00:00;DK1;Solar;101,216667;99,071663;92,323753;91,068336;81,745834;2025-06-22 17:59:07;2025-06-22 19:59:07
2025-06-22 19:00:00;2025-06-22 21:00:00;DK1;Solar;27,573750;26,162083;25,160833;20,806667;41,610416;2025-06-22 18:59:06;2025-06-22 20:59:06
2025-06-22 20:00:00;2025-06-22 22:00:00;DK1;Solar;1,911667;1,717917;1,638750;6,157084;9,700833;2025-06-22 19:59:07;2025-06-22 21:59:07
2025-06-22 21:00:00;2025-06-22 23:00:00;DK1;Solar;0,064583;0,035417;0,020000;2,197083;0,342500;2025-06-22 20:59:07;2025-06-22 22:59:07
2025-06-22 22:00:00;2025-06-23 00:00:00;DK1;Solar;0,010417;0,832917;0,012500;0,093333;0,832917;2025-06-22 21:59:07;2025-06-22 23:59:07
2025-06-22 23:00:00;2025-06-23 01:00:00;DK1;Solar;0,028750;1,586250;0,043333;0,235417;1,586250;2025-06-22 22:59:06;2025-06-23 00:59:06
2025-06-23 00:00:00;2025-06-23 02:00:00;DK1;Solar;0,020833;0,900833;0,015833;0,420000;0,900833;2025-06-22 23:59:06;2025-06-23 01:59:06
2025-06-23 01:00:00;2025-06-23 03:00:00;DK1;Solar;0,037917;2,261250;0,068750;0,308750;2,261250;2025-06-23 00:59:06;2025-06-23 02:59:06
2025-06-23 02:00:00;2025-06-23 04:00:00;DK1;Solar;1,650000;6,067500;1,858750;2,446667;6,067500;2025-06-23 01:59:06;2025-06-23 03:59:06
2025-06-23 03:00:00;2025-06-23 05:00:00;DK1;Solar;73,470413;86,365417;82,675835;84,724586;86,365417;2025-06-23 02:59:09;2025-06-23 04:59:09
2025-06-23 04:00:00;2025-06-23 06:00:00;DK1;Solar;237,632080;208,366257;233,768753;268,415009;208,366257;2025-06-23 03:59:11;2025-06-23 05:59:11
2025-06-23 05:00:00;2025-06-23 07:00:00;DK1;Solar;383,827087;303,600403;397,294159;416,208740;303,600403;2025-06-23 04:59:08;2025-06-23 06:59:08
2025-06-23 06:00:00;2025-06-23 08:00:00;DK1;Solar;653,456238;475,165833;625,037109;601,533752;475,165833;2025-06-23 05:59:08;2025-06-23 07:59:08
2025-06-23 07:00:00;2025-06-23 09:00:00;DK1;Solar;997,866638;779,529602;882,137085;779,529602;711,547913;2025-06-23 06:59:08;2025-06-23 08:59:08
2025-06-23 08:00:00;2025-06-23 10:00:00;DK1;Solar;1064,317505;633,645020;680,940002;606,449585;531,501221;2025-06-23 07:59:10;2025-06-23 09:59:10
2025-06-23 09:00:00;2025-06-23 11:00:00;DK1;Solar;925,553772;418,560425;510,321259;408,688751;384,350006;2025-06-23 08:59:08;2025-06-23 10:59:08
2025-06-23 10:00:00;2025-06-23 12:00:00;DK1;Solar;744,225830;536,413757;623,810852;513,866272;670,191650;2025-06-23 09:59:09;2025-06-23 11:59:09
2025-06-23 11:00:00;2025-06-23 13:00:00;DK1;Solar;714,745422;608,007080;608,007080;635,361267;747,583313;2025-06-23 10:59:09;2025-06-23 12:59:09
2025-06-23 12:00:00;2025-06-23 14:00:00;DK1;Solar;904,027527;752,502930;752,502930;832,394165;851,207947;2025-06-23 11:59:10;2025-06-23 13:59:10
2025-06-23 13:00:00;2025-06-23 15:00:00;DK1;Solar;963,132935;779,673340;762,242065;787,897522;764,321228;2025-06-23 12:59:09;2025-06-23 14:59:09
2025-06-23 14:00:00;2025-06-23 16:00:00;DK1;Solar;938,065002;725,897888;683,140015;662,700012;633,558350;2025-06-23 13:59:13;2025-06-23 15:59:13
2025-06-23 15:00:00;2025-06-23 17:00:00;DK1;Solar;705,220398;503,304993;472,767487;504,678345;596,216248;2025-06-23 14:59:08;2025-06-23 16:59:08
2025-06-23 16:00:00;2025-06-23 18:00:00;DK1;Solar;470,607910;385,721252;391,536652;422,006256;547,462524;2025-06-23 15:59:08;2025-06-23 17:59:08
2025-06-23 17:00:00;2025-06-23 19:00:00;DK1;Solar;270,129578;291,372498;271,860840;326,093323;389,107910;2025-06-23 16:59:11;2025-06-23 18:59:11
2025-06-23 18:00:00;2025-06-23 20:00:00;DK1;Solar;106,866669;116,088753;109,723335;136,195831;159,960419;2025-06-23 17:59:10;2025-06-23 19:59:10
2025-06-23 19:00:00;2025-06-23 21:00:00;DK1;Solar;23,282917;24,254583;23,885834;34,695000;56,375000;2025-06-23 18:59:09;2025-06-23 20:59:09
2025-06-23 20:00:00;2025-06-23 22:00:00;DK1;Solar;1,368333;1,442500;1,402500;9,981667;11,424583;2025-06-23 19:59:08;2025-06-23 21:59:08
2025-06-23 21:00:00;2025-06-23 23:00:00;DK1;Solar;0,035000;0,015833;0,021250;2,663333;7,554167;2025-06-23 20:59:10;2025-06-23 22:59:10
2025-06-23 22:00:00;2025-06-24 00:00:00;DK1;Solar;0,020000;7,626250;0,025833;1,972917;7,626250;2025-06-23 21:59:09;2025-06-23 23:59:09
2025-06-23 23:00:00;2025-06-24 01:00:00;DK1;Solar;0,019583;7,636667;0,011250;1,994167;7,636667;2025-06-23 22:59:08;2025-06-24 00:59:08
2025-06-24 00:00:00;2025-06-24 02:00:00;DK1;Solar;0,010000;6,934583;0,008750;1,997917;6,934583;2025-06-23 23:59:08;2025-06-24 01:59:08
2025-06-24 01:00:00;2025-06-24 03:00:00;DK1;Solar;0,047083;7,030000;0,045000;1,846250;7,030000;2025-06-24 00:59:09;2025-06-24 02:59:09
2025-06-24 02:00:00;2025-06-24 04:00:00;DK1;Solar;2,102500;9,793333;2,215833;4,343750;9,793333;2025-06-24 01:59:08;2025-06-24 03:59:08
2025-06-24 03:00:00;2025-06-24 05:00:00;DK1;Solar;108,191666;136,755829;116,992081;132,481674;136,755829;2025-06-24 02:59:03;2025-06-24 04:59:03
2025-06-24 04:00:00;2025-06-24 06:00:00;DK1;Solar;379,037079;297,932495;406,761261;438,276672;297,932495;2025-06-24 03:59:01;2025-06-24 05:59:01
2025-06-24 05:00:00;2025-06-24 07:00:00;DK1;Solar;594,008728;508,330414;676,810852;658,934570;508,330414;2025-06-24 04:59:03;2025-06-24 06:59:03
2025-06-24 06:00:00;2025-06-24 08:00:00;DK1;Solar;826,527100;659,946655;921,373352;863,150818;659,946655;2025-06-24 05:59:02;2025-06-24 07:59:02
2025-06-24 07:00:00;2025-06-24 09:00:00;DK1;Solar;927,902100;799,941650;833,927063;799,941650;547,483765;2025-06-24 06:59:02;2025-06-24 08:59:02
2025-06-24 08:00:00;2025-06-24 10:00:00;DK1;Solar;1012,837097;967,737061;912,579163;882,431641;711,107910;2025-06-24 07:59:04;2025-06-24 09:59:04
2025-06-24 09:00:00;2025-06-24 11:00:00;DK1;Solar;1100,476685;937,881226;876,364990;890,239197;698,372070;2025-06-24 08:59:03;2025-06-24 10:59:03
2025-06-24 10:00:00;2025-06-24 12:00:00;DK1;Solar;1131,313721;808,707092;807,700806;758,015808;634,128723;2025-06-24 09:59:02;2025-06-24 11:59:02
2025-06-24 11:00:00;2025-06-24 13:00:00;DK1;Solar;1149,362915;751,372498;751,372498;737,726257;756,764587;2025-06-24 10:59:07;2025-06-24 12:59:07
2025-06-24 12:00:00;2025-06-24 14:00:00;DK1;Solar;1033,670044;659,917053;659,917053;724,960815;626,448303;2025-06-24 11:59:07;2025-06-24 13:59:07
2025-06-24 13:00:00;2025-06-24 15:00:00;DK1;Solar;786,227112;540,927490;645,087097;608,078735;612,598755;2025-06-24 12:59:06;2025-06-24 14:59:06
2025-06-24 14:00:00;2025-06-24 16:00:00;DK1;Solar;520,294983;404,981659;496,016235;503,252502;463,787506;2025-06-24 13:59:02;2025-06-24 15:59:02
2025-06-24 15:00:00;2025-06-24 17:00:00;DK1;Solar;337,016663;360,726257;403,013763;421,242493;378,375427;2025-06-24 14:59:02;2025-06-24 16:59:02
2025-06-24 16:00:00;2025-06-24 18:00:00;DK1;Solar;171,884995;173,182922;191,129166;202,202499;200,985413;2025-06-24 15:59:02;2025-06-24 17:59:02
2025-06-24 17:00:00;2025-06-24 19:00:00;DK1;Solar;79,082497;72,349998;82,186668;79,530418;139,990829;2025-06-24 16:59:04;2025-06-24 18:59:04
2025-06-24 18:00:00;2025-06-24 20:00:00;DK1;Solar;33,805416;29,472500;31,706667;45,097500;69,972916;2025-06-24 17:59:03;2025-06-24 19:59:03
2025-06-24 19:00:00;2025-06-24 21:00:00;DK1;Solar;8,732500;7,616250;7,483333;18,240417;34,615833;2025-06-24 18:59:03;2025-06-24 20:59:03
2025-06-24 20:00:00;2025-06-24 22:00:00;DK1;Solar;0,620417;0,548333;0,532917;7,605000;0,636250;2025-06-24 19:59:02;2025-06-24 21:59:02
2025-06-24 21:00:00;2025-06-24 23:00:00;DK1;Solar;0,028333;0,004583;0,020000;0,002083;0,000000;2025-06-24 20:59:04;2025-06-24 22:59:04
2025-06-24 22:00:00;2025-06-25 00:00:00;DK1;Solar;0,010000;0,685000;0,002917;0,000000;0,685000;2025-06-24 21:59:07;2025-06-24 23:59:07
2025-06-24 23:00:00;2025-06-25 01:00:00;DK1;Solar;0,012917;1,064583;0,010000;0,184167;1,064583;2025-06-24 22:59:03;2025-06-25 00:59:03
2025-06-25 00:00:00;2025-06-25 02:00:00;DK1;Solar;0,035417;1,117083;0,032917;0,290000;1,117083;2025-06-24 23:59:02;2025-06-25 01:59:02
2025-06-25 01:00:00;2025-06-25 03:00:00;DK1;Solar;0,048333;1,233333;0,038333;0,328333;1,233333;2025-06-25 00:59:02;2025-06-25 02:59:02
2025-06-25 02:00:00;2025-06-25 04:00:00;DK1;Solar;1,990833;3,724167;2,145000;2,807917;3,724167;2025-06-25 01:59:03;2025-06-25 03:59:03
2025-06-25 03:00:00;2025-06-25 05:00:00;DK1;Solar;118,361252;125,760414;124,036247;124,592087;125,760414;2025-06-25 02:58:30;2025-06-25 04:58:30
2025-06-25 04:00:00;2025-06-25 06:00:00;DK1;Solar;400,573761;301,325012;412,747498;415,226654;301,325012;2025-06-25 03:58:31;2025-06-25 05:58:31
2025-06-25 05:00:00;2025-06-25 07:00:00;DK1;Solar;637,135437;497,121246;666,919189;671,455444;497,121246;2025-06-25 04:58:31;2025-06-25 06:58:31
2025-06-25 06:00:00;2025-06-25 08:00:00;DK1;Solar;926,854553;846,927490;997,683777;964,884155;846,927490;2025-06-25 05:58:31;2025-06-25 07:58:31
2025-06-25 07:00:00;2025-06-25 09:00:00;DK1;Solar;1176,046631;1367,594116;1344,525879;1367,594116;1069,612915;2025-06-25 06:58:31;2025-06-25 08:58:31
2025-06-25 08:00:00;2025-06-25 10:00:00;DK1;Solar;1400,207031;1772,988770;1642,611206;1679,840454;1364,337524;2025-06-25 07:58:30;2025-06-25 09:58:30
2025-06-25 09:00:00;2025-06-25 11:00:00;DK1;Solar;1512,996704;1828,173340;1709,692505;1749,313721;1361,020020;2025-06-25 08:58:32;2025-06-25 10:58:32
2025-06-25 10:00:00;2025-06-25 12:00:00;DK1;Solar;1481,431274;1870,481689;1813,693359;1827,923340;1601,859985;2025-06-25 09:58:32;2025-06-25 11:58:32
2025-06-25 11:00:00;2025-06-25 13:00:00;DK1;Solar;1493,082520;1845,456665;1845,456665;1750,833740;1536,021240;2025-06-25 10:58:32;2025-06-25 12:58:32
2025-06-25 12:00:00;2025-06-25 14:00:00;DK1;Solar;1605,267944;1820,418335;1820,418335;1726,008789;1661,779541;2025-06-25 11:58:33;2025-06-25 13:58:33
2025-06-25 13:00:00;2025-06-25 15:00:00;DK1;Solar;1521,984131;1670,077881;1672,135010;1611,752930;1653,871216;2025-06-25 12:58:34;2025-06-25 14:58:34
2025-06-25 14:00:00;2025-06-25 16:00:00;DK1;Solar;1551,569214;1708,998291;1708,136719;1643,084106;1588,214600;2025-06-25 13:58:31;2025-06-25 15:58:31
2025-06-25 15:00:00;2025-06-25 17:00:00;DK1;Solar;1200,969604;1288,902100;1286,491699;1240,192505;1319,881714;2025-06-25 14:58:30;2025-06-25 16:58:30
2025-06-25 16:00:00;2025-06-25 18:00:00;DK1;Solar;749,224182;795,486267;773,410400;792,059998;923,427490;2025-06-25 15:58:30;2025-06-25 17:58:30
2025-06-25 17:00:00;2025-06-25 19:00:00;DK1;Solar;402,243347;411,657501;402,877502;442,489990;584,422485;2025-06-25 16:58:30;2025-06-25 18:58:30
2025-06-25 18:00:00;2025-06-25 20:00:00;DK1;Solar;172,033340;172,297089;169,405838;216,754166;244,062912;2025-06-25 17:58:30;2025-06-25 19:58:30
2025-06-25 19:00:00;2025-06-25 21:00:00;DK1;Solar;38,491665;38,047916;37,840000;56,696251;53,947918;2025-06-25 18:58:30;2025-06-25 20:58:30
2025-06-25 20:00:00;2025-06-25 22:00:00;DK1;Solar;2,181250;2,162083;2,150000;6,414583;6,039166;2025-06-25 19:58:30;2025-06-25 21:58:30
2025-06-25 21:00:00;2025-06-25 23:00:00;DK1;Solar;0,053333;0,019583;0,011250;1,025417;0,871250;2025-06-25 20:58:34;2025-06-25 22:58:34
2025-06-25 22:00:00;2025-06-26 00:00:00;DK1;Solar;0,008750;0,736250;0,010000;0,229583;0,736250;2025-06-25 21:58:32;2025-06-25 23:58:32
2025-06-25 23:00:00;2025-06-26 01:00:00;DK1;Solar;0,022917;0,416250;0,017500;0,198750;0,416250;2025-06-25 22:58:30;2025-06-26 00:58:30
2025-06-26 00:00:00;2025-06-26 02:00:00;DK1;Solar;0,012917;0,060000;0,010000;0,111667;0,060000;2025-06-25 23:58:30;2025-06-26 01:58:30
2025-06-26 01:00:00;2025-06-26 03:00:00;DK1;Solar;0,055833;0,239167;0,053333;0,063333;0,239167;2025-06-26 00:58:30;2025-06-26 02:58:30
2025-06-26 02:00:00;2025-06-26 04:00:00;DK1;Solar;3,104167;3,037083;3,136667;3,131667;3,037083;2025-06-26 01:58:30;2025-06-26 03:58:30
2025-06-26 03:00:00;2025-06-26 05:00:00;DK1;Solar;176,437500;184,513748;181,091660;182,997910;184,513748;2025-06-26 02:58:29;2025-06-26 04:58:29
2025-06-26 04:00:00;2025-06-26 06:00:00;DK1;Solar;596,050842;485,903748;610,757935;623,635803;485,903748;2025-06-26 03:58:30;2025-06-26 05:58:30
2025-06-26 05:00:00;2025-06-26 07:00:00;DK1;Solar;956,632080;743,385437;981,719971;940,211670;743,385437;2025-06-26 04:58:29;2025-06-26 06:58:29
2025-06-26 06:00:00;2025-06-26 08:00:00;DK1;Solar;1318,283325;1050,913696;1346,401245;1294,303345;1050,913696;2025-06-26 05:58:29;2025-06-26 07:58:29
2025-06-26 07:00:00;2025-06-26 09:00:00;DK1;Solar;1558,671631;1606,542480;1638,538696;1606,542480;1344,430786;2025-06-26 06:58:28;2025-06-26 08:58:28
2025-06-26 08:00:00;2025-06-26 10:00:00;DK1;Solar;1657,994141;1845,629150;1765,551270;1756,492920;1515,116211;2025-06-26 07:58:28;2025-06-26 09:58:28
2025-06-26 09:00:00;2025-06-26 11:00:00;DK1;Solar;1656,011230;1813,964966;1762,724976;1720,828735;1581,458374;2025-06-26 08:58:28;2025-06-26 10:58:28
2025-06-26 10:00:00;2025-06-26 12:00:00;DK1;Solar;1587,106689;1592,824585;1645,834106;1567,512451;1452,399536;2025-06-26 09:58:28;2025-06-26 11:58:28
2025-06-26 11:00:00;2025-06-26 13:00:00;DK1;Solar;1410,404541;1305,400024;1305,400024;1150,967041;1076,193726;2025-06-26 10:58:29;2025-06-26 12:58:29
2025-06-26 12:00:00;2025-06-26 14:00:00;DK1;Solar;1091,971191;1003,900818;1003,900818;847,160400;850,285400;2025-06-26 11:58:29;2025-06-26 13:58:29
2025-06-26 13:00:00;2025-06-26 15:00:00;DK1;Solar;822,007507;711,765015;628,751221;604,785828;557,770020;2025-06-26 12:58:29;2025-06-26 14:58:29
2025-06-26 14:00:00;2025-06-26 16:00:00;DK1;Solar;617,583740;450,555847;386,708740;357,674591;356,062927;2025-06-26 13:58:30;2025-06-26 15:58:30
2025-06-26 15:00:00;2025-06-26 17:00:00;DK1;Solar;385,217926;268,286255;228,007080;222,000839;216,218338;2025-06-26 14:58:28;2025-06-26 16:58:28
2025-06-26 16:00:00;2025-06-26 18:00:00;DK1;Solar;211,977081;143,787918;125,914581;120,869583;112,037498;2025-06-26 15:58:28;2025-06-26 17:58:28
2025-06-26 17:00:00;2025-06-26 19:00:00;DK1;Solar;120,091667;67,616669;56,227917;55,197083;86,616669;2025-06-26 16:58:28;2025-06-26 18:58:28
2025-06-26 18:00:00;2025-06-26 20:00:00;DK1;Solar;58,623749;28,613750;24,037083;32,177502;61,897499;2025-06-26 17:58:29;2025-06-26 19:58:29
2025-06-26 19:00:00;2025-06-26 21:00:00;DK1;Solar;15,562500;8,163333;7,712917;17,771667;17,645000;2025-06-26 18:58:28;2025-06-26 20:58:28
2025-06-26 20:00:00;2025-06-26 22:00:00;DK1;Solar;1,018333;0,603333;0,590417;3,125000;1,885417;2025-06-26 19:58:29;2025-06-26 21:58:29
2025-06-26 21:00:00;2025-06-26 23:00:00;DK1;Solar;0,058333;0,030000;0,017500;0,343750;3,260833;2025-06-26 20:58:28;2025-06-26 22:58:28
2025-06-26 22:00:00;2025-06-27 00:00:00;DK1;Solar;0,010000;4,825417;0,010000;0,859583;4,825417;2025-06-26 21:58:28;2025-06-26 23:58:28
2025-06-26 23:00:00;2025-06-27 01:00:00;DK1;Solar;0,010000;5,010833;0,010000;1,262917;5,010833;2025-06-26 22:58:28;2025-06-27 00:58:28
2025-06-27 00:00:00;2025-06-27 02:00:00;DK1;Solar;0,010000;7,762917;0,010000;1,305417;7,762917;2025-06-26 23:58:28;2025-06-27 01:58:28
2025-06-27 01:00:00;2025-06-27 03:00:00;DK1;Solar;0,024167;4,680833;0,035000;2,041250;4,680833;2025-06-27 00:58:28;2025-06-27 02:58:28
2025-06-27 02:00:00;2025-06-27 04:00:00;DK1;Solar;1,412083;6,020000;1,573333;2,674167;6,020000;2025-06-27 01:58:28;2025-06-27 03:58:28
2025-06-27 03:00:00;2025-06-27 05:00:00;DK1;Solar;97,184586;100,088333;99,469170;100,489586;100,088333;2025-06-27 02:58:56;2025-06-27 04:58:56
2025-06-27 04:00:00;2025-06-27 06:00:00;DK1;Solar;430,714996;284,335419;372,084595;375,675842;284,335419;2025-06-27 03:58:56;2025-06-27 05:58:56
2025-06-27 05:00:00;2025-06-27 07:00:00;DK1;Solar;863,235413;491,364166;709,913330;625,209595;491,364166;2025-06-27 04:58:58;2025-06-27 06:58:58
2025-06-27 06:00:00;2025-06-27 08:00:00;DK1;Solar;1360,026245;918,542053;1135,301270;1051,611694;918,542053;2025-06-27 05:58:56;2025-06-27 07:58:56
2025-06-27 07:00:00;2025-06-27 09:00:00;DK1;Solar;1700,354126;1455,414185;1509,468384;1455,414185;1160,371216;2025-06-27 06:58:56;2025-06-27 08:58:56
2025-06-27 08:00:00;2025-06-27 10:00:00;DK1;Solar;1848,163330;1761,222900;1803,821289;1672,227539;1361,308716;2025-06-27 07:58:57;2025-06-27 09:58:57
2025-06-27 09:00:00;2025-06-27 11:00:00;DK1;Solar;1960,040894;1881,830811;1924,190430;1740,092041;1643,255859;2025-06-27 08:58:56;2025-06-27 10:58:56
2025-06-27 10:00:00;2025-06-27 12:00:00;DK1;Solar;2042,185425;1962,768311;2002,468750;1934,243774;1876,233765;2025-06-27 09:58:57;2025-06-27 11:58:57
2025-06-27 11:00:00;2025-06-27 13:00:00;DK1;Solar;2045,681641;1980,545044;1980,545044;1939,012939;1777,949585;2025-06-27 10:58:57;2025-06-27 12:58:57
2025-06-27 12:00:00;2025-06-27 14:00:00;DK1;Solar;2014,022461;1906,371216;1906,371216;1827,802490;1593,581299;2025-06-27 11:59:01;2025-06-27 13:59:01
2025-06-27 13:00:00;2025-06-27 15:00:00;DK1;Solar;1836,217529;1734,782959;1743,448364;1609,432861;1512,757446;2025-06-27 12:58:58;2025-06-27 14:58:58
2025-06-27 14:00:00;2025-06-27 16:00:00;DK1;Solar;1540,548340;1557,382080;1555,780884;1417,072876;1193,789185;2025-06-27 13:58:56;2025-06-27 15:58:56
2025-06-27 15:00:00;2025-06-27 17:00:00;DK1;Solar;1094,936279;1186,205444;1175,724609;1066,202881;1074,525391;2025-06-27 14:58:56;2025-06-27 16:58:56
2025-06-27 16:00:00;2025-06-27 18:00:00;DK1;Solar;631,586670;670,597900;671,162476;636,223328;748,777893;2025-06-27 15:58:56;2025-06-27 17:58:56
2025-06-27 17:00:00;2025-06-27 19:00:00;DK1;Solar;318,766235;318,904999;324,840424;338,737488;446,416656;2025-06-27 16:58:56;2025-06-27 18:58:56
2025-06-27 18:00:00;2025-06-27 20:00:00;DK1;Solar;128,452499;122,118332;128,879166;158,117920;195,257080;2025-06-27 17:58:56;2025-06-27 19:58:56
2025-06-27 19:00:00;2025-06-27 21:00:00;DK1;Solar;27,871250;25,392084;25,992500;45,429585;59,627083;2025-06-27 18:58:57;2025-06-27 20:58:57
2025-06-27 20:00:00;2025-06-27 22:00:00;DK1;Solar;1,622500;1,470833;1,456667;9,975833;4,232083;2025-06-27 19:58:56;2025-06-27 21:58:56
2025-06-27 21:00:00;2025-06-27 23:00:00;DK1;Solar;0,054583;0,007500;0,022500;0,722917;5,097084;2025-06-27 20:58:57;2025-06-27 22:58:57
2025-06-27 22:00:00;2025-06-28 00:00:00;DK1;Solar;0,016250;5,097500;0,020000;1,336667;5,097500;2025-06-27 21:58:56;2025-06-27 23:58:56
2025-06-27 23:00:00;2025-06-28 01:00:00;DK1;Solar;0,010000;4,539583;0,019583;1,330000;4,539583;2025-06-27 22:58:56;2025-06-28 00:58:56
2025-06-28 00:00:00;2025-06-28 02:00:00;DK1;Solar;0,019583;3,754583;0,010000;1,182500;3,754583;2025-06-27 23:58:56;2025-06-28 01:58:56
2025-06-28 01:00:00;2025-06-28 03:00:00;DK1;Solar;0,026250;3,532083;0,022083;0,998750;3,532083;2025-06-28 00:58:56;2025-06-28 02:58:56
2025-06-28 02:00:00;2025-06-28 04:00:00;DK1;Solar;0,765417;5,472917;0,715417;1,651667;5,472917;2025-06-28 01:58:56;2025-06-28 03:58:56
2025-06-28 03:00:00;2025-06-28 05:00:00;DK1;Solar;47,947498;49,201248;47,124168;46,628750;49,201248;2025-06-28 02:59:19;2025-06-28 04:59:19
2025-06-28 04:00:00;2025-06-28 06:00:00;DK1;Solar;201,822495;204,399582;224,506256;239,167496;204,399582;2025-06-28 03:59:19;2025-06-28 05:59:19
2025-06-28 05:00:00;2025-06-28 07:00:00;DK1;Solar;366,134155;404,739990;497,835419;474,422913;404,739990;2025-06-28 04:59:19;2025-06-28 06:59:19
2025-06-28 06:00:00;2025-06-28 08:00:00;DK1;Solar;561,630859;648,224976;786,243774;758,835815;648,224976;2025-06-28 05:59:20;2025-06-28 07:59:20
2025-06-28 07:00:00;2025-06-28 09:00:00;DK1;Solar;773,588318;788,753723;854,050415;788,753723;672,762512;2025-06-28 06:59:19;2025-06-28 08:59:19
2025-06-28 08:00:00;2025-06-28 10:00:00;DK1;Solar;853,338318;904,281250;880,191223;864,877075;872,731689;2025-06-28 07:59:19;2025-06-28 09:59:19
2025-06-28 09:00:00;2025-06-28 11:00:00;DK1;Solar;927,239563;801,859558;801,125854;786,317932;759,868774;2025-06-28 08:59:19;2025-06-28 10:59:19
2025-06-28 10:00:00;2025-06-28 12:00:00;DK1;Solar;943,715820;656,740845;652,015015;655,260437;613,312927;2025-06-28 09:59:20;2025-06-28 11:59:20
2025-06-28 11:00:00;2025-06-28 13:00:00;DK1;Solar;888,076660;567,297485;567,297485;561,573730;512,615845;2025-06-28 10:59:20;2025-06-28 12:59:20
2025-06-28 12:00:00;2025-06-28 14:00:00;DK1;Solar;743,095398;533,156677;533,156677;554,644165;542,858337;2025-06-28 11:59:26;2025-06-28 13:59:26
2025-06-28 13:00:00;2025-06-28 15:00:00;DK1;Solar;715,686279;546,754150;606,330811;527,509583;540,419556;2025-06-28 12:59:22;2025-06-28 14:59:22
2025-06-28 14:00:00;2025-06-28 16:00:00;DK1;Solar;671,500000;508,637085;545,305847;450,302917;455,165833;2025-06-28 13:59:19;2025-06-28 15:59:19
2025-06-28 15:00:00;2025-06-28 17:00:00;DK1;Solar;559,561279;589,500000;609,877502;422,641663;359,959595;2025-06-28 14:59:19;2025-06-28 16:59:19
2025-06-28 16:00:00;2025-06-28 18:00:00;DK1;Solar;342,719574;388,825836;367,660828;253,043747;192,025421;2025-06-28 15:59:19;2025-06-28 17:59:19
2025-06-28 17:00:00;2025-06-28 19:00:00;DK1;Solar;183,277496;207,135834;149,441254;112,256248;94,649582;2025-06-28 16:59:19;2025-06-28 18:59:19
2025-06-28 18:00:00;2025-06-28 20:00:00;DK1;Solar;86,764580;85,335419;57,657917;45,775417;73,080414;2025-06-28 17:59:20;2025-06-28 19:59:20
2025-06-28 19:00:00;2025-06-28 21:00:00;DK1;Solar;21,726667;16,814583;13,897500;19,177917;31,049166;2025-06-28 18:59:19;2025-06-28 20:59:19
2025-06-28 20:00:00;2025-06-28 22:00:00;DK1;Solar;1,370417;0,920417;0,987500;5,242500;11,350833;2025-06-28 19:59:20;2025-06-28 21:59:20
2025-06-28 21:00:00;2025-06-28 23:00:00;DK1;Solar;0,048750;0,004583;0,022083;2,689583;3,964583;2025-06-28 20:59:19;2025-06-28 22:59:19
2025-06-28 22:00:00;2025-06-29 00:00:00;DK1;Solar;0,012083;5,957083;0,015833;1,045417;5,957083;2025-06-28 21:59:19;2025-06-28 23:59:19
2025-06-28 23:00:00;2025-06-29 01:00:00;DK1;Solar;0,010000;7,306250;0,008333;1,555000;7,306250;2025-06-28 22:59:19;2025-06-29 00:59:19
2025-06-29 00:00:00;2025-06-29 02:00:00;DK1;Solar;0,010000;6,409584;0,016667;1,917083;6,409584;2025-06-28 23:59:20;2025-06-29 01:59:20
2025-06-29 01:00:00;2025-06-29 03:00:00;DK1;Solar;0,062500;5,211667;0,045833;1,711250;5,211667;2025-06-29 00:59:19;2025-06-29 02:59:19
2025-06-29 02:00:00;2025-06-29 04:00:00;DK1;Solar;2,787083;8,053333;2,323333;3,665000;8,053333;2025-06-29 01:59:19;2025-06-29 03:59:19
2025-06-29 03:00:00;2025-06-29 05:00:00;DK1;Solar;159,346252;143,937912;145,036255;140,849579;143,937912;2025-06-29 02:59:18;2025-06-29 04:59:18
2025-06-29 04:00:00;2025-06-29 06:00:00;DK1;Solar;596,712524;430,660828;547,852478;558,099609;430,660828;2025-06-29 03:59:18;2025-06-29 05:59:18
2025-06-29 05:00:00;2025-06-29 07:00:00;DK1;Solar;989,225403;708,281250;929,808777;925,519165;708,281250;2025-06-29 04:59:18;2025-06-29 06:59:18
2025-06-29 06:00:00;2025-06-29 08:00:00;DK1;Solar;1415,839966;1171,162476;1406,089111;1349,847534;1171,162476;2025-06-29 05:59:18;2025-06-29 07:59:18
2025-06-29 07:00:00;2025-06-29 09:00:00;DK1;Solar;1611,340820;1543,559570;1608,168701;1543,559570;1349,360474;2025-06-29 06:59:18;2025-06-29 08:59:18
2025-06-29 08:00:00;2025-06-29 10:00:00;DK1;Solar;1749,287476;1705,912964;1716,962036;1638,262085;1459,949585;2025-06-29 07:59:18;2025-06-29 09:59:18
2025-06-29 09:00:00;2025-06-29 11:00:00;DK1;Solar;1813,931641;1512,909546;1525,346191;1445,987061;1332,530396;2025-06-29 08:59:18;2025-06-29 10:59:18
2025-06-29 10:00:00;2025-06-29 12:00:00;DK1;Solar;1751,718384;1207,814575;1219,000000;1160,489624;987,058777;2025-06-29 09:59:19;2025-06-29 11:59:19
2025-06-29 11:00:00;2025-06-29 13:00:00;DK1;Solar;1749,160400;1184,058716;1184,058716;1109,909546;1049,016235;2025-06-29 10:59:19;2025-06-29 12:59:19
2025-06-29 12:00:00;2025-06-29 14:00:00;DK1;Solar;1686,102539;1152,534546;1152,534546;1105,640381;1036,467041;2025-06-29 11:59:18;2025-06-29 13:59:18
2025-06-29 13:00:00;2025-06-29 15:00:00;DK1;Solar;1601,645386;1086,471191;1086,969971;1059,305420;988,685852;2025-06-29 12:59:19;2025-06-29 14:59:19
2025-06-29 14:00:00;2025-06-29 16:00:00;DK1;Solar;1518,358276;1106,259155;1104,469971;1017,227478;938,153748;2025-06-29 13:59:21;2025-06-29 15:59:21
2025-06-29 15:00:00;2025-06-29 17:00:00;DK1;Solar;1188,455811;1173,156616;1135,269531;1034,150024;992,337891;2025-06-29 14:59:18;2025-06-29 16:59:18
2025-06-29 16:00:00;2025-06-29 18:00:00;DK1;Solar;769,472107;786,537476;720,546692;687,398315;776,897522;2025-06-29 15:59:18;2025-06-29 17:59:18
2025-06-29 17:00:00;2025-06-29 19:00:00;DK1;Solar;394,972931;402,571259;377,469574;407,510406;493,420013;2025-06-29 16:59:19;2025-06-29 18:59:19
2025-06-29 18:00:00;2025-06-29 20:00:00;DK1;Solar;165,859589;167,597916;160,918747;191,657089;224,934586;2025-06-29 17:59:18;2025-06-29 19:59:18
2025-06-29 19:00:00;2025-06-29 21:00:00;DK1;Solar;37,208332;36,973331;36,633751;51,596668;62,585835;2025-06-29 18:59:19;2025-06-29 20:59:19
2025-06-29 20:00:00;2025-06-29 22:00:00;DK1;Solar;2,121250;2,091250;2,056667;8,747916;14,226666;2025-06-29 19:59:19;2025-06-29 21:59:19
2025-06-29 21:00:00;2025-06-29 23:00:00;DK1;Solar;0,025833;0,042083;0,035000;3,174167;5,715833;2025-06-29 20:59:18;2025-06-29 22:59:18
2025-06-29 22:00:00;2025-06-30 00:00:00;DK1;Solar;0,020833;5,872917;0,021250;1,492500;5,872917;2025-06-29 21:59:19;2025-06-29 23:59:19
2025-06-29 23:00:00;2025-06-30 01:00:00;DK1;Solar;0,035000;5,367500;0,044583;1,544167;5,367500;2025-06-29 22:59:19;2025-06-30 00:59:19
2025-06-30 00:00:00;2025-06-30 02:00:00;DK1;Solar;0,015833;0,980000;0,017917;1,408750;0,980000;2025-06-29 23:59:19;2025-06-30 01:59:19
2025-06-30 01:00:00;2025-06-30 03:00:00;DK1;Solar;0,042083;1,407083;0,052917;0,295417;1,407083;2025-06-30 00:59:18;2025-06-30 02:59:18
2025-06-30 02:00:00;2025-06-30 04:00:00;DK1;Solar;2,707500;3,337500;2,713750;3,073750;3,337500;2025-06-30 01:59:20;2025-06-30 03:59:20
2025-06-30 03:00:00;2025-06-30 05:00:00;DK1;Solar;161,011246;167,337494;168,149170;166,155411;167,337494;2025-06-30 02:59:05;2025-06-30 04:59:05
2025-06-30 04:00:00;2025-06-30 06:00:00;DK1;Solar;604,122070;468,117920;633,907104;627,681641;468,117920;2025-06-30 03:59:05;2025-06-30 05:59:05
2025-06-30 05:00:00;2025-06-30 07:00:00;DK1;Solar;993,967102;749,404602;1053,355835;1006,905396;749,404602;2025-06-30 04:59:04;2025-06-30 06:59:04
2025-06-30 06:00:00;2025-06-30 08:00:00;DK1;Solar;1414,629639;1189,923340;1500,884155;1421,100464;1189,923340;2025-06-30 05:59:05;2025-06-30 07:59:05
2025-06-30 07:00:00;2025-06-30 09:00:00;DK1;Solar;1759,073730;1786,655884;1866,139526;1786,655884;1679,328369;2025-06-30 06:59:04;2025-06-30 08:59:04
2025-06-30 08:00:00;2025-06-30 10:00:00;DK1;Solar;1967,351685;2083,755371;2083,573242;2034,768311;2002,107910;2025-06-30 07:59:04;2025-06-30 09:59:04
2025-06-30 09:00:00;2025-06-30 11:00:00;DK1;Solar;2068,875000;2189,122803;2188,554932;2166,855713;2179,559570;2025-06-30 08:59:04;2025-06-30 10:59:04
2025-06-30 10:00:00;2025-06-30 12:00:00;DK1;Solar;2118,625488;2239,298340;2237,893799;2235,110352;2203,815430;2025-06-30 09:59:04;2025-06-30 11:59:04
2025-06-30 11:00:00;2025-06-30 13:00:00;DK1;Solar;2113,677490;2230,004883;2230,004883;2217,891357;2190,311279;2025-06-30 10:59:04;2025-06-30 12:59:04
2025-06-30 12:00:00;2025-06-30 14:00:00;DK1;Solar;2057,972412;2167,826660;2167,826660;2150,396729;2119,724609;2025-06-30 11:59:06;2025-06-30 13:59:06
2025-06-30 13:00:00;2025-06-30 15:00:00;DK1;Solar;1954,718384;2052,948730;2051,840088;2042,172119;2047,363770;2025-06-30 12:59:07;2025-06-30 14:59:07
2025-06-30 14:00:00;2025-06-30 16:00:00;DK1;Solar;1723,312134;1803,407959;1803,765015;1802,350464;1830,053711;2025-06-30 13:59:04;2025-06-30 15:59:04
2025-06-30 15:00:00;2025-06-30 17:00:00;DK1;Solar;1282,685425;1335,844116;1335,874634;1346,200439;1409,537109;2025-06-30 14:59:04;2025-06-30 16:59:04
2025-06-30 16:00:00;2025-06-30 18:00:00;DK1;Solar;780,660400;808,914978;806,623779;833,126648;976,299194;2025-06-30 15:59:05;2025-06-30 17:59:05
2025-06-30 17:00:00;2025-06-30 19:00:00;DK1;Solar;402,745819;412,854584;414,686676;457,621674;574,247070;2025-06-30 16:59:04;2025-06-30 18:59:04
2025-06-30 18:00:00;2025-06-30 20:00:00;DK1;Solar;167,404587;170,148331;171,068329;212,433746;238,207916;2025-06-30 17:59:04;2025-06-30 19:59:04
2025-06-30 19:00:00;2025-06-30 21:00:00;DK1;Solar;36,019165;36,157917;36,261250;53,615833;49,477501;2025-06-30 18:59:04;2025-06-30 20:59:04
2025-06-30 20:00:00;2025-06-30 22:00:00;DK1;Solar;1,973750;1,999583;2,005417;5,475417;4,965000;2025-06-30 19:59:04;2025-06-30 21:59:04
2025-06-30 21:00:00;2025-06-30 23:00:00;DK1;Solar;0,036250;0,017500;0,016667;0,786667;0,392917;2025-06-30 20:59:04;2025-06-30 22:59:04
2025-06-30 22:00:00;2025-07-01 00:00:00;DK1;Solar;0,019583;0,572917;0,018750;0,103750;0,572917;2025-06-30 21:59:04;2025-06-30 23:59:04
2025-06-30 23:00:00;2025-07-01 01:00:00;DK1;Solar;0,020000;0,585833;0,020000;0,161250;0,585833;2025-06-30 22:59:04;2025-07-01 00:59:04
2025-07-01 00:00:00;2025-07-01 02:00:00;DK1;Solar;0,011250;0,573750;0,010417;0,157500;0,573750;2025-06-30 23:59:04;2025-07-01 01:59:04
2025-07-01 01:00:00;2025-07-01 03:00:00;DK1;Solar;0,055417;1,448750;0,053750;0,177917;1,448750;2025-07-01 00:59:06;2025-07-01 02:59:06
2025-07-01 02:00:00;2025-07-01 04:00:00;DK1;Solar;2,335417;3,199167;2,331667;2,671250;3,199167;2025-07-01 01:59:05;2025-07-01 03:59:05
2025-07-01 03:00:00;2025-07-01 05:00:00;DK1;Solar;163,701248;165,944580;163,359161;162,780411;165,944580;2025-07-01 02:59:02;2025-07-01 04:59:02
2025-07-01 04:00:00;2025-07-01 06:00:00;DK1;Solar;648,854980;496,350830;648,330444;647,816223;496,350830;2025-07-01 03:59:02;2025-07-01 05:59:02
2025-07-01 05:00:00;2025-07-01 07:00:00;DK1;Solar;1067,437866;756,030823;1063,704956;1025,975830;756,030823;2025-07-01 04:59:02;2025-07-01 06:59:02
2025-07-01 06:00:00;2025-07-01 08:00:00;DK1;Solar;1503,944946;1198,304565;1503,944946;1421,741211;1198,304565;2025-07-01 05:59:03;2025-07-01 07:59:03
2025-07-01 07:00:00;2025-07-01 09:00:00;DK1;Solar;1843,535400;1751,421265;1832,196289;1751,421265;1577,470459;2025-07-01 06:59:02;2025-07-01 08:59:02
2025-07-01 08:00:00;2025-07-01 10:00:00;DK1;Solar;2042,056274;2041,814209;2035,074585;1975,967896;1876,684570;2025-07-01 07:59:03;2025-07-01 09:59:03
2025-07-01 09:00:00;2025-07-01 11:00:00;DK1;Solar;2140,516357;2140,761963;2137,091553;2096,435303;2030,095459;2025-07-01 08:59:02;2025-07-01 10:59:02
2025-07-01 10:00:00;2025-07-01 12:00:00;DK1;Solar;2199,635498;2189,114258;2190,790771;2167,413330;2171,041260;2025-07-01 09:59:02;2025-07-01 11:59:02
2025-07-01 11:00:00;2025-07-01 13:00:00;DK1;Solar;2196,927002;2198,243652;2198,243652;2192,902832;2204,143311;2025-07-01 10:59:03;2025-07-01 12:59:03
2025-07-01 12:00:00;2025-07-01 14:00:00;DK1;Solar;2141,801758;2146,067383;2146,067383;2150,656982;2167,528809;2025-07-01 11:59:05;2025-07-01 13:59:05
2025-07-01 13:00:00;2025-07-01 15:00:00;DK1;Solar;2053,016602;2053,665527;2057,814209;2055,866699;2069,685791;2025-07-01 12:59:03;2025-07-01 14:59:03
2025-07-01 14:00:00;2025-07-01 16:00:00;DK1;Solar;1800,365356;1800,694946;1803,176636;1803,326294;1819,482056;2025-07-01 13:59:02;2025-07-01 15:59:02
2025-07-01 15:00:00;2025-07-01 17:00:00;DK1;Solar;1331,953369;1328,019531;1329,440796;1339,757935;1290,211304;2025-07-01 14:59:02;2025-07-01 16:59:02
2025-07-01 16:00:00;2025-07-01 18:00:00;DK1;Solar;804,782471;794,677490;795,163330;791,097900;905,008362;2025-07-01 15:59:02;2025-07-01 17:59:02
2025-07-01 17:00:00;2025-07-01 19:00:00;DK1;Solar;406,524597;403,250000;401,540833;432,687927;544,930420;2025-07-01 16:59:02;2025-07-01 18:59:02
2025-07-01 18:00:00;2025-07-01 20:00:00;DK1;Solar;165,299164;165,324585;165,042496;201,988754;222,222076;2025-07-01 17:59:06;2025-07-01 19:59:06
2025-07-01 19:00:00;2025-07-01 21:00:00;DK1;Solar;34,967918;35,014584;35,515835;49,335415;38,968334;2025-07-01 18:54:07;2025-07-01 20:54:07
2025-07-01 20:00:00;2025-07-01 22:00:00;DK1;Solar;1,935000;1,912500;1,951250;2,812083;0,525833;2025-07-01 19:59:03;2025-07-01 21:59:03
2025-07-01 21:00:00;2025-07-01 23:00:00;DK1;Solar;0,024583;0,015417;0,031667;0,002083;2,227083;2025-07-01 20:59:02;2025-07-01 22:59:02
2025-07-01 22:00:00;2025-07-02 00:00:00;DK1;Solar;0,020000;0,005000;0,024583;0,587500;0,005000;2025-07-01 21:59:02;2025-07-01 23:59:02
2025-07-01 23:00:00;2025-07-02 01:00:00;DK1;Solar;0,020417;0,001667;0,020000;0,002083;0,001667;2025-07-01 22:59:02;2025-07-02 00:59:02
2025-07-02 00:00:00;2025-07-02 02:00:00;DK1;Solar;0,028750;0,098750;0,029167;0,012500;0,098750;2025-07-01 23:59:02;2025-07-02 01:59:02
2025-07-02 01:00:00;2025-07-02 03:00:00;DK1;Solar;0,040417;0,041667;0,032500;0,053750;0,041667;2025-07-02 00:59:02;2025-07-02 02:59:02
2025-07-02 02:00:00;2025-07-02 04:00:00;DK1;Solar;2,168750;2,549167;2,103750;2,041667;2,549167;2025-07-02 01:59:02;2025-07-02 03:59:02
2025-07-02 03:00:00;2025-07-02 05:00:00;DK1;Solar;124,287498;129,815414;129,555420;129,949997;129,815414;2025-07-02 02:58:48;2025-07-02 04:58:48
2025-07-02 04:00:00;2025-07-02 06:00:00;DK1;Solar;468,764587;397,035828;493,302094;516,075439;397,035828;2025-07-02 03:58:48;2025-07-02 05:58:48
2025-07-02 05:00:00;2025-07-02 07:00:00;DK1;Solar;842,314575;586,256653;780,212097;782,934570;586,256653;2025-07-02 04:58:48;2025-07-02 06:58:48
2025-07-02 06:00:00;2025-07-02 08:00:00;DK1;Solar;1330,482910;953,363770;1192,819214;1148,186279;953,363770;2025-07-02 05:58:48;2025-07-02 07:58:48
2025-07-02 07:00:00;2025-07-02 09:00:00;DK1;Solar;1713,751709;1410,972046;1459,511719;1410,972046;1232,437500;2025-07-02 06:58:49;2025-07-02 08:58:49
2025-07-02 08:00:00;2025-07-02 10:00:00;DK1;Solar;1992,630005;1615,608276;1592,135010;1551,852905;1326,430420;2025-07-02 07:58:48;2025-07-02 09:58:48
2025-07-02 09:00:00;2025-07-02 11:00:00;DK1;Solar;2112,622559;1754,303711;1727,316650;1655,900391;1484,994629;2025-07-02 08:58:49;2025-07-02 10:58:49
2025-07-02 10:00:00;2025-07-02 12:00:00;DK1;Solar;2132,059082;1877,189209;1877,189209;1736,562134;1687,593750;2025-07-02 09:58:48;2025-07-02 11:58:48
2025-07-02 11:00:00;2025-07-02 13:00:00;DK1;Solar;2020,009644;1734,856201;1734,856201;1569,284180;1345,848389;2025-07-02 10:58:48;2025-07-02 12:58:48
2025-07-02 12:00:00;2025-07-02 14:00:00;DK1;Solar;1909,095459;1549,954956;1549,954956;1438,375000;1271,842529;2025-07-02 11:58:50;2025-07-02 13:58:50
2025-07-02 13:00:00;2025-07-02 15:00:00;DK1;Solar;1830,473389;1412,433716;1524,527954;1462,572144;1330,976685;2025-07-02 12:58:51;2025-07-02 14:58:51
2025-07-02 14:00:00;2025-07-02 16:00:00;DK1;Solar;1448,429565;1253,168335;1405,066284;1332,278809;1309,582886;2025-07-02 13:58:48;2025-07-02 15:58:48
2025-07-02 15:00:00;2025-07-02 17:00:00;DK1;Solar;928,532898;933,322510;990,922913;983,057922;827,065857;2025-07-02 14:58:48;2025-07-02 16:58:48
2025-07-02 16:00:00;2025-07-02 18:00:00;DK1;Solar;487,690430;494,435425;546,582092;508,190430;334,947083;2025-07-02 15:58:49;2025-07-02 17:58:49
2025-07-02 17:00:00;2025-07-02 19:00:00;DK1;Solar;210,875839;234,261246;221,727081;211,169586;5,322500;2025-07-02 16:58:50;2025-07-02 18:58:50
2025-07-02 18:00:00;2025-07-02 20:00:00;DK1;Solar;78,067917;87,074997;80,735420;16,478333;89,264580;2025-07-02 17:58:49;2025-07-02 19:58:49
2025-07-02 19:00:00;2025-07-02 21:00:00;DK1;Solar;16,412916;16,747917;15,133333;19,058750;20,788750;2025-07-02 18:58:48;2025-07-02 20:58:48
2025-07-02 20:00:00;2025-07-02 22:00:00;DK1;Solar;0,942917;0,868750;0,805833;2,457917;0,004583;2025-07-02 19:58:48;2025-07-02 21:58:48
2025-07-02 21:00:00;2025-07-02 23:00:00;DK1;Solar;0,100000;0,035833;0,013333;0,000000;0,630000;2025-07-02 20:58:49;2025-07-02 22:58:49
2025-07-02 22:00:00;2025-07-03 00:00:00;DK1;Solar;0,010000;1,852917;0,010000;0,166667;1,852917;2025-07-02 21:58:49;2025-07-02 23:58:49
2025-07-02 23:00:00;2025-07-03 01:00:00;DK1;Solar;0,012917;1,982917;0,018750;0,491250;1,982917;2025-07-02 22:58:48;2025-07-03 00:58:48
2025-07-03 00:00:00;2025-07-03 02:00:00;DK1;Solar;0,019583;5,116250;0,024167;0,523750;5,116250;2025-07-02 23:58:49;2025-07-03 01:58:49
2025-07-03 01:00:00;2025-07-03 03:00:00;DK1;Solar;0,025417;2,409167;0,024167;1,352500;2,409167;2025-07-03 00:58:49;2025-07-03 02:58:49
2025-07-03 02:00:00;2025-07-03 04:00:00;DK1;Solar;1,802083;8,835834;1,967500;2,599583;8,835834;2025-07-03 01:58:49;2025-07-03 03:58:49
2025-07-03 03:00:00;2025-07-03 05:00:00;DK1;Solar;130,723328;153,922501;141,016251;149,466660;153,922501;2025-07-03 02:58:49;2025-07-03 04:58:49
2025-07-03 04:00:00;2025-07-03 06:00:00;DK1;Solar;549,954163;465,283325;609,471252;614,116272;465,283325;2025-07-03 03:58:48;2025-07-03 05:58:48
2025-07-03 05:00:00;2025-07-03 07:00:00;DK1;Solar;950,357483;636,475830;907,737488;924,568359;636,475830;2025-07-03 04:58:49;2025-07-03 06:58:49
2025-07-03 06:00:00;2025-07-03 08:00:00;DK1;Solar;1424,576294;1029,346191;1393,001221;1305,160400;1029,346191;2025-07-03 05:58:48;2025-07-03 07:58:48
2025-07-03 07:00:00;2025-07-03 09:00:00;DK1;Solar;1682,801270;1524,837524;1612,736694;1524,837524;1226,628296;2025-07-03 06:58:48;2025-07-03 08:58:48
2025-07-03 08:00:00;2025-07-03 10:00:00;DK1;Solar;1788,459961;1651,015015;1650,457031;1544,892090;1178,228760;2025-07-03 07:58:50;2025-07-03 09:58:50
2025-07-03 09:00:00;2025-07-03 11:00:00;DK1;Solar;1961,987549;1893,004639;1893,047119;1619,822144;1503,790405;2025-07-03 08:58:48;2025-07-03 10:58:48
2025-07-03 10:00:00;2025-07-03 12:00:00;DK1;Solar;2093,595459;2026,578735;2026,518799;1749,224976;1580,739990;2025-07-03 09:58:48;2025-07-03 11:58:48
2025-07-03 11:00:00;2025-07-03 13:00:00;DK1;Solar;2081,091553;2007,351685;2007,351685;1805,679199;1671,745850;2025-07-03 10:58:48;2025-07-03 12:58:48
2025-07-03 12:00:00;2025-07-03 14:00:00;DK1;Solar;1980,417480;1907,040894;1869,803711;1798,598755;1564,793335;2025-07-03 11:58:49;2025-07-03 13:58:49
2025-07-03 13:00:00;2025-07-03 15:00:00;DK1;Solar;1895,668335;1821,617554;1648,025024;1730,171631;1546,919556;2025-07-03 12:58:52;2025-07-03 14:58:52
2025-07-03 14:00:00;2025-07-03 16:00:00;DK1;Solar;1743,324219;1643,415039;1498,369141;1544,658325;1219,535034;2025-07-03 13:58:52;2025-07-03 15:58:52
2025-07-03 15:00:00;2025-07-03 17:00:00;DK1;Solar;1289,444580;1275,570435;1206,929565;1079,348389;1189,194946;2025-07-03 14:58:48;2025-07-03 16:58:48
2025-07-03 16:00:00;2025-07-03 18:00:00;DK1;Solar;800,946655;797,660828;773,442505;731,729980;805,900818;2025-07-03 15:58:48;2025-07-03 17:58:48
2025-07-03 17:00:00;2025-07-03 19:00:00;DK1;Solar;413,632507;410,732513;399,997070;410,317078;528,437073;2025-07-03 16:58:48;2025-07-03 18:58:48
2025-07-03 18:00:00;2025-07-03 20:00:00;DK1;Solar;171,002090;169,187912;164,927505;199,384583;250,164581;2025-07-03 17:58:48;2025-07-03 19:58:48
2025-07-03 19:00:00;2025-07-03 21:00:00;DK1;Solar;36,057499;35,459999;35,136665;56,805832;58,655418;2025-07-03 18:58:48;2025-07-03 20:58:48
2025-07-03 20:00:00;2025-07-03 22:00:00;DK1;Solar;1,937500;1,901250;1,920000;8,026250;1,871667;2025-07-03 19:58:48;2025-07-03 21:58:48
2025-07-03 21:00:00;2025-07-03 23:00:00;DK1;Solar;0,027500;0,005833;0,021250;0,018333;1,440000;2025-07-03 20:58:48;2025-07-03 22:58:48
2025-07-03 22:00:00;2025-07-04 00:00:00;DK1;Solar;0,020833;1,294167;0,012917;0,375000;1,294167;2025-07-03 21:58:49;2025-07-03 23:58:49
2025-07-03 23:00:00;2025-07-04 01:00:00;DK1;Solar;0,020000;1,021667;0,010000;0,343333;1,021667;2025-07-03 22:58:48;2025-07-04 00:58:48
2025-07-04 00:00:00;2025-07-04 02:00:00;DK1;Solar;0,011250;1,696250;0,010000;0,277917;1,696250;2025-07-03 23:58:49;2025-07-04 01:58:49
2025-07-04 01:00:00;2025-07-04 03:00:00;DK1;Solar;0,021250;2,960833;0,037500;0,475417;2,960833;2025-07-04 00:58:49;2025-07-04 02:58:49
2025-07-04 02:00:00;2025-07-04 04:00:00;DK1;Solar;1,968333;4,779583;2,002917;2,764583;4,779583;2025-07-04 01:58:48;2025-07-04 03:58:48
2025-07-04 03:00:00;2025-07-04 05:00:00;DK1;Solar;137,500839;136,120834;137,249161;134,179581;136,120834;2025-07-04 02:58:35;2025-07-04 04:58:35
2025-07-04 04:00:00;2025-07-04 06:00:00;DK1;Solar;552,193726;446,456665;575,012512;560,820435;446,456665;2025-07-04 03:58:36;2025-07-04 05:58:36
2025-07-04 05:00:00;2025-07-04 07:00:00;DK1;Solar;863,214172;699,087524;948,575012;924,407104;699,087524;2025-07-04 04:58:36;2025-07-04 06:58:36
2025-07-04 06:00:00;2025-07-04 08:00:00;DK1;Solar;1134,516235;1079,346191;1331,989990;1291,412476;1079,346191;2025-07-04 05:58:37;2025-07-04 07:58:37
2025-07-04 07:00:00;2025-07-04 09:00:00;DK1;Solar;1285,959961;1551,076294;1503,150879;1551,076294;1293,957031;2025-07-04 06:58:37;2025-07-04 08:58:37
2025-07-04 08:00:00;2025-07-04 10:00:00;DK1;Solar;1361,803711;1651,186279;1530,960815;1563,812866;1377,453735;2025-07-04 07:58:36;2025-07-04 09:58:36
2025-07-04 09:00:00;2025-07-04 11:00:00;DK1;Solar;1364,146606;1483,357056;1401,801636;1447,674194;1325,874634;2025-07-04 08:58:35;2025-07-04 10:58:35
2025-07-04 10:00:00;2025-07-04 12:00:00;DK1;Solar;1157,549194;1114,893799;1063,405396;1074,692871;973,605835;2025-07-04 09:58:35;2025-07-04 11:58:35
2025-07-04 11:00:00;2025-07-04 13:00:00;DK1;Solar;1140,552856;833,833313;833,833313;779,237915;636,604980;2025-07-04 10:58:36;2025-07-04 12:58:36
2025-07-04 12:00:00;2025-07-04 14:00:00;DK1;Solar;1095,397095;714,323730;714,323730;671,190430;657,472473;2025-07-04 11:58:36;2025-07-04 13:58:36
2025-07-04 13:00:00;2025-07-04 15:00:00;DK1;Solar;976,268311;599,256226;601,992493;544,371643;646,142944;2025-07-04 12:58:36;2025-07-04 14:58:36
2025-07-04 14:00:00;2025-07-04 16:00:00;DK1;Solar;842,320435;564,953308;572,789978;548,630859;537,952087;2025-07-04 13:58:35;2025-07-04 15:58:35
2025-07-04 15:00:00;2025-07-04 17:00:00;DK1;Solar;495,651672;326,568329;326,876678;310,788757;288,824158;2025-07-04 14:58:35;2025-07-04 16:58:35
2025-07-04 16:00:00;2025-07-04 18:00:00;DK1;Solar;236,703751;171,858749;162,712921;148,617081;351,254578;2025-07-04 15:58:35;2025-07-04 17:58:35
2025-07-04 17:00:00;2025-07-04 19:00:00;DK1;Solar;103,490837;105,254585;86,113335;129,283752;231,643753;2025-07-04 16:58:36;2025-07-04 18:58:36
2025-07-04 18:00:00;2025-07-04 20:00:00;DK1;Solar;40,743332;53,065834;41,325001;76,378754;150,157089;2025-07-04 17:58:37;2025-07-04 19:58:37
2025-07-04 19:00:00;2025-07-04 21:00:00;DK1;Solar;10,165833;13,799583;10,172916;39,821667;62,559166;2025-07-04 18:58:34;2025-07-04 20:58:34
2025-07-04 20:00:00;2025-07-04 22:00:00;DK1;Solar;0,693333;0,899167;0,705000;14,313334;6,787500;2025-07-04 19:58:36;2025-07-04 21:58:36
2025-07-04 21:00:00;2025-07-04 23:00:00;DK1;Solar;0,035000;0,004167;0,017917;1,600000;3,620833;2025-07-04 20:58:35;2025-07-04 22:58:35
2025-07-04 22:00:00;2025-07-05 00:00:00;DK1;Solar;0,011250;6,355417;0,010417;0,943333;6,355417;2025-07-04 21:58:35;2025-07-04 23:58:35
2025-07-04 23:00:00;2025-07-05 01:00:00;DK1;Solar;0,036250;6,999166;0,026667;1,658333;6,999166;2025-07-04 22:58:35;2025-07-05 00:58:35
2025-07-05 00:00:00;2025-07-05 02:00:00;DK1;Solar;0,015000;4,977500;0,017917;1,827083;4,977500;2025-07-04 23:58:36;2025-07-05 01:58:36
2025-07-05 01:00:00;2025-07-05 03:00:00;DK1;Solar;0,010417;7,196667;0,021250;1,312917;7,196667;2025-07-05 00:58:36;2025-07-05 02:58:36
2025-07-05 02:00:00;2025-07-05 04:00:00;DK1;Solar;0,307083;6,638333;0,327083;2,190000;6,638333;2025-07-05 01:58:35;2025-07-05 03:58:35
2025-07-05 03:00:00;2025-07-05 05:00:00;DK1;Solar;20,332083;22,394167;17,156666;17,331667;22,394167;2025-07-05 02:59:24;2025-07-05 04:59:24
2025-07-05 04:00:00;2025-07-05 06:00:00;DK1;Solar;93,268333;75,291252;75,552086;80,822502;75,291252;2025-07-05 03:59:25;2025-07-05 05:59:25
2025-07-05 05:00:00;2025-07-05 07:00:00;DK1;Solar;159,975006;145,241669;141,154999;142,961670;145,241669;2025-07-05 04:59:26;2025-07-05 06:59:26
2025-07-05 06:00:00;2025-07-05 08:00:00;DK1;Solar;243,202911;224,171661;206,276245;207,284576;224,171661;2025-07-05 05:59:25;2025-07-05 07:59:25
2025-07-05 07:00:00;2025-07-05 09:00:00;DK1;Solar;303,568329;252,537506;261,794586;252,537506;265,418762;2025-07-05 06:59:24;2025-07-05 08:59:24
2025-07-05 08:00:00;2025-07-05 10:00:00;DK1;Solar;325,117493;316,578735;326,643738;321,140015;314,519989;2025-07-05 07:59:24;2025-07-05 09:59:24
2025-07-05 09:00:00;2025-07-05 11:00:00;DK1;Solar;421,209595;382,828339;397,112915;383,752502;423,945404;2025-07-05 08:59:24;2025-07-05 10:59:24
2025-07-05 10:00:00;2025-07-05 12:00:00;DK1;Solar;470,378754;408,384155;408,273743;422,215424;474,988342;2025-07-05 09:59:24;2025-07-05 11:59:24
2025-07-05 11:00:00;2025-07-05 13:00:00;DK1;Solar;450,319153;389,405823;389,405823;443,929169;455,409180;2025-07-05 10:59:24;2025-07-05 12:59:24
2025-07-05 12:00:00;2025-07-05 14:00:00;DK1;Solar;382,036652;378,939178;378,939178;402,196259;419,467926;2025-07-05 11:59:24;2025-07-05 13:59:24
2025-07-05 13:00:00;2025-07-05 15:00:00;DK1;Solar;311,643341;370,563751;401,502075;395,619995;412,447510;2025-07-05 12:59:26;2025-07-05 14:59:26
2025-07-05 14:00:00;2025-07-05 16:00:00;DK1;Solar;227,005417;276,769592;287,381256;271,722931;231,860001;2025-07-05 13:59:27;2025-07-05 15:59:27
2025-07-05 15:00:00;2025-07-05 17:00:00;DK1;Solar;226,514587;229,638748;240,333755;211,084579;274,822906;2025-07-05 14:59:24;2025-07-05 16:59:24
2025-07-05 16:00:00;2025-07-05 18:00:00;DK1;Solar;147,243332;157,518326;137,264999;159,455002;264,102081;2025-07-05 15:59:24;2025-07-05 17:59:24
2025-07-05 17:00:00;2025-07-05 19:00:00;DK1;Solar;86,834999;81,618332;77,141670;115,361252;205,555420;2025-07-05 16:59:24;2025-07-05 18:59:24
2025-07-05 18:00:00;2025-07-05 20:00:00;DK1;Solar;45,337917;41,735001;48,903332;77,638748;116,926247;2025-07-05 17:59:25;2025-07-05 19:59:25
2025-07-05 19:00:00;2025-07-05 21:00:00;DK1;Solar;12,681250;11,282500;13,680000;30,972918;37,537918;2025-07-05 18:59:25;2025-07-05 20:59:25
2025-07-05 20:00:00;2025-07-05 22:00:00;DK1;Solar;0,913750;0,755417;0,913750;6,974167;5,432917;2025-07-05 19:59:24;2025-07-05 21:59:24
2025-07-05 21:00:00;2025-07-05 23:00:00;DK1;Solar;0,021250;0,002083;0,010000;1,196667;3,109583;2025-07-05 20:59:24;2025-07-05 22:59:24
2025-07-05 22:00:00;2025-07-06 00:00:00;DK1;Solar;0,010000;3,464583;0,012083;0,817500;3,464583;2025-07-05 21:59:24;2025-07-05 23:59:24
2025-07-05 23:00:00;2025-07-06 01:00:00;DK1;Solar;0,019583;3,133750;0,028333;0,902917;3,133750;2025-07-05 22:59:24;2025-07-06 00:59:24
2025-07-06 00:00:00;2025-07-06 02:00:00;DK1;Solar;0,016667;1,810417;0,013333;0,825000;1,810417;2025-07-05 23:59:24;2025-07-06 01:59:24
2025-07-06 01:00:00;2025-07-06 03:00:00;DK1;Solar;0,029167;1,478750;0,033750;0,504583;1,478750;2025-07-06 00:59:24;2025-07-06 02:59:24
2025-07-06 02:00:00;2025-07-06 04:00:00;DK1;Solar;0,752917;2,249583;0,892083;1,240833;2,249583;2025-07-06 01:59:24;2025-07-06 03:59:24
2025-07-06 03:00:00;2025-07-06 05:00:00;DK1;Solar;51,510418;58,965832;64,268753;59,161667;58,965832;2025-07-06 02:58:57;2025-07-06 04:58:57
2025-07-06 04:00:00;2025-07-06 06:00:00;DK1;Solar;237,290833;208,433334;286,761261;253,772919;208,433334;2025-07-06 03:58:57;2025-07-06 05:58:57
2025-07-06 05:00:00;2025-07-06 07:00:00;DK1;Solar;402,136261;310,134155;450,827911;406,194580;310,134155;2025-07-06 04:58:57;2025-07-06 06:58:57
2025-07-06 06:00:00;2025-07-06 08:00:00;DK1;Solar;592,411682;533,348328;664,473755;604,306274;533,348328;2025-07-06 05:58:57;2025-07-06 07:58:57
2025-07-06 07:00:00;2025-07-06 09:00:00;DK1;Solar;854,560425;871,900818;900,347107;871,900818;784,132507;2025-07-06 06:58:57;2025-07-06 08:58:57
2025-07-06 08:00:00;2025-07-06 10:00:00;DK1;Solar;1142,056641;1174,238770;1147,827515;1143,168701;1028,550415;2025-07-06 07:58:58;2025-07-06 09:58:58
2025-07-06 09:00:00;2025-07-06 11:00:00;DK1;Solar;1260,398315;1338,943726;1266,290405;1273,735474;1180,221680;2025-07-06 08:58:57;2025-07-06 10:58:57
2025-07-06 10:00:00;2025-07-06 12:00:00;DK1;Solar;1300,470459;1473,308716;1391,330811;1405,887085;1228,212891;2025-07-06 09:58:58;2025-07-06 11:58:58
2025-07-06 11:00:00;2025-07-06 13:00:00;DK1;Solar;1360,634644;1562,113281;1562,113281;1513,426270;1252,840820;2025-07-06 10:58:58;2025-07-06 12:58:58
2025-07-06 12:00:00;2025-07-06 14:00:00;DK1;Solar;1369,548340;1490,642944;1490,642944;1443,427124;1413,003784;2025-07-06 11:58:59;2025-07-06 13:58:59
2025-07-06 13:00:00;2025-07-06 15:00:00;DK1;Solar;1259,500854;1434,602905;1437,612549;1479,509155;1373,724609;2025-07-06 12:58:58;2025-07-06 14:58:58
2025-07-06 14:00:00;2025-07-06 16:00:00;DK1;Solar;1074,705811;1266,489990;1263,512451;1350,766235;1177,670776;2025-07-06 13:58:57;2025-07-06 15:58:57
2025-07-06 15:00:00;2025-07-06 17:00:00;DK1;Solar;829,942078;950,271240;954,544189;964,591675;856,737488;2025-07-06 14:58:57;2025-07-06 16:58:57
2025-07-06 16:00:00;2025-07-06 18:00:00;DK1;Solar;518,242493;543,213318;568,767517;547,644592;595,132507;2025-07-06 15:58:57;2025-07-06 17:58:57
2025-07-06 17:00:00;2025-07-06 19:00:00;DK1;Solar;278,014160;253,299164;278,439178;275,938751;274,460846;2025-07-06 16:58:57;2025-07-06 18:58:57
2025-07-06 18:00:00;2025-07-06 20:00:00;DK1;Solar;117,902084;96,537498;103,440002;103,055832;127,317085;2025-07-06 17:58:59;2025-07-06 19:58:59
2025-07-06 19:00:00;2025-07-06 21:00:00;DK1;Solar;25,034584;20,002916;21,467916;26,946251;32,342083;2025-07-06 18:58:57;2025-07-06 20:58:57
2025-07-06 20:00:00;2025-07-06 22:00:00;DK1;Solar;1,403333;1,115417;1,192917;4,168334;1,527500;2025-07-06 19:58:57;2025-07-06 21:58:57
2025-07-06 21:00:00;2025-07-06 23:00:00;DK1;Solar;0,028750;0,020000;0,018750;0,078750;0,244583;2025-07-06 20:58:57;2025-07-06 22:58:57
2025-07-06 22:00:00;2025-07-07 00:00:00;DK1;Solar;0,010000;1,112917;0,026667;0,066667;1,112917;2025-07-06 21:58:58;2025-07-06 23:58:58
2025-07-06 23:00:00;2025-07-07 01:00:00;DK1;Solar;0,010000;0,803750;0,011250;0,300417;0,803750;2025-07-06 22:58:58;2025-07-07 00:58:58
2025-07-07 00:00:00;2025-07-07 02:00:00;DK1;Solar;0,017917;0,940833;0,017083;0,217917;0,940833;2025-07-06 23:58:58;2025-07-07 01:58:58
2025-07-07 01:00:00;2025-07-07 03:00:00;DK1;Solar;0,016667;0,517500;0,016250;0,260833;0,517500;2025-07-07 00:58:58;2025-07-07 02:58:58
2025-07-07 02:00:00;2025-07-07 04:00:00;DK1;Solar;1,073750;1,139583;1,066667;1,251667;1,139583;2025-07-07 01:58:58;2025-07-07 03:58:58
2025-07-07 03:00:00;2025-07-07 05:00:00;DK1;Solar;82,287086;86,789169;83,486664;86,793335;86,789169;2025-07-07 02:59:02;2025-07-07 04:59:02
2025-07-07 04:00:00;2025-07-07 06:00:00;DK1;Solar;372,633759;331,175842;391,438324;417,477081;331,175842;2025-07-07 03:59:01;2025-07-07 05:59:01
2025-07-07 05:00:00;2025-07-07 07:00:00;DK1;Solar;602,907104;507,901672;672,984985;677,353760;507,901672;2025-07-07 04:59:02;2025-07-07 06:59:02
2025-07-07 06:00:00;2025-07-07 08:00:00;DK1;Solar;844,269592;724,606262;944,704163;925,200439;724,606262;2025-07-07 05:59:02;2025-07-07 07:59:02
2025-07-07 07:00:00;2025-07-07 09:00:00;DK1;Solar;1026,620361;1084,857544;1122,807861;1084,857544;965,868774;2025-07-07 06:49:02;2025-07-07 08:49:02
2025-07-07 08:00:00;2025-07-07 10:00:00;DK1;Solar;1159,323364;1330,304565;1306,552124;1295,564575;1159,062500;2025-07-07 07:59:03;2025-07-07 09:59:03
2025-07-07 09:00:00;2025-07-07 11:00:00;DK1;Solar;1291,839111;1387,091309;1360,824585;1427,988281;1259,230835;2025-07-07 08:59:03;2025-07-07 10:59:03
2025-07-07 10:00:00;2025-07-07 12:00:00;DK1;Solar;1370,892456;1396,873779;1373,384644;1438,069946;1248,959961;2025-07-07 09:59:02;2025-07-07 11:59:02
2025-07-07 11:00:00;2025-07-07 13:00:00;DK1;Solar;1418,694946;1370,293335;1370,293335;1413,703369;1312,347900;2025-07-07 10:59:02;2025-07-07 12:59:02
2025-07-07 12:00:00;2025-07-07 14:00:00;DK1;Solar;1354,064209;1330,869141;1330,869141;1324,053711;1241,548340;2025-07-07 11:59:03;2025-07-07 13:59:03
2025-07-07 13:00:00;2025-07-07 15:00:00;DK1;Solar;1283,687500;1303,228394;1349,319946;1325,555054;1340,071655;2025-07-07 12:59:02;2025-07-07 14:59:02
2025-07-07 14:00:00;2025-07-07 16:00:00;DK1;Solar;1159,967529;1151,419556;1167,428711;1142,969116;1064,252930;2025-07-07 13:59:01;2025-07-07 15:59:01
2025-07-07 15:00:00;2025-07-07 17:00:00;DK1;Solar;874,070007;864,087097;875,129150;807,818359;780,517944;2025-07-07 14:59:01;2025-07-07 16:59:01
2025-07-07 16:00:00;2025-07-07 18:00:00;DK1;Solar;502,972076;521,552490;515,637939;488,617920;505,490845;2025-07-07 15:59:01;2025-07-07 17:59:01
2025-07-07 17:00:00;2025-07-07 19:00:00;DK1;Solar;246,821671;269,493347;282,791656;271,828339;325,432922;2025-07-07 16:59:01;2025-07-07 18:59:01
2025-07-07 18:00:00;2025-07-07 20:00:00;DK1;Solar;100,434166;111,087082;123,114166;131,776245;113,982086;2025-07-07 17:49:01;2025-07-07 19:49:01
2025-07-07 19:00:00;2025-07-07 21:00:00;DK1;Solar;20,900417;21,301666;23,119167;22,697500;22,697500;2025-07-07 18:23:25;2025-07-07 20:23:25
2025-07-07 20:00:00;2025-07-07 22:00:00;DK1;Solar;1,205417;1,103333;1,228750;1,185000;3,749167;2025-07-07 19:48:24;2025-07-07 21:48:24
2025-07-07 21:00:00;2025-07-07 23:00:00;DK1;Solar;0,014167;0,000000;0,010000;0,521667;1,112500;2025-07-07 20:58:24;2025-07-07 22:58:24
2025-07-07 22:00:00;2025-07-08 00:00:00;DK1;Solar;0,010000;0,008750;0,015417;0,291667;0,008750;2025-07-07 21:58:25;2025-07-07 23:58:25
2025-07-07 23:00:00;2025-07-08 01:00:00;DK1;Solar;0,010000;0,183750;0,019583;0,002083;0,183750;2025-07-07 22:58:24;2025-07-08 00:58:24
2025-07-08 00:00:00;2025-07-08 02:00:00;DK1;Solar;0,010417;0,125417;0,011250;0,052083;0,125417;2025-07-07 23:58:24;2025-07-08 01:58:24
2025-07-08 01:00:00;2025-07-08 03:00:00;DK1;Solar;0,025000;0,379583;0,022083;0,044583;0,379583;2025-07-08 00:58:24;2025-07-08 02:58:24
2025-07-08 02:00:00;2025-07-08 04:00:00;DK1;Solar;0,816250;2,867917;1,080833;1,191667;2,867917;2025-07-08 01:58:24;2025-07-08 03:58:24
2025-07-08 03:00:00;2025-07-08 05:00:00;DK1;Solar;73,147499;81,140831;80,355835;81,491249;81,140831;2025-07-08 02:58:40;2025-07-08 04:58:40
2025-07-08 04:00:00;2025-07-08 06:00:00;DK1;Solar;373,975403;325,101654;402,732513;399,412506;325,101654;2025-07-08 03:58:40;2025-07-08 05:58:40
2025-07-08 05:00:00;2025-07-08 07:00:00;DK1;Solar;598,065430;472,117493;690,822510;644,109985;472,117493;2025-07-08 04:58:40;2025-07-08 06:58:40
2025-07-08 06:00:00;2025-07-08 08:00:00;DK1;Solar;893,282898;693,184143;910,612488;854,938354;693,184143;2025-07-08 05:58:43;2025-07-08 07:58:43
2025-07-08 07:00:00;2025-07-08 09:00:00;DK1;Solar;1127,309570;1042,272095;1137,729614;1042,272095;938,067932;2025-07-08 06:58:42;2025-07-08 08:58:42
2025-07-08 08:00:00;2025-07-08 10:00:00;DK1;Solar;1262,085449;1265,166260;1315,145020;1225,094116;1109,855469;2025-07-08 07:58:41;2025-07-08 09:58:41
2025-07-08 09:00:00;2025-07-08 11:00:00;DK1;Solar;1254,885010;1300,447510;1332,030884;1261,178711;1278,837524;2025-07-08 08:58:40;2025-07-08 10:58:40
2025-07-08 10:00:00;2025-07-08 12:00:00;DK1;Solar;1321,296265;1308,827026;1285,135010;1301,939575;1272,131714;2025-07-08 09:58:40;2025-07-08 11:58:40
2025-07-08 11:00:00;2025-07-08 13:00:00;DK1;Solar;1421,454590;1419,271240;1419,271240;1449,337036;1421,833740;2025-07-08 10:58:41;2025-07-08 12:58:41
2025-07-08 12:00:00;2025-07-08 14:00:00;DK1;Solar;1519,399170;1398,449219;1398,449219;1359,555420;1228,665894;2025-07-08 11:58:45;2025-07-08 13:58:45
2025-07-08 13:00:00;2025-07-08 15:00:00;DK1;Solar;1398,510864;1376,702515;1313,977905;1312,099121;1171,383789;2025-07-08 12:58:41;2025-07-08 14:58:41
2025-07-08 14:00:00;2025-07-08 16:00:00;DK1;Solar;1270,437500;1237,283325;1222,937866;1170,979614;1021,082520;2025-07-08 13:58:46;2025-07-08 15:58:46
2025-07-08 15:00:00;2025-07-08 17:00:00;DK1;Solar;935,048340;943,477112;935,400818;944,914612;934,281250;2025-07-08 14:58:40;2025-07-08 16:58:40
2025-07-08 16:00:00;2025-07-08 18:00:00;DK1;Solar;604,834167;647,015015;643,139587;632,438721;628,137512;2025-07-08 15:58:40;2025-07-08 17:58:40
2025-07-08 17:00:00;2025-07-08 19:00:00;DK1;Solar;343,692902;331,432098;342,334167;340,438751;374,001251;2025-07-08 16:58:40;2025-07-08 18:58:40
2025-07-08 18:00:00;2025-07-08 20:00:00;DK1;Solar;146,961670;139,313339;142,161667;151,953751;193,955414;2025-07-08 17:58:40;2025-07-08 19:58:40
2025-07-08 19:00:00;2025-07-08 21:00:00;DK1;Solar;30,487499;28,593750;28,034584;40,457085;42,308334;2025-07-08 18:58:40;2025-07-08 20:58:40
2025-07-08 20:00:00;2025-07-08 22:00:00;DK1;Solar;1,612500;1,529167;1,423750;5,162500;2,745833;2025-07-08 19:58:41;2025-07-08 21:58:41
2025-07-08 21:00:00;2025-07-08 23:00:00;DK1;Solar;0,046250;0,000417;0,026667;0,355000;1,302083;2025-07-08 20:58:40;2025-07-08 22:58:40
2025-07-08 22:00:00;2025-07-09 00:00:00;DK1;Solar;0,020000;2,025833;0,020000;0,355417;2,025833;2025-07-08 21:58:40;2025-07-08 23:58:40
2025-07-08 23:00:00;2025-07-09 01:00:00;DK1;Solar;0,011667;1,233750;0,010417;0,530000;1,233750;2025-07-08 22:58:40;2025-07-09 00:58:40
2025-07-09 00:00:00;2025-07-09 02:00:00;DK1;Solar;0,028750;2,283333;0,017917;0,331250;2,283333;2025-07-08 23:58:40;2025-07-09 01:58:40
2025-07-09 01:00:00;2025-07-09 03:00:00;DK1;Solar;0,025417;1,457500;0,015417;0,607917;1,457500;2025-07-09 00:58:40;2025-07-09 02:58:40
2025-07-09 02:00:00;2025-07-09 04:00:00;DK1;Solar;1,437917;2,027500;1,386250;1,804583;2,027500;2025-07-09 01:58:41;2025-07-09 03:58:41
2025-07-09 03:00:00;2025-07-09 05:00:00;DK1;Solar;115,227913;111,898750;114,860001;113,630417;111,898750;2025-07-09 02:58:35;2025-07-09 04:58:35
2025-07-09 04:00:00;2025-07-09 06:00:00;DK1;Solar;559,200806;436,127075;560,623352;563,443726;436,127075;2025-07-09 03:58:34;2025-07-09 05:58:34
2025-07-09 05:00:00;2025-07-09 07:00:00;DK1;Solar;935,022888;563,985840;905,999146;875,558350;563,985840;2025-07-09 04:58:36;2025-07-09 06:58:36
2025-07-09 06:00:00;2025-07-09 08:00:00;DK1;Solar;1299,670044;829,145020;1275,007080;1204,995361;829,145020;2025-07-09 05:58:36;2025-07-09 07:58:36
2025-07-09 07:00:00;2025-07-09 09:00:00;DK1;Solar;1684,214600;1538,063354;1664,971191;1538,063354;1074,334595;2025-07-09 06:58:35;2025-07-09 08:58:35
2025-07-09 08:00:00;2025-07-09 10:00:00;DK1;Solar;1960,592529;1877,723755;1892,451660;1725,615356;1302,713379;2025-07-09 07:58:34;2025-07-09 09:58:34
2025-07-09 09:00:00;2025-07-09 11:00:00;DK1;Solar;2083,445068;2044,731689;2055,236328;1833,504639;1446,104980;2025-07-09 08:58:34;2025-07-09 10:58:34
2025-07-09 10:00:00;2025-07-09 12:00:00;DK1;Solar;2157,003418;2124,280762;2138,815918;1919,098389;1566,643311;2025-07-09 09:58:34;2025-07-09 11:58:34
2025-07-09 11:00:00;2025-07-09 13:00:00;DK1;Solar;2153,050537;2071,353271;2071,353271;1924,205811;1648,615845;2025-07-09 10:58:34;2025-07-09 12:58:34
2025-07-09 12:00:00;2025-07-09 14:00:00;DK1;Solar;2076,491699;1949,634155;1949,634155;1835,497559;1561,845459;2025-07-09 11:58:34;2025-07-09 13:58:34
2025-07-09 13:00:00;2025-07-09 15:00:00;DK1;Solar;1945,628784;1725,180420;1712,790894;1631,220825;1502,139526;2025-07-09 12:58:38;2025-07-09 14:58:38
2025-07-09 14:00:00;2025-07-09 16:00:00;DK1;Solar;1658,782959;1351,242920;1365,329590;1324,604980;1390,135864;2025-07-09 13:58:37;2025-07-09 15:58:37
2025-07-09 15:00:00;2025-07-09 17:00:00;DK1;Solar;1201,666626;878,794983;923,485840;909,716675;829,142944;2025-07-09 14:58:34;2025-07-09 16:58:34
2025-07-09 16:00:00;2025-07-09 18:00:00;DK1;Solar;716,562927;464,245422;514,740845;506,367096;584,554993;2025-07-09 15:58:34;2025-07-09 17:58:34
2025-07-09 17:00:00;2025-07-09 19:00:00;DK1;Solar;357,920013;229,315414;248,442917;266,385406;316,347504;2025-07-09 16:58:34;2025-07-09 18:58:34
2025-07-09 18:00:00;2025-07-09 20:00:00;DK1;Solar;134,785004;100,864166;100,183746;116,769165;177,577087;2025-07-09 17:58:34;2025-07-09 19:58:34
2025-07-09 19:00:00;2025-07-09 21:00:00;DK1;Solar;25,038334;21,905001;22,643749;40,977917;61,720001;2025-07-09 18:58:36;2025-07-09 20:58:36
2025-07-09 20:00:00;2025-07-09 22:00:00;DK1;Solar;1,287083;1,219583;1,425417;11,970417;4,496250;2025-07-09 19:58:34;2025-07-09 21:58:34
2025-07-09 21:00:00;2025-07-09 23:00:00;DK1;Solar;0,001250;0,000000;0,019583;0,868750;0,471250;2025-07-09 20:58:34;2025-07-09 22:58:34
2025-07-09 22:00:00;2025-07-10 00:00:00;DK1;Solar;0,010000;0,907083;0,010000;0,127917;0,907083;2025-07-09 21:58:34;2025-07-09 23:58:34
2025-07-09 23:00:00;2025-07-10 01:00:00;DK1;Solar;0,016250;1,450000;0,019583;0,247500;1,450000;2025-07-09 22:58:34;2025-07-10 00:58:34
2025-07-10 00:00:00;2025-07-10 02:00:00;DK1;Solar;0,020000;1,047500;0,010417;0,385000;1,047500;2025-07-09 23:58:34;2025-07-10 01:58:34
2025-07-10 01:00:00;2025-07-10 03:00:00;DK1;Solar;0,021250;0,527083;0,022500;0,284583;0,527083;2025-07-10 00:58:34;2025-07-10 02:58:34
2025-07-10 02:00:00;2025-07-10 04:00:00;DK1;Solar;1,016250;2,307500;1,081250;1,313750;2,307500;2025-07-10 01:58:34;2025-07-10 03:58:34
2025-07-10 03:00:00;2025-07-10 05:00:00;DK1;Solar;78,683746;91,223335;87,910004;92,820000;91,223335;2025-07-10 02:58:53;2025-07-10 04:58:53
2025-07-10 04:00:00;2025-07-10 06:00:00;DK1;Solar;405,692078;405,855011;474,647095;493,598755;405,855011;2025-07-10 03:58:53;2025-07-10 05:58:53
2025-07-10 05:00:00;2025-07-10 07:00:00;DK1;Solar;646,414612;570,832092;813,388733;791,702942;570,832092;2025-07-10 04:58:54;2025-07-10 06:58:54
2025-07-10 06:00:00;2025-07-10 08:00:00;DK1;Solar;992,009155;928,248352;1184,500854;1121,514526;928,248352;2025-07-10 05:58:54;2025-07-10 07:58:54
2025-07-10 07:00:00;2025-07-10 09:00:00;DK1;Solar;1317,664551;1398,306641;1437,345825;1398,306641;1143,266724;2025-07-10 06:58:53;2025-07-10 08:58:53
2025-07-10 08:00:00;2025-07-10 10:00:00;DK1;Solar;1455,255859;1599,986206;1602,002441;1514,150391;1307,189209;2025-07-10 07:58:54;2025-07-10 09:58:54
2025-07-10 09:00:00;2025-07-10 11:00:00;DK1;Solar;1503,587891;1672,304565;1647,617920;1589,956299;1379,777466;2025-07-10 08:58:54;2025-07-10 10:58:54
2025-07-10 10:00:00;2025-07-10 12:00:00;DK1;Solar;1554,378784;1736,618286;1705,402100;1647,985474;1408,652100;2025-07-10 09:58:55;2025-07-10 11:58:55
2025-07-10 11:00:00;2025-07-10 13:00:00;DK1;Solar;1586,703369;1775,261719;1775,261719;1675,673706;1513,462891;2025-07-10 10:58:55;2025-07-10 12:58:55
2025-07-10 12:00:00;2025-07-10 14:00:00;DK1;Solar;1604,188721;1733,902100;1733,902100;1661,326294;1409,987549;2025-07-10 11:58:56;2025-07-10 13:58:56
2025-07-10 13:00:00;2025-07-10 15:00:00;DK1;Solar;1570,651611;1722,526611;1699,587036;1615,067139;1366,425781;2025-07-10 12:58:56;2025-07-10 14:58:56
2025-07-10 14:00:00;2025-07-10 16:00:00;DK1;Solar;1447,864624;1540,096191;1503,454224;1446,454956;1214,894531;2025-07-10 13:58:57;2025-07-10 15:58:57
2025-07-10 15:00:00;2025-07-10 17:00:00;DK1;Solar;1083,136230;1125,246704;1153,595459;1065,328735;974,019592;2025-07-10 14:58:53;2025-07-10 16:58:53
2025-07-10 16:00:00;2025-07-10 18:00:00;DK1;Solar;646,938721;693,893738;709,669556;673,380432;704,829590;2025-07-10 15:58:54;2025-07-10 17:58:54
2025-07-10 17:00:00;2025-07-10 19:00:00;DK1;Solar;325,928741;363,756256;369,681244;373,900421;458,760010;2025-07-10 16:58:54;2025-07-10 18:58:54
2025-07-10 18:00:00;2025-07-10 20:00:00;DK1;Solar;131,872086;149,502914;150,637497;174,943329;179,728745;2025-07-10 17:58:54;2025-07-10 19:58:54
2025-07-10 19:00:00;2025-07-10 21:00:00;DK1;Solar;27,028334;28,535000;29,015833;35,210835;32,355415;2025-07-10 18:58:54;2025-07-10 20:58:54
2025-07-10 20:00:00;2025-07-10 22:00:00;DK1;Solar;1,452083;1,419167;1,448750;2,280417;0,907500;2025-07-10 19:58:54;2025-07-10 21:58:54
2025-07-10 21:00:00;2025-07-10 23:00:00;DK1;Solar;0,010000;0,000000;0,010000;0,000000;0,099583;2025-07-10 20:58:54;2025-07-10 22:58:54
2025-07-10 22:00:00;2025-07-11 00:00:00;DK1;Solar;0,019583;0,000000;0,018750;0,030417;0,000000;2025-07-10 21:58:54;2025-07-10 23:58:54
2025-07-10 23:00:00;2025-07-11 01:00:00;DK1;Solar;0,010417;0,000000;0,010417;0,009583;0,000000;2025-07-10 22:58:55;2025-07-11 00:58:55
2025-07-11 00:00:00;2025-07-11 02:00:00;DK1;Solar;0,010000;0,009167;0,002917;0,010833;0,009167;2025-07-10 23:58:54;2025-07-11 01:58:54
2025-07-11 01:00:00;2025-07-11 03:00:00;DK1;Solar;0,011250;0,000417;0,028750;0,027917;0,000417;2025-07-11 00:58:55;2025-07-11 02:58:55
2025-07-11 02:00:00;2025-07-11 04:00:00;DK1;Solar;0,951667;0,947500;0,975417;0,972500;0,947500;2025-07-11 01:58:54;2025-07-11 03:58:54
2025-07-11 03:00:00;2025-07-11 05:00:00;DK1;Solar;83,516251;80,224167;84,555832;81,387917;80,224167;2025-07-11 02:58:36;2025-07-11 04:58:36
2025-07-11 04:00:00;2025-07-11 06:00:00;DK1;Solar;465,920013;360,615845;462,689575;448,701263;360,615845;2025-07-11 03:58:35;2025-07-11 05:58:35
2025-07-11 05:00:00;2025-07-11 07:00:00;DK1;Solar;789,151245;513,480835;798,294983;752,181641;513,480835;2025-07-11 04:58:35;2025-07-11 06:58:35
2025-07-11 06:00:00;2025-07-11 08:00:00;DK1;Solar;1263,530396;848,992065;1268,477539;1162,467896;848,992065;2025-07-11 05:58:34;2025-07-11 07:58:34
2025-07-11 07:00:00;2025-07-11 09:00:00;DK1;Solar;1810,073364;1672,338745;1791,990845;1672,338745;1281,826294;2025-07-11 06:58:35;2025-07-11 08:58:35
2025-07-11 08:00:00;2025-07-11 10:00:00;DK1;Solar;2157,041748;2143,860840;2151,238037;2016,138306;1770,331299;2025-07-11 07:58:35;2025-07-11 09:58:35
2025-07-11 09:00:00;2025-07-11 11:00:00;DK1;Solar;2300,021240;2290,761230;2295,415527;2194,714600;2068,471680;2025-07-11 08:58:35;2025-07-11 10:58:35
2025-07-11 10:00:00;2025-07-11 12:00:00;DK1;Solar;2359,466553;2344,537598;2346,083740;2291,754883;2188,299561;2025-07-11 09:58:36;2025-07-11 11:58:36
2025-07-11 11:00:00;2025-07-11 13:00:00;DK1;Solar;2359,162598;2329,340088;2329,340088;2306,056641;2230,617432;2025-07-11 10:53:35;2025-07-11 12:53:35
2025-07-11 12:00:00;2025-07-11 14:00:00;DK1;Solar;2276,697998;2289,809570;2289,809570;2233,438721;2217,513672;2025-07-11 11:58:38;2025-07-11 13:58:38
2025-07-11 13:00:00;2025-07-11 15:00:00;DK1;Solar;2113,394531;2138,870117;2161,054199;2094,208008;2106,553223;2025-07-11 12:58:37;2025-07-11 14:58:37
2025-07-11 14:00:00;2025-07-11 16:00:00;DK1;Solar;1801,865356;1846,600830;1866,947510;1811,718750;1858,741211;2025-07-11 13:58:40;2025-07-11 15:58:40
2025-07-11 15:00:00;2025-07-11 17:00:00;DK1;Solar;1330,610474;1333,069580;1344,811646;1333,273315;1395,977539;2025-07-11 14:58:35;2025-07-11 16:58:35
2025-07-11 16:00:00;2025-07-11 18:00:00;DK1;Solar;812,827515;774,690002;786,168762;800,654175;900,130859;2025-07-11 15:58:34;2025-07-11 17:58:34
2025-07-11 17:00:00;2025-07-11 19:00:00;DK1;Solar;406,433319;379,342072;389,203735;416,862091;589,357910;2025-07-11 16:58:35;2025-07-11 18:58:35
2025-07-11 18:00:00;2025-07-11 20:00:00;DK1;Solar;161,697083;158,433746;156,090424;205,186249;261,061676;2025-07-11 17:58:35;2025-07-11 19:58:35
2025-07-11 19:00:00;2025-07-11 21:00:00;DK1;Solar;29,401667;28,914583;28,003750;56,126667;75,805420;2025-07-11 18:58:35;2025-07-11 20:58:35
2025-07-11 20:00:00;2025-07-11 22:00:00;DK1;Solar;1,430000;1,377083;1,396667;13,807917;12,994166;2025-07-11 19:58:35;2025-07-11 21:58:35
2025-07-11 21:00:00;2025-07-11 23:00:00;DK1;Solar;0,017917;0,011250;0,038750;3,040000;1,300000;2025-07-11 20:58:36;2025-07-11 22:58:36
2025-07-11 22:00:00;2025-07-12 00:00:00;DK1;Solar;0,021250;2,046250;0,021667;0,348750;2,046250;2025-07-11 21:58:36;2025-07-11 23:58:36
2025-07-11 23:00:00;2025-07-12 01:00:00;DK1;Solar;0,027917;2,497917;0,033333;0,533750;2,497917;2025-07-11 22:58:35;2025-07-12 00:58:35
2025-07-12 00:00:00;2025-07-12 02:00:00;DK1;Solar;0,020000;2,051250;0,015833;0,656250;2,051250;2025-07-11 23:58:35;2025-07-12 01:58:35
2025-07-12 01:00:00;2025-07-12 03:00:00;DK1;Solar;0,010417;2,788333;0,010000;0,541667;2,788333;2025-07-12 00:58:35;2025-07-12 02:58:35
2025-07-12 02:00:00;2025-07-12 04:00:00;DK1;Solar;0,961250;4,242500;0,945417;1,733333;4,242500;2025-07-12 01:58:35;2025-07-12 03:58:35
2025-07-12 03:00:00;2025-07-12 05:00:00;DK1;Solar;80,189583;86,584167;86,424583;85,477913;86,584167;2025-07-12 02:58:40;2025-07-12 04:58:40
2025-07-12 04:00:00;2025-07-12 06:00:00;DK1;Solar;467,429169;452,234161;516,768738;525,974182;452,234161;2025-07-12 03:58:40;2025-07-12 05:58:40
2025-07-12 05:00:00;2025-07-12 07:00:00;DK1;Solar;719,759583;629,380005;849,504578;883,164978;629,380005;2025-07-12 04:58:41;2025-07-12 06:58:41
2025-07-12 06:00:00;2025-07-12 08:00:00;DK1;Solar;899,116272;944,203735;1115,125366;1122,704956;944,203735;2025-07-12 05:58:40;2025-07-12 07:58:40
2025-07-12 07:00:00;2025-07-12 09:00:00;DK1;Solar;1021,290405;1284,373291;1353,552124;1284,373291;1061,750854;2025-07-12 06:58:42;2025-07-12 08:58:42
2025-07-12 08:00:00;2025-07-12 10:00:00;DK1;Solar;1125,623291;1399,950439;1385,197876;1323,333740;1026,020020;2025-07-12 07:58:40;2025-07-12 09:58:40
2025-07-12 09:00:00;2025-07-12 11:00:00;DK1;Solar;1300,887451;1330,949219;1394,962891;1221,268311;1039,976196;2025-07-12 08:58:39;2025-07-12 10:58:39
2025-07-12 10:00:00;2025-07-12 12:00:00;DK1;Solar;1419,697144;1344,612915;1368,694580;1270,248779;1039,008301;2025-07-12 09:58:41;2025-07-12 11:58:41
2025-07-12 11:00:00;2025-07-12 13:00:00;DK1;Solar;1307,071289;1286,498779;1286,498779;1221,733276;1062,354980;2025-07-12 10:58:40;2025-07-12 12:58:40
2025-07-12 12:00:00;2025-07-12 14:00:00;DK1;Solar;1261,955811;1173,680054;1173,680054;1109,473389;950,221680;2025-07-12 11:58:53;2025-07-12 13:58:53
2025-07-12 13:00:00;2025-07-12 15:00:00;DK1;Solar;1307,318359;1013,496643;1029,320435;865,086670;1038,903320;2025-07-12 12:58:43;2025-07-12 14:58:43
2025-07-12 14:00:00;2025-07-12 16:00:00;DK1;Solar;1144,785889;940,862061;943,161255;902,642517;955,132507;2025-07-12 13:58:41;2025-07-12 15:58:41
2025-07-12 15:00:00;2025-07-12 17:00:00;DK1;Solar;788,530029;738,718750;748,940002;732,464172;859,566223;2025-07-12 14:58:40;2025-07-12 16:58:40
2025-07-12 16:00:00;2025-07-12 18:00:00;DK1;Solar;490,033752;501,809174;511,609589;519,065430;535,988342;2025-07-12 15:58:40;2025-07-12 17:58:40
2025-07-12 17:00:00;2025-07-12 19:00:00;DK1;Solar;269,464569;282,644165;264,427917;273,713745;339,994598;2025-07-12 16:58:39;2025-07-12 18:58:39
2025-07-12 18:00:00;2025-07-12 20:00:00;DK1;Solar;113,490417;112,941254;103,410004;122,729584;168,272507;2025-07-12 17:58:40;2025-07-12 19:58:40
2025-07-12 19:00:00;2025-07-12 21:00:00;DK1;Solar;18,865000;19,508333;18,286667;36,325832;43,482918;2025-07-12 18:58:40;2025-07-12 20:58:40
2025-07-12 20:00:00;2025-07-12 22:00:00;DK1;Solar;0,923333;0,944167;0,920417;7,318750;0,423750;2025-07-12 19:58:40;2025-07-12 21:58:40
2025-07-12 21:00:00;2025-07-12 23:00:00;DK1;Solar;0,021250;0,000000;0,010000;0,002083;1,392500;2025-07-12 20:58:40;2025-07-12 22:58:40
2025-07-12 22:00:00;2025-07-13 00:00:00;DK1;Solar;0,010000;1,734583;0,010000;0,368333;1,734583;2025-07-12 21:58:40;2025-07-12 23:58:40
2025-07-12 23:00:00;2025-07-13 01:00:00;DK1;Solar;0,010000;1,784583;0,018750;0,456667;1,784583;2025-07-12 22:58:40;2025-07-13 00:58:40
2025-07-13 00:00:00;2025-07-13 02:00:00;DK1;Solar;0,019583;1,372500;0,020000;0,470417;1,372500;2025-07-12 23:58:40;2025-07-13 01:58:40
2025-07-13 01:00:00;2025-07-13 03:00:00;DK1;Solar;0,018750;0,227083;0,013750;0,370833;0,227083;2025-07-13 00:58:39;2025-07-13 02:58:39
2025-07-13 02:00:00;2025-07-13 04:00:00;DK1;Solar;0,876667;1,765417;0,920417;1,010417;1,765417;2025-07-13 01:58:40;2025-07-13 03:58:40
2025-07-13 03:00:00;2025-07-13 05:00:00;DK1;Solar;66,464996;79,551247;74,954170;80,322914;79,551247;2025-07-13 02:58:27;2025-07-13 04:58:27
2025-07-13 04:00:00;2025-07-13 06:00:00;DK1;Solar;428,733765;403,743347;476,384155;477,334595;403,743347;2025-07-13 03:58:27;2025-07-13 05:58:27
2025-07-13 05:00:00;2025-07-13 07:00:00;DK1;Solar;732,952942;505,956665;712,330017;709,987061;505,956665;2025-07-13 04:58:27;2025-07-13 06:58:27
2025-07-13 06:00:00;2025-07-13 08:00:00;DK1;Solar;948,719604;685,368774;844,564148;839,205811;685,368774;2025-07-13 05:58:27;2025-07-13 07:58:27
2025-07-13 07:00:00;2025-07-13 09:00:00;DK1;Solar;1059,066650;864,010010;905,308777;864,010010;761,286255;2025-07-13 06:58:29;2025-07-13 08:58:29
2025-07-13 08:00:00;2025-07-13 10:00:00;DK1;Solar;1012,944153;917,929138;884,209167;875,890808;810,880859;2025-07-13 07:58:27;2025-07-13 09:58:27
2025-07-13 09:00:00;2025-07-13 11:00:00;DK1;Solar;1009,952515;857,488342;801,912903;927,539612;850,957947;2025-07-13 08:58:27;2025-07-13 10:58:27
2025-07-13 10:00:00;2025-07-13 12:00:00;DK1;Solar;1007,810852;985,799194;944,860413;1015,986694;921,524597;2025-07-13 09:58:27;2025-07-13 11:58:27
2025-07-13 11:00:00;2025-07-13 13:00:00;DK1;Solar;1140,792480;1124,517090;1124,517090;1123,316284;1015,337891;2025-07-13 10:58:28;2025-07-13 12:58:28
2025-07-13 12:00:00;2025-07-13 14:00:00;DK1;Solar;1115,992065;1164,069580;1164,069580;1172,393799;950,133362;2025-07-13 11:58:30;2025-07-13 13:58:30
2025-07-13 13:00:00;2025-07-13 15:00:00;DK1;Solar;1072,985840;1111,298706;1198,575439;1069,700439;1011,151245;2025-07-13 12:58:29;2025-07-13 14:58:29
2025-07-13 14:00:00;2025-07-13 16:00:00;DK1;Solar;1052,512939;1037,271240;1074,552124;1017,947510;898,372070;2025-07-13 13:58:37;2025-07-13 15:58:37
2025-07-13 15:00:00;2025-07-13 17:00:00;DK1;Solar;759,235413;794,436279;769,592529;749,307068;777,765015;2025-07-13 14:58:27;2025-07-13 16:58:27
2025-07-13 16:00:00;2025-07-13 18:00:00;DK1;Solar;448,563751;470,999176;440,023346;505,053741;584,154175;2025-07-13 15:58:27;2025-07-13 17:58:27
2025-07-13 17:00:00;2025-07-13 19:00:00;DK1;Solar;227,605835;231,397079;263,315430;304,484985;408,004181;2025-07-13 16:58:28;2025-07-13 18:58:28
2025-07-13 18:00:00;2025-07-13 20:00:00;DK1;Solar;92,614586;95,380417;112,423332;156,486664;184,457916;2025-07-13 17:58:28;2025-07-13 19:58:28
2025-07-13 19:00:00;2025-07-13 21:00:00;DK1;Solar;15,449583;16,768333;21,225834;36,498333;40,472084;2025-07-13 18:58:28;2025-07-13 20:58:28
2025-07-13 20:00:00;2025-07-13 22:00:00;DK1;Solar;0,764167;0,834583;1,026667;5,865000;1,973333;2025-07-13 19:58:27;2025-07-13 21:58:27
2025-07-13 21:00:00;2025-07-13 23:00:00;DK1;Solar;0,035833;0,019583;0,010000;0,223750;1,181667;2025-07-13 20:58:28;2025-07-13 22:58:28
2025-07-13 22:00:00;2025-07-14 00:00:00;DK1;Solar;0,010000;1,020000;0,012083;0,315417;1,020000;2025-07-13 21:58:28;2025-07-13 23:58:28
2025-07-13 23:00:00;2025-07-14 01:00:00;DK1;Solar;0,017917;1,177500;0,019583;0,268750;1,177500;2025-07-13 22:58:28;2025-07-14 00:58:28
2025-07-14 00:00:00;2025-07-14 02:00:00;DK1;Solar;0,020000;0,859583;0,010000;0,319583;0,859583;2025-07-13 23:58:29;2025-07-14 01:58:29
2025-07-14 01:00:00;2025-07-14 03:00:00;DK1;Solar;0,011250;0,667500;0,010000;0,227917;0,667500;2025-07-14 00:58:28;2025-07-14 02:58:28
2025-07-14 02:00:00;2025-07-14 04:00:00;DK1;Solar;0,949167;1,707917;0,835000;1,027083;1,707917;2025-07-14 01:58:28;2025-07-14 03:58:28
2025-07-14 03:00:00;2025-07-14 05:00:00;DK1;Solar;72,571663;70,879166;72,051666;71,405830;70,879166;2025-07-14 02:59:04;2025-07-14 04:59:04
2025-07-14 04:00:00;2025-07-14 06:00:00;DK1;Solar;471,062927;379,937073;471,424164;438,915833;379,937073;2025-07-14 03:59:04;2025-07-14 05:59:04
2025-07-14 05:00:00;2025-07-14 07:00:00;DK1;Solar;798,392090;547,858765;770,105835;715,167480;547,858765;2025-07-14 04:59:03;2025-07-14 06:59:03
2025-07-14 06:00:00;2025-07-14 08:00:00;DK1;Solar;1165,255859;981,938721;1172,555786;1112,758301;981,938721;2025-07-14 05:59:03;2025-07-14 07:59:03
2025-07-14 07:00:00;2025-07-14 09:00:00;DK1;Solar;1475,197510;1378,056274;1424,226196;1378,056274;1194,880859;2025-07-14 06:59:03;2025-07-14 08:59:03
2025-07-14 08:00:00;2025-07-14 10:00:00;DK1;Solar;1689,718384;1606,027100;1601,359131;1546,223389;1388,449951;2025-07-14 07:59:04;2025-07-14 09:59:04
2025-07-14 09:00:00;2025-07-14 11:00:00;DK1;Solar;1776,272461;1597,711670;1554,879639;1523,089111;1531,675415;2025-07-14 08:59:04;2025-07-14 10:59:04
2025-07-14 10:00:00;2025-07-14 12:00:00;DK1;Solar;1790,167114;1566,729980;1566,729980;1547,982056;1644,549194;2025-07-14 09:59:05;2025-07-14 11:59:05
2025-07-14 11:00:00;2025-07-14 13:00:00;DK1;Solar;1714,206665;1588,202026;1588,202026;1588,997559;1657,895020;2025-07-14 10:59:04;2025-07-14 12:59:04
2025-07-14 12:00:00;2025-07-14 14:00:00;DK1;Solar;1615,976196;1545,797119;1545,797119;1576,224609;1728,290405;2025-07-14 11:59:06;2025-07-14 13:59:06
2025-07-14 13:00:00;2025-07-14 15:00:00;DK1;Solar;1501,923706;1495,046631;1490,433716;1658,014526;1640,128784;2025-07-14 12:59:05;2025-07-14 14:59:05
2025-07-14 14:00:00;2025-07-14 16:00:00;DK1;Solar;1333,346680;1367,194946;1392,630371;1471,072510;1375,913330;2025-07-14 13:59:20;2025-07-14 15:59:20
2025-07-14 15:00:00;2025-07-14 17:00:00;DK1;Solar;1014,344971;1023,389160;1046,467529;1062,610474;976,755859;2025-07-14 14:59:03;2025-07-14 16:59:03
2025-07-14 16:00:00;2025-07-14 18:00:00;DK1;Solar;632,242493;634,999146;630,202087;594,030823;559,407104;2025-07-14 15:59:03;2025-07-14 17:59:03
2025-07-14 17:00:00;2025-07-14 19:00:00;DK1;Solar;330,144165;329,642090;312,285004;293,147919;389,757080;2025-07-14 16:59:03;2025-07-14 18:59:03
2025-07-14 18:00:00;2025-07-14 20:00:00;DK1;Solar;131,370422;135,998337;126,199165;147,545837;193,645828;2025-07-14 17:59:03;2025-07-14 19:59:03
2025-07-14 19:00:00;2025-07-14 21:00:00;DK1;Solar;23,019167;22,861250;22,288334;39,882915;45,411667;2025-07-14 18:59:03;2025-07-14 20:59:03
2025-07-14 20:00:00;2025-07-14 22:00:00;DK1;Solar;1,195417;1,070417;1,151250;7,266250;1,088750;2025-07-14 19:59:03;2025-07-14 21:59:03
2025-07-14 21:00:00;2025-07-14 23:00:00;DK1;Solar;0,020000;0,000000;0,012083;0,012917;0,002917;2025-07-14 20:59:03;2025-07-14 22:59:03
2025-07-14 22:00:00;2025-07-15 00:00:00;DK1;Solar;0,020000;0,007917;0,020000;0,010000;0,007917;2025-07-14 21:59:03;2025-07-14 23:59:03
2025-07-14 23:00:00;2025-07-15 01:00:00;DK1;Solar;0,011250;0,000000;0,011250;0,001667;0,000000;2025-07-14 22:59:03;2025-07-15 00:59:03
2025-07-15 00:00:00;2025-07-15 02:00:00;DK1;Solar;0,011250;0,002917;0,011250;0,003750;0,002917;2025-07-14 23:59:04;2025-07-15 01:59:04
2025-07-15 01:00:00;2025-07-15 03:00:00;DK1;Solar;0,019583;0,000000;0,019167;0,016667;0,000000;2025-07-15 00:59:06;2025-07-15 02:59:06
2025-07-15 02:00:00;2025-07-15 04:00:00;DK1;Solar;0,831667;0,786250;0,792500;0,781667;0,786250;2025-07-15 01:59:03;2025-07-15 03:59:03
2025-07-15 03:00:00;2025-07-15 05:00:00;DK1;Solar;66,798752;64,522499;67,587914;65,502502;64,522499;2025-07-15 02:58:45;2025-07-15 04:58:45
2025-07-15 04:00:00;2025-07-15 06:00:00;DK1;Solar;458,401245;402,650421;460,789154;453,886658;402,650421;2025-07-15 03:58:45;2025-07-15 05:58:45
2025-07-15 05:00:00;2025-07-15 07:00:00;DK1;Solar;762,889160;562,448730;778,159607;779,978760;562,448730;2025-07-15 04:58:45;2025-07-15 06:58:45
2025-07-15 06:00:00;2025-07-15 08:00:00;DK1;Solar;1041,221191;784,400818;1059,717896;1023,912109;784,400818;2025-07-15 05:58:44;2025-07-15 07:58:44
2025-07-15 07:00:00;2025-07-15 09:00:00;DK1;Solar;1145,596191;1035,614990;1172,836304;1035,614990;968,552063;2025-07-15 06:58:45;2025-07-15 08:58:45
2025-07-15 08:00:00;2025-07-15 10:00:00;DK1;Solar;1066,970825;1038,301636;1056,177856;1002,150818;899,739990;2025-07-15 07:58:45;2025-07-15 09:58:45
2025-07-15 09:00:00;2025-07-15 11:00:00;DK1;Solar;962,602478;927,855408;938,555420;856,479553;785,325012;2025-07-15 08:58:45;2025-07-15 10:58:45
2025-07-15 10:00:00;2025-07-15 12:00:00;DK1;Solar;912,782898;819,233765;840,500000;740,365417;660,984558;2025-07-15 09:58:44;2025-07-15 11:58:44
2025-07-15 11:00:00;2025-07-15 13:00:00;DK1;Solar;931,160400;801,634583;801,634583;783,987061;755,287109;2025-07-15 10:58:44;2025-07-15 12:58:44
2025-07-15 12:00:00;2025-07-15 14:00:00;DK1;Solar;968,409607;758,619141;758,619141;768,768738;683,498352;2025-07-15 11:58:46;2025-07-15 13:58:46
2025-07-15 13:00:00;2025-07-15 15:00:00;DK1;Solar;899,217529;745,877930;754,568359;717,801697;626,759155;2025-07-15 12:30:07;2025-07-15 14:30:07
2025-07-15 14:00:00;2025-07-15 16:00:00;DK1;Solar;798,311279;703,725830;681,540405;;511,805847;2025-07-15 13:58:45;2025-07-15 15:58:45
2025-07-15 15:00:00;2025-07-15 17:00:00;DK1;Solar;640,177490;529,073303;494,865417;438,466675;425,447906;2025-07-15 14:58:45;2025-07-15 16:58:45
2025-07-15 16:00:00;2025-07-15 18:00:00;DK1;Solar;421,255829;307,433746;298,974152;268,286255;329,972076;2025-07-15 15:58:45;2025-07-15 17:58:45
2025-07-15 17:00:00;2025-07-15 19:00:00;DK1;Solar;229,701248;157,914169;146,512497;155,747910;191,799576;2025-07-15 16:58:44;2025-07-15 18:58:44
2025-07-15 18:00:00;2025-07-15 20:00:00;DK1;Solar;98,695419;62,981667;;69,164169;90,412086;2025-07-15 17:58:44;2025-07-15 19:58:44
2025-07-15 19:00:00;2025-07-15 21:00:00;DK1;Solar;14,978333;11,380000;10,237500;19,670834;25,532917;2025-07-15 18:58:44;2025-07-15 20:58:44
2025-07-15 20:00:00;2025-07-15 22:00:00;DK1;Solar;0,685000;0,622917;0,592083;4,582083;1,060000;2025-07-15 19:58:44;2025-07-15 21:58:44
2025-07-15 21:00:00;2025-07-15 23:00:00;DK1;Solar;0,021250;0,001250;0,010000;0,138333;1,272500;2025-07-15 20:58:44;2025-07-15 22:58:44
2025-07-15 22:00:00;2025-07-16 00:00:00;DK1;Solar;0,010000;1,613750;0,004167;0,336250;1,613750;2025-07-15 21:58:44;2025-07-15 23:58:44
2025-07-15 23:00:00;2025-07-16 01:00:00;DK1;Solar;0,017500;1,280000;0,017917;0,424167;1,280000;2025-07-15 22:58:44;2025-07-16 00:58:44
2025-07-16 00:00:00;2025-07-16 02:00:00;DK1;Solar;0,010000;1,056250;0,019583;0,342500;1,056250;2025-07-15 23:58:44;2025-07-16 01:58:44
2025-07-16 01:00:00;2025-07-16 03:00:00;DK1;Solar;0,008333;0,769167;0,001250;0,275833;0,769167;2025-07-16 00:58:44;2025-07-16 02:58:44
2025-07-16 02:00:00;2025-07-16 04:00:00;DK1;Solar;0,377917;1,060833;0,353750;0,567500;1,060833;2025-07-16 01:58:45;2025-07-16 03:58:45
2025-07-16 03:00:00;2025-07-16 05:00:00;DK1;Solar;28,505833;28,117500;27,012501;28,362083;28,117500;2025-07-16 02:58:37;2025-07-16 04:58:37
2025-07-16 04:00:00;2025-07-16 06:00:00;DK1;Solar;218,202499;195,579590;200,607086;224,883743;195,579590;2025-07-16 03:58:37;2025-07-16 05:58:37
2025-07-16 05:00:00;2025-07-16 07:00:00;DK1;Solar;380,998749;280,625824;365,883331;410,108337;280,625824;2025-07-16 04:58:37;2025-07-16 06:58:37
2025-07-16 06:00:00;2025-07-16 08:00:00;DK1;Solar;558,772888;378,203735;595,096252;563,405823;378,203735;2025-07-16 05:58:36;2025-07-16 07:58:36
2025-07-16 07:00:00;2025-07-16 09:00:00;DK1;Solar;728,333740;638,336243;765,019592;638,336243;490,003326;2025-07-16 06:58:37;2025-07-16 08:58:37
2025-07-16 08:00:00;2025-07-16 10:00:00;DK1;Solar;858,826660;911,161682;964,919189;860,892944;736,036255;2025-07-16 07:58:37;2025-07-16 09:58:37
2025-07-16 09:00:00;2025-07-16 11:00:00;DK1;Solar;971,364990;1014,093323;1062,793335;965,940430;795,897888;2025-07-16 08:58:37;2025-07-16 10:58:37
2025-07-16 10:00:00;2025-07-16 12:00:00;DK1;Solar;1072,873779;1037,649170;1062,791626;981,994995;880,770020;2025-07-16 09:58:37;2025-07-16 11:58:37
2025-07-16 11:00:00;2025-07-16 13:00:00;DK1;Solar;1117,996704;1034,138306;1034,138306;1006,649597;990,888306;2025-07-16 10:58:38;2025-07-16 12:58:38
2025-07-16 12:00:00;2025-07-16 14:00:00;DK1;Solar;1111,169189;1020,931641;1020,931641;1009,745422;1157,541260;2025-07-16 11:58:39;2025-07-16 13:58:39
2025-07-16 13:00:00;2025-07-16 15:00:00;DK1;Solar;1026,525391;985,534973;986,349182;1039,887451;1074,068726;2025-07-16 12:58:38;2025-07-16 14:58:38
2025-07-16 14:00:00;2025-07-16 16:00:00;DK1;Solar;868,719177;906,731262;913,565002;915,190002;1006,634155;2025-07-16 13:58:38;2025-07-16 15:58:38
2025-07-16 15:00:00;2025-07-16 17:00:00;DK1;Solar;671,938354;689,412476;706,277893;669,573303;700,966248;2025-07-16 14:58:37;2025-07-16 16:58:37
2025-07-16 16:00:00;2025-07-16 18:00:00;DK1;Solar;426,663757;408,291260;396,245819;394,343323;482,360840;2025-07-16 15:58:37;2025-07-16 17:58:37
2025-07-16 17:00:00;2025-07-16 19:00:00;DK1;Solar;223,409164;213,797913;189,507507;222,736664;258,730408;2025-07-16 16:58:37;2025-07-16 18:58:37
2025-07-16 18:00:00;2025-07-16 20:00:00;DK1;Solar;89,614998;82,263336;79,539169;97,096664;147,347916;2025-07-16 17:58:37;2025-07-16 19:58:37
2025-07-16 19:00:00;2025-07-16 21:00:00;DK1;Solar;15,039166;14,423333;13,141666;31,065001;48,695000;2025-07-16 18:58:37;2025-07-16 20:58:37
2025-07-16 20:00:00;2025-07-16 22:00:00;DK1;Solar;0,754583;0,792500;0,661667;9,661667;0,434583;2025-07-16 19:58:37;2025-07-16 21:58:37
2025-07-16 21:00:00;2025-07-16 23:00:00;DK1;Solar;0,018750;0,000417;0,000000;0,000000;0,810417;2025-07-16 20:58:37;2025-07-16 22:58:37
2025-07-16 22:00:00;2025-07-17 00:00:00;DK1;Solar;0,000000;1,715000;0,016667;0,214167;1,715000;2025-07-16 21:58:37;2025-07-16 23:58:37
2025-07-16 23:00:00;2025-07-17 01:00:00;DK1;Solar;0,000000;0,610417;0,010000;0,457083;0,610417;2025-07-16 22:58:37;2025-07-17 00:58:37
2025-07-17 00:00:00;2025-07-17 02:00:00;DK1;Solar;0,009583;1,003333;0,024583;0,169167;1,003333;2025-07-16 23:58:37;2025-07-17 01:58:37
2025-07-17 01:00:00;2025-07-17 03:00:00;DK1;Solar;0,010000;1,688333;0,010000;0,265833;1,688333;2025-07-17 00:58:38;2025-07-17 02:58:38
2025-07-17 02:00:00;2025-07-17 04:00:00;DK1;Solar;0,532083;1,622083;0,692917;1,152917;1,622083;2025-07-17 01:58:37;2025-07-17 03:58:37
2025-07-17 03:00:00;2025-07-17 05:00:00;DK1;Solar;46,340832;52,997501;53,998333;53,250000;52,997501;2025-07-17 02:58:46;2025-07-17 04:58:46
2025-07-17 04:00:00;2025-07-17 06:00:00;DK1;Solar;374,818329;377,088745;433,528748;426,722931;377,088745;2025-07-17 03:58:45;2025-07-17 05:58:45
2025-07-17 05:00:00;2025-07-17 07:00:00;DK1;Solar;722,956238;594,252075;771,068726;807,122070;594,252075;2025-07-17 04:58:45;2025-07-17 06:58:45
2025-07-17 06:00:00;2025-07-17 08:00:00;DK1;Solar;1113,128296;956,661682;1281,188721;1184,250366;956,661682;2025-07-17 05:58:45;2025-07-17 07:58:45
2025-07-17 07:00:00;2025-07-17 09:00:00;DK1;Solar;1396,621704;1524,956665;1624,832886;1524,956665;1294,759155;2025-07-17 06:58:45;2025-07-17 08:58:45
2025-07-17 08:00:00;2025-07-17 10:00:00;DK1;Solar;1578,534546;1824,808716;1862,660400;1746,358765;1521,126221;2025-07-17 07:58:46;2025-07-17 09:58:46
2025-07-17 09:00:00;2025-07-17 11:00:00;DK1;Solar;1704,093384;1950,117065;1992,581665;1828,545044;1792,732056;2025-07-17 08:58:46;2025-07-17 10:58:46
2025-07-17 10:00:00;2025-07-17 12:00:00;DK1;Solar;1822,282959;2010,853394;2062,452148;1928,974976;1902,188721;2025-07-17 09:58:45;2025-07-17 11:58:45
2025-07-17 11:00:00;2025-07-17 13:00:00;DK1;Solar;1892,551270;1988,862549;1988,862549;1932,952515;1871,016235;2025-07-17 10:58:46;2025-07-17 12:58:46
2025-07-17 12:00:00;2025-07-17 14:00:00;DK1;Solar;1912,800781;1946,291260;1946,291260;1863,215820;1835,582031;2025-07-17 11:58:46;2025-07-17 13:58:46
2025-07-17 13:00:00;2025-07-17 15:00:00;DK1;Solar;1865,412476;1866,528320;1883,680420;1881,361206;1911,660400;2025-07-17 12:58:46;2025-07-17 14:58:46
2025-07-17 14:00:00;2025-07-17 16:00:00;DK1;Solar;1599,769165;1651,980835;1674,852051;1670,654175;1658,231689;2025-07-17 13:59:17;2025-07-17 15:59:17
2025-07-17 15:00:00;2025-07-17 17:00:00;DK1;Solar;1206,927490;1198,652466;1224,363281;1176,178711;1215,139526;2025-07-17 14:58:46;2025-07-17 16:58:46
2025-07-17 16:00:00;2025-07-17 18:00:00;DK1;Solar;724,674988;731,711243;716,383728;716,084595;800,163330;2025-07-17 15:58:46;2025-07-17 17:58:46
2025-07-17 17:00:00;2025-07-17 19:00:00;DK1;Solar;355,395844;359,608337;358,809998;377,560822;497,204987;2025-07-17 16:58:46;2025-07-17 18:58:46
2025-07-17 18:00:00;2025-07-17 20:00:00;DK1;Solar;136,410416;134,047089;136,549164;169,940414;190,199997;2025-07-17 17:58:46;2025-07-17 19:58:46
2025-07-17 19:00:00;2025-07-17 21:00:00;DK1;Solar;20,632917;20,123751;19,885834;34,941666;39,704582;2025-07-17 18:58:46;2025-07-17 20:58:46
2025-07-17 20:00:00;2025-07-17 22:00:00;DK1;Solar;0,929583;0,949583;0,937083;6,087917;1,045000;2025-07-17 19:58:46;2025-07-17 21:58:46
2025-07-17 21:00:00;2025-07-17 23:00:00;DK1;Solar;0,010000;0,010000;0,010000;0,031667;0,422917;2025-07-17 20:58:47;2025-07-17 22:58:47
2025-07-17 22:00:00;2025-07-18 00:00:00;DK1;Solar;0,022917;0,007083;0,010000;0,117500;0,007083;2025-07-17 21:58:47;2025-07-17 23:58:47
2025-07-17 23:00:00;2025-07-18 01:00:00;DK1;Solar;0,010417;0,000000;0,010000;0,010000;0,000000;2025-07-17 22:58:46;2025-07-18 00:58:46
2025-07-18 00:00:00;2025-07-18 02:00:00;DK1;Solar;0,010000;0,006250;0,014167;0,007917;0,006250;2025-07-17 23:58:47;2025-07-18 01:58:47
2025-07-18 01:00:00;2025-07-18 03:00:00;DK1;Solar;0,010000;0,000000;0,010000;0,010000;0,000000;2025-07-18 00:58:46;2025-07-18 02:58:46
2025-07-18 02:00:00;2025-07-18 04:00:00;DK1;Solar;0,688333;0,685000;0,667083;0,688750;0,685000;2025-07-18 01:58:46;2025-07-18 03:58:46
2025-07-18 03:00:00;2025-07-18 05:00:00;DK1;Solar;56,422501;56,994583;56,418751;57,729168;56,994583;2025-07-18 02:58:31;2025-07-18 04:58:31
2025-07-18 04:00:00;2025-07-18 06:00:00;DK1;Solar;504,463348;465,188324;514,766235;521,156677;465,188324;2025-07-18 03:58:34;2025-07-18 05:58:34
2025-07-18 05:00:00;2025-07-18 07:00:00;DK1;Solar;909,525391;669,797913;950,802490;948,820007;669,797913;2025-07-18 04:58:31;2025-07-18 06:58:31
2025-07-18 06:00:00;2025-07-18 08:00:00;DK1;Solar;1343,471191;1081,693359;1431,072510;1364,969604;1081,693359;2025-07-18 05:58:31;2025-07-18 07:58:31
2025-07-18 07:00:00;2025-07-18 09:00:00;DK1;Solar;1755,744629;1751,986206;1841,984619;1751,986206;1482,465454;2025-07-18 06:58:31;2025-07-18 08:58:31
2025-07-18 08:00:00;2025-07-18 10:00:00;DK1;Solar;2005,204956;2078,607178;2092,524658;1984,028320;1779,723389;2025-07-18 07:58:31;2025-07-18 09:58:31
2025-07-18 09:00:00;2025-07-18 11:00:00;DK1;Solar;2044,178345;2144,159912;2126,674072;2076,663818;1900,561646;2025-07-18 08:58:31;2025-07-18 10:58:31
2025-07-18 10:00:00;2025-07-18 12:00:00;DK1;Solar;2079,500000;2105,875488;2079,410889;2037,985474;1948,435059;2025-07-18 09:58:31;2025-07-18 11:58:31
2025-07-18 11:00:00;2025-07-18 13:00:00;DK1;Solar;1980,312866;2070,781982;2070,781982;2028,908325;1875,059570;2025-07-18 10:58:31;2025-07-18 12:58:31
2025-07-18 12:00:00;2025-07-18 14:00:00;DK1;Solar;1831,918335;1986,319946;1986,319946;1922,264160;1908,925415;2025-07-18 11:58:33;2025-07-18 13:58:33
2025-07-18 13:00:00;2025-07-18 15:00:00;DK1;Solar;1665,607056;1811,898804;1738,010376;1797,466675;1707,650024;2025-07-18 12:58:33;2025-07-18 14:58:33
2025-07-18 14:00:00;2025-07-18 16:00:00;DK1;Solar;1439,982056;1535,447144;1456,282959;1508,942139;1319,545410;2025-07-18 13:58:32;2025-07-18 15:58:32
2025-07-18 15:00:00;2025-07-18 17:00:00;DK1;Solar;1056,247070;1108,549194;1076,644165;1033,508789;992,687500;2025-07-18 14:58:30;2025-07-18 16:58:30
2025-07-18 16:00:00;2025-07-18 18:00:00;DK1;Solar;635,481262;665,282104;651,450806;581,469604;561,937500;2025-07-18 15:58:30;2025-07-18 17:58:30
2025-07-18 17:00:00;2025-07-18 19:00:00;DK1;Solar;317,025421;339,496674;332,160431;297,115845;331,659576;2025-07-18 16:58:30;2025-07-18 18:58:30
2025-07-18 18:00:00;2025-07-18 20:00:00;DK1;Solar;124,200836;129,752090;128,461243;129,919998;171,031662;2025-07-18 17:58:30;2025-07-18 19:58:30
2025-07-18 19:00:00;2025-07-18 21:00:00;DK1;Solar;18,102083;19,006666;18,542917;30,764999;55,314999;2025-07-18 18:58:30;2025-07-18 20:58:30
2025-07-18 20:00:00;2025-07-18 22:00:00;DK1;Solar;0,819167;0,860417;0,850000;10,238334;0,977917;2025-07-18 19:58:30;2025-07-18 21:58:30
2025-07-18 21:00:00;2025-07-18 23:00:00;DK1;Solar;0,010417;0,003333;0,017083;0,034167;0,147917;2025-07-18 20:58:30;2025-07-18 22:58:30
2025-07-18 22:00:00;2025-07-19 00:00:00;DK1;Solar;0,012083;0,000000;0,010000;0,040417;0,000000;2025-07-18 21:58:30;2025-07-18 23:58:30
2025-07-18 23:00:00;2025-07-19 01:00:00;DK1;Solar;0,010000;0,000000;0,010000;0,000417;0,000000;2025-07-18 22:58:31;2025-07-19 00:58:31
2025-07-19 00:00:00;2025-07-19 02:00:00;DK1;Solar;0,010000;0,000000;0,010000;0,006667;0,000000;2025-07-18 23:58:32;2025-07-19 01:58:32
2025-07-19 01:00:00;2025-07-19 03:00:00;DK1;Solar;0,007083;0,000000;0,002083;0,000000;0,000000;2025-07-19 00:58:32;2025-07-19 02:58:32
2025-07-19 02:00:00;2025-07-19 04:00:00;DK1;Solar;0,578750;0,627500;0,592500;0,562917;0,627500;2025-07-19 01:58:34;2025-07-19 03:58:34
2025-07-19 03:00:00;2025-07-19 05:00:00;DK1;Solar;47,104584;44,654167;45,736252;45,358334;44,654167;2025-07-19 02:59:06;2025-07-19 04:59:06
2025-07-19 04:00:00;2025-07-19 06:00:00;DK1;Solar;461,349152;396,950836;443,025848;444,887909;396,950836;2025-07-19 03:59:01;2025-07-19 05:59:01
2025-07-19 05:00:00;2025-07-19 07:00:00;DK1;Solar;872,318726;596,168335;846,795837;841,138306;596,168335;2025-07-19 04:59:02;2025-07-19 06:59:02
2025-07-19 06:00:00;2025-07-19 08:00:00;DK1;Solar;1348,380005;959,208313;1337,480835;1272,099121;959,208313;2025-07-19 05:59:01;2025-07-19 07:59:01
2025-07-19 07:00:00;2025-07-19 09:00:00;DK1;Solar;1819,980835;1739,718384;1837,964111;1739,718384;1358,877930;2025-07-19 06:59:00;2025-07-19 08:59:00
2025-07-19 08:00:00;2025-07-19 10:00:00;DK1;Solar;2108,277588;2123,705811;2125,136963;1998,687866;1692,931274;2025-07-19 07:59:00;2025-07-19 09:59:00
2025-07-19 09:00:00;2025-07-19 11:00:00;DK1;Solar;2088,560791;2010,871216;2017,574219;1882,078735;1691,486206;2025-07-19 08:59:01;2025-07-19 10:59:01
2025-07-19 10:00:00;2025-07-19 12:00:00;DK1;Solar;2040,947144;1976,359985;1976,322144;1878,822144;1759,364624;2025-07-19 09:59:00;2025-07-19 11:59:00
2025-07-19 11:00:00;2025-07-19 13:00:00;DK1;Solar;1928,097534;1780,100830;1780,100830;1717,976196;1549,714966;2025-07-19 10:59:00;2025-07-19 12:59:00
2025-07-19 12:00:00;2025-07-19 14:00:00;DK1;Solar;1926,916260;1843,718750;1843,718750;1655,759155;1670,980835;2025-07-19 11:59:02;2025-07-19 13:59:02
2025-07-19 13:00:00;2025-07-19 15:00:00;DK1;Solar;1938,847900;1842,884644;1829,729126;1753,857056;1638,397461;2025-07-19 12:59:02;2025-07-19 14:59:02
2025-07-19 14:00:00;2025-07-19 16:00:00;DK1;Solar;1700,585815;1674,366699;1635,974121;1548,972534;1474,915039;2025-07-19 13:59:07;2025-07-19 15:59:07
2025-07-19 15:00:00;2025-07-19 17:00:00;DK1;Solar;1241,655029;1186,387451;1182,510864;1139,997925;1169,480469;2025-07-19 14:59:00;2025-07-19 16:59:00
2025-07-19 16:00:00;2025-07-19 18:00:00;DK1;Solar;755,229980;724,693726;670,320435;713,542053;741,196655;2025-07-19 15:59:00;2025-07-19 17:59:00
2025-07-19 17:00:00;2025-07-19 19:00:00;DK1;Solar;379,945404;370,224152;354,060425;373,170410;475,963745;2025-07-19 16:59:00;2025-07-19 18:59:00
2025-07-19 18:00:00;2025-07-19 20:00:00;DK1;Solar;142,543335;139,874161;137,634995;168,947495;195,517090;2025-07-19 17:59:00;2025-07-19 19:59:00
2025-07-19 19:00:00;2025-07-19 21:00:00;DK1;Solar;19,834167;19,426250;19,622084;33,709999;25,077499;2025-07-19 18:58:59;2025-07-19 20:58:59
2025-07-19 20:00:00;2025-07-19 22:00:00;DK1;Solar;0,915000;0,866667;0,870000;2,255833;0,506667;2025-07-19 19:59:00;2025-07-19 21:59:00
2025-07-19 21:00:00;2025-07-19 23:00:00;DK1;Solar;0,053333;0,017083;0,019583;0,001250;1,866250;2025-07-19 20:58:59;2025-07-19 22:58:59
2025-07-19 22:00:00;2025-07-20 00:00:00;DK1;Solar;0,010000;1,892917;0,010417;0,494167;1,892917;2025-07-19 21:58:59;2025-07-19 23:58:59
2025-07-19 23:00:00;2025-07-20 01:00:00;DK1;Solar;0,019583;0,282500;0,018750;0,509167;0,282500;2025-07-19 22:58:59;2025-07-20 00:58:59
2025-07-20 00:00:00;2025-07-20 02:00:00;DK1;Solar;0,027500;0,986667;0,025833;0,071667;0,986667;2025-07-19 23:59:00;2025-07-20 01:59:00
2025-07-20 01:00:00;2025-07-20 03:00:00;DK1;Solar;0,004167;1,366250;0,000417;0,257500;1,366250;2025-07-20 00:58:59;2025-07-20 02:58:59
2025-07-20 02:00:00;2025-07-20 04:00:00;DK1;Solar;0,585000;1,926667;0,592917;0,970000;1,926667;2025-07-20 01:58:59;2025-07-20 03:58:59
2025-07-20 03:00:00;2025-07-20 05:00:00;DK1;Solar;48,203335;50,003750;48,692081;50,122501;50,003750;2025-07-20 02:58:31;2025-07-20 04:58:31
2025-07-20 04:00:00;2025-07-20 06:00:00;DK1;Solar;499,754181;472,357910;510,946655;509,621246;472,357910;2025-07-20 03:58:30;2025-07-20 05:58:30
2025-07-20 05:00:00;2025-07-20 07:00:00;DK1;Solar;897,634583;657,777893;933,840820;916,143738;657,777893;2025-07-20 04:58:30;2025-07-20 06:58:30
2025-07-20 06:00:00;2025-07-20 08:00:00;DK1;Solar;1315,487061;1020,907104;1339,810059;1250,739990;1020,907104;2025-07-20 05:58:31;2025-07-20 07:58:31
2025-07-20 07:00:00;2025-07-20 09:00:00;DK1;Solar;1672,239990;1553,504639;1635,119141;1553,504639;1373,071655;2025-07-20 06:58:30;2025-07-20 08:58:30
2025-07-20 08:00:00;2025-07-20 10:00:00;DK1;Solar;1900,459106;1824,324585;1872,979980;1759,035889;1499,432495;2025-07-20 07:58:31;2025-07-20 09:58:31
2025-07-20 09:00:00;2025-07-20 11:00:00;DK1;Solar;1984,346680;1881,620850;1917,265381;1770,875854;1527,770020;2025-07-20 08:58:30;2025-07-20 10:58:30
2025-07-20 10:00:00;2025-07-20 12:00:00;DK1;Solar;1904,328369;1821,415039;1834,332031;1789,567871;1550,824585;2025-07-20 09:58:30;2025-07-20 11:58:30
2025-07-20 11:00:00;2025-07-20 13:00:00;DK1;Solar;1805,828735;1632,904175;1632,904175;1587,328735;1503,986694;2025-07-20 10:58:30;2025-07-20 12:58:30
2025-07-20 12:00:00;2025-07-20 14:00:00;DK1;Solar;1775,420776;1734,995850;1734,995850;1659,932495;1471,296631;2025-07-20 11:58:33;2025-07-20 13:58:33
2025-07-20 13:00:00;2025-07-20 15:00:00;DK1;Solar;1804,751709;1869,407104;1888,594604;1690,997559;1732,514526;2025-07-20 12:58:35;2025-07-20 14:58:35
2025-07-20 14:00:00;2025-07-20 16:00:00;DK1;Solar;1539,825806;1566,140869;1598,516235;1536,081665;1414,483765;2025-07-20 13:58:36;2025-07-20 15:58:36
2025-07-20 15:00:00;2025-07-20 17:00:00;DK1;Solar;965,604980;1029,624634;1048,426636;1048,172485;1041,200439;2025-07-20 14:58:30;2025-07-20 16:58:30
2025-07-20 16:00:00;2025-07-20 18:00:00;DK1;Solar;587,409973;607,993774;592,119995;610,374573;601,363770;2025-07-20 15:58:29;2025-07-20 17:58:29
2025-07-20 17:00:00;2025-07-20 19:00:00;DK1;Solar;250,562088;292,910004;285,806671;293,850403;354,432495;2025-07-20 16:58:30;2025-07-20 18:58:30
2025-07-20 18:00:00;2025-07-20 20:00:00;DK1;Solar;96,985420;103,005417;110,625000;124,261665;96,699585;2025-07-20 17:58:30;2025-07-20 19:58:30
2025-07-20 19:00:00;2025-07-20 21:00:00;DK1;Solar;14,587916;15,188750;15,420417;11,970417;18,656250;2025-07-20 18:58:30;2025-07-20 20:58:30
2025-07-20 20:00:00;2025-07-20 22:00:00;DK1;Solar;0,676667;0,733750;0,743750;1,582917;0,151667;2025-07-20 19:58:30;2025-07-20 21:58:30
2025-07-20 21:00:00;2025-07-20 23:00:00;DK1;Solar;0,023333;0,008750;0,000417;0,001250;1,087083;2025-07-20 20:58:31;2025-07-20 22:58:31
2025-07-20 22:00:00;2025-07-21 00:00:00;DK1;Solar;0,005417;1,385417;0,010000;0,293750;1,385417;2025-07-20 21:58:32;2025-07-20 23:58:32
2025-07-20 23:00:00;2025-07-21 01:00:00;DK1;Solar;0,010000;1,242917;0,010000;0,362083;1,242917;2025-07-20 22:58:30;2025-07-21 00:58:30
2025-07-21 00:00:00;2025-07-21 02:00:00;DK1;Solar;0,006667;2,624583;0,008333;0,324167;2,624583;2025-07-20 23:58:31;2025-07-21 01:58:31
2025-07-21 01:00:00;2025-07-21 03:00:00;DK1;Solar;0,014167;3,648333;0,010000;0,688750;3,648333;2025-07-21 00:58:30;2025-07-21 02:58:30
2025-07-21 02:00:00;2025-07-21 04:00:00;DK1;Solar;0,240417;4,673750;0,341250;1,226667;4,673750;2025-07-21 01:58:30;2025-07-21 03:58:30
2025-07-21 03:00:00;2025-07-21 05:00:00;DK1;Solar;18,812500;25,858334;21,737917;21,133751;25,858334;2025-07-21 02:59:04;2025-07-21 04:59:04
2025-07-21 04:00:00;2025-07-21 06:00:00;DK1;Solar;183,868744;164,095001;194,417923;186,210007;164,095001;2025-07-21 03:59:07;2025-07-21 05:59:07
2025-07-21 05:00:00;2025-07-21 07:00:00;DK1;Solar;299,225006;181,941666;293,218750;301,375824;181,941666;2025-07-21 04:59:04;2025-07-21 06:59:04
2025-07-21 06:00:00;2025-07-21 08:00:00;DK1;Solar;416,202515;216,017502;383,345825;361,877075;216,017502;2025-07-21 05:59:04;2025-07-21 07:59:04
2025-07-21 07:00:00;2025-07-21 09:00:00;DK1;Solar;504,164154;407,887512;493,434998;407,887512;347,017914;2025-07-21 06:59:03;2025-07-21 08:59:03
2025-07-21 08:00:00;2025-07-21 10:00:00;DK1;Solar;592,664185;521,407471;616,544189;497,087097;487,733337;2025-07-21 07:59:04;2025-07-21 09:59:04
2025-07-21 09:00:00;2025-07-21 11:00:00;DK1;Solar;724,478333;592,875000;740,789978;561,792053;526,703735;2025-07-21 08:59:03;2025-07-21 10:59:03
2025-07-21 10:00:00;2025-07-21 12:00:00;DK1;Solar;843,555847;679,512939;814,516235;607,166260;605,771240;2025-07-21 09:59:04;2025-07-21 11:59:04
2025-07-21 11:00:00;2025-07-21 13:00:00;DK1;Solar;872,945007;704,846252;704,846252;655,545837;650,980408;2025-07-21 10:59:04;2025-07-21 12:59:04
2025-07-21 12:00:00;2025-07-21 14:00:00;DK1;Solar;829,943726;701,246277;701,246277;604,577515;590,000000;2025-07-21 11:59:15;2025-07-21 13:59:15
2025-07-21 13:00:00;2025-07-21 15:00:00;DK1;Solar;688,672913;698,704163;544,929138;502,311676;514,089600;2025-07-21 12:59:06;2025-07-21 14:59:06
2025-07-21 14:00:00;2025-07-21 16:00:00;DK1;Solar;557,712524;572,672485;471,369171;393,625427;356,157501;2025-07-21 13:59:04;2025-07-21 15:59:04
2025-07-21 15:00:00;2025-07-21 17:00:00;DK1;Solar;403,082092;380,627502;368,829163;255,905411;241,789581;2025-07-21 14:59:07;2025-07-21 16:59:07
2025-07-21 16:00:00;2025-07-21 18:00:00;DK1;Solar;207,424576;201,199173;186,624161;151,719162;176,483749;2025-07-21 15:59:04;2025-07-21 17:59:04
2025-07-21 17:00:00;2025-07-21 19:00:00;DK1;Solar;95,412086;89,052498;78,290833;84,257080;115,058334;2025-07-21 16:59:04;2025-07-21 18:59:04
2025-07-21 18:00:00;2025-07-21 20:00:00;DK1;Solar;32,836666;34,330002;33,226250;42,707916;70,307083;2025-07-21 17:59:04;2025-07-21 19:59:04
2025-07-21 19:00:00;2025-07-21 21:00:00;DK1;Solar;5,433333;6,325417;6,282084;15,820416;12,381667;2025-07-21 18:59:05;2025-07-21 20:59:05
2025-07-21 20:00:00;2025-07-21 22:00:00;DK1;Solar;0,290000;0,345417;0,326250;1,915000;0,000000;2025-07-21 19:59:04;2025-07-21 21:59:04
2025-07-21 21:00:00;2025-07-21 23:00:00;DK1;Solar;0,035000;0,010000;0,005417;0,000000;0,000000;2025-07-21 20:59:04;2025-07-21 22:59:04
2025-07-21 22:00:00;2025-07-22 00:00:00;DK1;Solar;0,002917;0,001250;0,002917;0,002083;0,001250;2025-07-21 21:59:04;2025-07-21 23:59:04
2025-07-21 23:00:00;2025-07-22 01:00:00;DK1;Solar;0,016250;0,009583;0,016250;0,015417;0,009583;2025-07-21 22:59:04;2025-07-22 00:59:04
2025-07-22 00:00:00;2025-07-22 02:00:00;DK1;Solar;0,017917;0,005833;0,017917;0,015833;0,005833;2025-07-21 23:59:04;2025-07-22 01:59:04
2025-07-22 01:00:00;2025-07-22 03:00:00;DK1;Solar;0,004583;0,000000;0,004583;0,000000;0,000000;2025-07-22 00:59:04;2025-07-22 02:59:04
2025-07-22 02:00:00;2025-07-22 04:00:00;DK1;Solar;0,127083;0,125417;0,127083;0,127083;0,125417;2025-07-22 01:59:04;2025-07-22 03:59:04
2025-07-22 03:00:00;2025-07-22 05:00:00;DK1;Solar;7,293750;6,323333;7,317500;6,390833;6,323333;2025-07-22 02:58:40;2025-07-22 04:58:40
2025-07-22 04:00:00;2025-07-22 06:00:00;DK1;Solar;99,811668;82,287498;101,649170;87,945831;82,287498;2025-07-22 03:58:40;2025-07-22 05:58:40
2025-07-22 05:00:00;2025-07-22 07:00:00;DK1;Solar;194,640411;133,530838;167,912506;175,972916;133,530838;2025-07-22 04:58:41;2025-07-22 06:58:41
2025-07-22 06:00:00;2025-07-22 08:00:00;DK1;Solar;270,884583;215,399170;260,414154;247,073746;215,399170;2025-07-22 05:58:39;2025-07-22 07:58:39
2025-07-22 07:00:00;2025-07-22 09:00:00;DK1;Solar;341,231262;347,199158;363,113739;347,199158;319,760834;2025-07-22 06:58:40;2025-07-22 08:58:40
2025-07-22 08:00:00;2025-07-22 10:00:00;DK1;Solar;405,986664;461,397095;467,690826;451,375824;403,442505;2025-07-22 07:58:40;2025-07-22 09:58:40
2025-07-22 09:00:00;2025-07-22 11:00:00;DK1;Solar;470,473328;514,166687;509,928741;498,063324;462,171661;2025-07-22 08:58:40;2025-07-22 10:58:40
2025-07-22 10:00:00;2025-07-22 12:00:00;DK1;Solar;507,944153;496,195831;515,080811;474,817505;461,309998;2025-07-22 09:58:40;2025-07-22 11:58:40
2025-07-22 11:00:00;2025-07-22 13:00:00;DK1;Solar;518,844604;514,108765;514,108765;493,827515;559,053772;2025-07-22 10:58:40;2025-07-22 12:58:40
2025-07-22 12:00:00;2025-07-22 14:00:00;DK1;Solar;513,890015;538,752930;538,752930;552,102478;703,445007;2025-07-22 11:58:44;2025-07-22 13:58:44
2025-07-22 13:00:00;2025-07-22 15:00:00;DK1;Solar;503,392487;533,237061;532,468323;607,151672;572,029175;2025-07-22 12:58:44;2025-07-22 14:58:44
2025-07-22 14:00:00;2025-07-22 16:00:00;DK1;Solar;444,389160;475,125427;475,528320;472,623749;603,333313;2025-07-22 13:58:40;2025-07-22 15:58:40
2025-07-22 15:00:00;2025-07-22 17:00:00;DK1;Solar;321,156250;339,488739;338,345825;354,132507;456,412903;2025-07-22 14:58:40;2025-07-22 16:58:40
2025-07-22 16:00:00;2025-07-22 18:00:00;DK1;Solar;182,003326;174,666672;173,861664;221,733337;390,112091;2025-07-22 15:58:40;2025-07-22 17:58:40
2025-07-22 17:00:00;2025-07-22 19:00:00;DK1;Solar;92,573753;79,638336;75,483749;142,942078;159,757080;2025-07-22 16:58:40;2025-07-22 18:58:40
2025-07-22 18:00:00;2025-07-22 20:00:00;DK1;Solar;37,733749;32,319584;28,742916;49,019585;76,215416;2025-07-22 17:58:40;2025-07-22 19:58:40
2025-07-22 19:00:00;2025-07-22 21:00:00;DK1;Solar;5,633750;5,555000;4,427083;14,915417;14,640833;2025-07-22 18:58:40;2025-07-22 20:58:40
2025-07-22 20:00:00;2025-07-22 22:00:00;DK1;Solar;0,277917;0,277917;0,220000;2,673333;1,958750;2025-07-22 19:58:41;2025-07-22 21:58:41
2025-07-22 21:00:00;2025-07-22 23:00:00;DK1;Solar;0,016667;0,016667;0,000000;0,433333;2,387083;2025-07-22 20:58:40;2025-07-22 22:58:40
2025-07-22 22:00:00;2025-07-23 00:00:00;DK1;Solar;0,000000;2,013750;0,010000;0,625833;2,013750;2025-07-22 21:58:40;2025-07-22 23:58:40
2025-07-22 23:00:00;2025-07-23 01:00:00;DK1;Solar;0,000000;1,702917;0,010000;0,530417;1,702917;2025-07-22 22:58:39;2025-07-23 00:58:39
2025-07-23 00:00:00;2025-07-23 02:00:00;DK1;Solar;0,000000;1,530833;0,002083;0,452500;1,530833;2025-07-22 23:58:40;2025-07-23 01:58:40
2025-07-23 01:00:00;2025-07-23 03:00:00;DK1;Solar;0,000000;1,297083;0,017083;0,409583;1,297083;2025-07-23 00:58:40;2025-07-23 02:58:40
2025-07-23 02:00:00;2025-07-23 04:00:00;DK1;Solar;0,337917;1,230417;0,400833;0,720833;1,230417;2025-07-23 01:58:40;2025-07-23 03:58:40
2025-07-23 03:00:00;2025-07-23 05:00:00;DK1;Solar;25,952499;26,623751;27,324167;26,719166;26,623751;2025-07-23 02:59:24;2025-07-23 04:59:24
2025-07-23 04:00:00;2025-07-23 06:00:00;DK1;Solar;328,568329;318,060822;348,465820;339,549591;318,060822;2025-07-23 03:59:24;2025-07-23 05:59:24
2025-07-23 05:00:00;2025-07-23 07:00:00;DK1;Solar;581,290833;432,426666;666,916260;624,622070;432,426666;2025-07-23 04:59:24;2025-07-23 06:59:24
2025-07-23 06:00:00;2025-07-23 08:00:00;DK1;Solar;836,137085;644,015442;922,624573;840,684570;644,015442;2025-07-23 05:59:24;2025-07-23 07:59:24
2025-07-23 07:00:00;2025-07-23 09:00:00;DK1;Solar;1019,027100;1053,054565;1144,250366;1053,054565;828,463745;2025-07-23 06:59:24;2025-07-23 08:59:24
2025-07-23 08:00:00;2025-07-23 10:00:00;DK1;Solar;1069,750854;1330,910034;1328,688354;1255,627930;1039,847534;2025-07-23 07:59:24;2025-07-23 09:59:24
2025-07-23 09:00:00;2025-07-23 11:00:00;DK1;Solar;1139,930054;1578,084961;1502,291260;1419,954224;1195,380371;2025-07-23 08:59:24;2025-07-23 10:59:24
2025-07-23 10:00:00;2025-07-23 12:00:00;DK1;Solar;1180,460449;1741,880859;1741,880859;1591,881226;1459,317139;2025-07-23 09:59:23;2025-07-23 11:59:23
2025-07-23 11:00:00;2025-07-23 13:00:00;DK1;Solar;1177,043335;1785,188354;1785,188354;1657,202515;1541,231201;2025-07-23 10:59:24;2025-07-23 12:59:24
2025-07-23 12:00:00;2025-07-23 14:00:00;DK1;Solar;1159,057861;1691,454956;1691,454956;1613,574951;1469,298340;2025-07-23 11:59:25;2025-07-23 13:59:25
2025-07-23 13:00:00;2025-07-23 15:00:00;DK1;Solar;1164,917969;1566,218750;1583,296631;1422,866699;1496,977905;2025-07-23 12:59:26;2025-07-23 14:59:26
2025-07-23 14:00:00;2025-07-23 16:00:00;DK1;Solar;1001,969177;1346,516235;1344,275024;1290,935425;1355,789551;2025-07-23 13:59:27;2025-07-23 15:59:27
2025-07-23 15:00:00;2025-07-23 17:00:00;DK1;Solar;731,392944;938,018311;933,143311;905,122070;990,936646;2025-07-23 14:59:24;2025-07-23 16:59:24
2025-07-23 16:00:00;2025-07-23 18:00:00;DK1;Solar;438,399170;574,044189;530,455017;533,300842;643,352905;2025-07-23 15:59:23;2025-07-23 17:59:23
2025-07-23 17:00:00;2025-07-23 19:00:00;DK1;Solar;207,623337;275,396667;247,290833;286,122925;380,100403;2025-07-23 16:59:24;2025-07-23 18:59:24
2025-07-23 18:00:00;2025-07-23 20:00:00;DK1;Solar;73,942085;92,369583;93,728752;123,674164;176,666672;2025-07-23 17:59:24;2025-07-23 19:59:24
2025-07-23 19:00:00;2025-07-23 21:00:00;DK1;Solar;10,227917;10,761666;11,737500;33,822498;45,910416;2025-07-23 18:59:23;2025-07-23 20:59:23
2025-07-23 20:00:00;2025-07-23 22:00:00;DK1;Solar;0,503333;0,443333;0,500417;9,652500;0,336667;2025-07-23 19:59:24;2025-07-23 21:59:24
2025-07-23 21:00:00;2025-07-23 23:00:00;DK1;Solar;0,019167;0,021250;0,010000;0,000000;1,955417;2025-07-23 20:59:26;2025-07-23 22:59:26
2025-07-23 22:00:00;2025-07-24 00:00:00;DK1;Solar;0,010000;1,986250;0,010000;0,512083;1,986250;2025-07-23 21:59:23;2025-07-23 23:59:23
2025-07-23 23:00:00;2025-07-24 01:00:00;DK1;Solar;0,010000;2,203333;0,007917;0,525833;2,203333;2025-07-23 22:59:24;2025-07-24 00:59:24
2025-07-24 00:00:00;2025-07-24 02:00:00;DK1;Solar;0,018750;1,036667;0,027083;0,593750;1,036667;2025-07-23 23:59:24;2025-07-24 01:59:24
2025-07-24 01:00:00;2025-07-24 03:00:00;DK1;Solar;0,018750;0,397500;0,011250;0,272917;0,397500;2025-07-24 00:59:24;2025-07-24 02:59:24
2025-07-24 02:00:00;2025-07-24 04:00:00;DK1;Solar;0,301250;0,411250;0,295000;0,354167;0,411250;2025-07-24 01:59:24;2025-07-24 03:59:24
2025-07-24 03:00:00;2025-07-24 05:00:00;DK1;Solar;22,276667;19,754583;22,507500;20,216249;19,754583;2025-07-24 02:59:24;2025-07-24 04:59:24
2025-07-24 04:00:00;2025-07-24 06:00:00;DK1;Solar;344,483765;304,488739;349,947083;322,589172;304,488739;2025-07-24 03:59:24;2025-07-24 05:59:24
2025-07-24 05:00:00;2025-07-24 07:00:00;DK1;Solar;641,645020;435,767487;610,818726;587,405823;435,767487;2025-07-24 04:59:24;2025-07-24 06:59:24
2025-07-24 06:00:00;2025-07-24 08:00:00;DK1;Solar;927,447937;756,547058;919,117920;900,227478;756,547058;2025-07-24 05:59:24;2025-07-24 07:59:24
2025-07-24 07:00:00;2025-07-24 09:00:00;DK1;Solar;1277,893311;1263,151611;1277,934570;1263,151611;1107,894531;2025-07-24 06:59:23;2025-07-24 08:59:23
2025-07-24 08:00:00;2025-07-24 10:00:00;DK1;Solar;1452,662109;1578,003784;1557,911621;1526,852905;1305,761230;2025-07-24 07:59:24;2025-07-24 09:59:24
2025-07-24 09:00:00;2025-07-24 11:00:00;DK1;Solar;1604,005859;1706,656616;1653,139526;1651,482910;1508,897949;2025-07-24 08:59:23;2025-07-24 10:59:23
2025-07-24 10:00:00;2025-07-24 12:00:00;DK1;Solar;1699,921631;1819,236206;1791,135864;1661,542114;1637,228760;2025-07-24 09:59:23;2025-07-24 11:59:23
2025-07-24 11:00:00;2025-07-24 13:00:00;DK1;Solar;1675,209595;1732,917114;1732,917114;1695,432129;1579,082031;2025-07-24 10:59:23;2025-07-24 12:59:23
2025-07-24 12:00:00;2025-07-24 14:00:00;DK1;Solar;1501,119995;1575,829590;1603,469971;1612,985840;1514,502075;2025-07-24 11:59:25;2025-07-24 13:59:25
2025-07-24 13:00:00;2025-07-24 15:00:00;DK1;Solar;1460,615356;1421,352905;1542,062134;1546,109619;1380,165405;2025-07-24 12:59:25;2025-07-24 14:59:25
2025-07-24 14:00:00;2025-07-24 16:00:00;DK1;Solar;1271,515015;1213,329956;1249,774170;1231,842896;1248,014526;2025-07-24 13:59:25;2025-07-24 15:59:25
2025-07-24 15:00:00;2025-07-24 17:00:00;DK1;Solar;927,110840;895,362061;930,468750;892,589172;790,732910;2025-07-24 14:59:24;2025-07-24 16:59:24
2025-07-24 16:00:00;2025-07-24 18:00:00;DK1;Solar;564,168762;539,690430;558,816223;512,409973;600,766663;2025-07-24 15:59:24;2025-07-24 17:59:24
2025-07-24 17:00:00;2025-07-24 19:00:00;DK1;Solar;272,482086;274,552490;278,095428;294,795410;422,572083;2025-07-24 16:59:23;2025-07-24 18:59:23
2025-07-24 18:00:00;2025-07-24 20:00:00;DK1;Solar;92,489586;102,784164;99,823753;139,661255;179,192917;2025-07-24 17:59:23;2025-07-24 19:59:23
2025-07-24 19:00:00;2025-07-24 21:00:00;DK1;Solar;10,900833;12,306666;12,711250;32,104584;49,749168;2025-07-24 18:59:23;2025-07-24 20:59:23
2025-07-24 20:00:00;2025-07-24 22:00:00;DK1;Solar;0,500833;0,505417;0,538750;10,295000;0,658333;2025-07-24 19:59:23;2025-07-24 21:59:23
2025-07-24 21:00:00;2025-07-24 23:00:00;DK1;Solar;0,020000;0,010000;0,008333;0,043333;0,216250;2025-07-24 20:59:24;2025-07-24 22:59:24
2025-07-24 22:00:00;2025-07-25 00:00:00;DK1;Solar;0,021667;0,960000;0,005833;0,059583;0,960000;2025-07-24 21:59:24;2025-07-24 23:59:24
2025-07-24 23:00:00;2025-07-25 01:00:00;DK1;Solar;0,012083;0,112500;0,010000;0,258750;0,112500;2025-07-24 22:59:24;2025-07-25 00:59:24
2025-07-25 00:00:00;2025-07-25 02:00:00;DK1;Solar;0,002083;0,463750;0,002917;0,030417;0,463750;2025-07-24 23:59:24;2025-07-25 01:59:24
2025-07-25 01:00:00;2025-07-25 03:00:00;DK1;Solar;0,008750;1,305417;0,008750;0,125833;1,305417;2025-07-25 00:59:24;2025-07-25 02:59:24
2025-07-25 02:00:00;2025-07-25 04:00:00;DK1;Solar;0,290417;1,700833;0,282500;0,629583;1,700833;2025-07-25 01:59:24;2025-07-25 03:59:24
2025-07-25 03:00:00;2025-07-25 05:00:00;DK1;Solar;18,689167;18,525833;18,620832;18,262083;18,525833;2025-07-25 02:58:30;2025-07-25 04:58:30
2025-07-25 04:00:00;2025-07-25 06:00:00;DK1;Solar;289,976654;254,542084;294,152069;274,845428;254,542084;2025-07-25 03:58:30;2025-07-25 05:58:30
2025-07-25 05:00:00;2025-07-25 07:00:00;DK1;Solar;576,657104;338,102509;577,029175;532,025818;338,102509;2025-07-25 04:58:29;2025-07-25 06:58:29
2025-07-25 06:00:00;2025-07-25 08:00:00;DK1;Solar;899,878723;532,342896;803,093750;765,795410;532,342896;2025-07-25 05:58:30;2025-07-25 07:58:30
2025-07-25 07:00:00;2025-07-25 09:00:00;DK1;Solar;1212,548340;1061,469116;1113,061279;1061,469116;754,144165;2025-07-25 06:58:31;2025-07-25 08:58:31
2025-07-25 08:00:00;2025-07-25 10:00:00;DK1;Solar;1495,000000;1392,292114;1384,490356;1314,044189;896,342102;2025-07-25 07:58:30;2025-07-25 09:58:30
2025-07-25 09:00:00;2025-07-25 11:00:00;DK1;Solar;1672,713745;1570,962891;1564,586670;1461,725830;1004,979980;2025-07-25 08:58:30;2025-07-25 10:58:30
2025-07-25 10:00:00;2025-07-25 12:00:00;DK1;Solar;1780,696655;1700,581299;1702,019165;1555,855469;1105,455444;2025-07-25 09:58:30;2025-07-25 11:58:30
2025-07-25 11:00:00;2025-07-25 13:00:00;DK1;Solar;1808,359131;1722,557129;1722,557129;1628,098389;1158,158325;2025-07-25 10:58:30;2025-07-25 12:58:30
2025-07-25 12:00:00;2025-07-25 14:00:00;DK1;Solar;1793,629150;1713,523804;1705,495850;1618,206299;1156,152466;2025-07-25 11:58:34;2025-07-25 13:58:34
2025-07-25 13:00:00;2025-07-25 15:00:00;DK1;Solar;1617,214966;1660,975830;1729,590454;1621,343750;1151,155884;2025-07-25 12:58:32;2025-07-25 14:58:32
2025-07-25 14:00:00;2025-07-25 16:00:00;DK1;Solar;1372,570435;1427,632446;1485,728760;1389,118774;1008,312073;2025-07-25 13:58:39;2025-07-25 15:58:39
2025-07-25 15:00:00;2025-07-25 17:00:00;DK1;Solar;985,353760;1013,250427;1049,337891;929,527893;666,549194;2025-07-25 14:58:29;2025-07-25 16:58:29
2025-07-25 16:00:00;2025-07-25 18:00:00;DK1;Solar;566,867493;591,343323;605,275818;491,086670;375,018738;2025-07-25 15:58:29;2025-07-25 17:58:29
2025-07-25 17:00:00;2025-07-25 19:00:00;DK1;Solar;259,901245;285,445404;289,620422;218,312500;167,410416;2025-07-25 16:58:29;2025-07-25 18:58:29
2025-07-25 18:00:00;2025-07-25 20:00:00;DK1;Solar;89,847504;95,847504;88,697502;63,412083;53,505833;2025-07-25 17:58:30;2025-07-25 19:58:30
2025-07-25 19:00:00;2025-07-25 21:00:00;DK1;Solar;10,550417;10,495000;9,701250;1,102500;5,367084;2025-07-25 18:58:29;2025-07-25 20:58:29
2025-07-25 20:00:00;2025-07-25 22:00:00;DK1;Solar;0,452917;0,410000;0,382917;0,002083;1,086250;2025-07-25 19:58:30;2025-07-25 21:58:30
2025-07-25 21:00:00;2025-07-25 23:00:00;DK1;Solar;0,027083;0,000000;0,018750;0,192083;3,150000;2025-07-25 20:58:29;2025-07-25 22:58:29
2025-07-25 22:00:00;2025-07-26 00:00:00;DK1;Solar;0,025833;3,481250;0,011250;0,824167;3,481250;2025-07-25 21:58:30;2025-07-25 23:58:30
2025-07-25 23:00:00;2025-07-26 01:00:00;DK1;Solar;0,008750;2,875833;0,004167;0,927917;2,875833;2025-07-25 22:58:30;2025-07-26 00:58:30
2025-07-26 00:00:00;2025-07-26 02:00:00;DK1;Solar;0,016667;2,752083;0,010000;0,753333;2,752083;2025-07-25 23:58:30;2025-07-26 01:58:30
2025-07-26 01:00:00;2025-07-26 03:00:00;DK1;Solar;0,002917;1,527500;0,000000;0,715000;1,527500;2025-07-26 00:58:30;2025-07-26 02:58:30
2025-07-26 02:00:00;2025-07-26 04:00:00;DK1;Solar;0,339167;2,667083;0,320000;0,737917;2,667083;2025-07-26 01:58:30;2025-07-26 03:58:30
2025-07-26 03:00:00;2025-07-26 05:00:00;DK1;Solar;20,308332;22,772083;18,970417;20,691250;22,772083;2025-07-26 02:58:41;2025-07-26 04:58:41
2025-07-26 04:00:00;2025-07-26 06:00:00;DK1;Solar;332,742493;306,212494;327,753326;322,203339;306,212494;2025-07-26 03:58:40;2025-07-26 05:58:40
2025-07-26 05:00:00;2025-07-26 07:00:00;DK1;Solar;647,921265;433,265411;650,117493;631,716248;433,265411;2025-07-26 04:58:41;2025-07-26 06:58:41
2025-07-26 06:00:00;2025-07-26 08:00:00;DK1;Solar;952,989563;669,962891;938,000427;879,552490;669,962891;2025-07-26 05:58:40;2025-07-26 07:58:40
2025-07-26 07:00:00;2025-07-26 09:00:00;DK1;Solar;1209,420410;1106,433716;1103,500366;1106,433716;835,859985;2025-07-26 06:58:41;2025-07-26 08:58:41
2025-07-26 08:00:00;2025-07-26 10:00:00;DK1;Solar;1416,452881;1394,952515;1325,580444;1306,171631;1079,284180;2025-07-26 07:58:41;2025-07-26 09:58:41
2025-07-26 09:00:00;2025-07-26 11:00:00;DK1;Solar;1530,812866;1614,507080;1517,206299;1485,723755;1393,930420;2025-07-26 08:58:41;2025-07-26 10:58:41
2025-07-26 10:00:00;2025-07-26 12:00:00;DK1;Solar;1567,697144;1707,618774;1656,017090;1665,492065;1614,385864;2025-07-26 09:58:41;2025-07-26 11:58:41
2025-07-26 11:00:00;2025-07-26 13:00:00;DK1;Solar;1584,295410;1752,652100;1752,652100;1728,529541;1666,286255;2025-07-26 10:58:40;2025-07-26 12:58:40
2025-07-26 12:00:00;2025-07-26 14:00:00;DK1;Solar;1423,970825;1621,695435;1621,695435;1637,035400;1381,728760;2025-07-26 11:58:42;2025-07-26 13:58:42
2025-07-26 13:00:00;2025-07-26 15:00:00;DK1;Solar;1329,657959;1435,253784;1452,680420;1418,000854;1140,338745;2025-07-26 12:58:41;2025-07-26 14:58:41
2025-07-26 14:00:00;2025-07-26 16:00:00;DK1;Solar;1147,925415;1165,588379;1185,344604;1142,898315;1099,243286;2025-07-26 13:58:42;2025-07-26 15:58:42
2025-07-26 15:00:00;2025-07-26 17:00:00;DK1;Solar;851,387085;747,152100;829,033325;837,346680;781,799194;2025-07-26 14:58:41;2025-07-26 16:58:41
2025-07-26 16:00:00;2025-07-26 18:00:00;DK1;Solar;509,828735;461,464996;464,296661;476,197510;424,440002;2025-07-26 15:58:45;2025-07-26 17:58:45
2025-07-26 17:00:00;2025-07-26 19:00:00;DK1;Solar;247,868744;226,352081;231,405411;220,867920;242,438339;2025-07-26 16:58:41;2025-07-26 18:58:41
2025-07-26 18:00:00;2025-07-26 20:00:00;DK1;Solar;88,191666;77,913330;71,172501;76,400002;62,290833;2025-07-26 17:58:41;2025-07-26 19:58:41
2025-07-26 19:00:00;2025-07-26 21:00:00;DK1;Solar;10,671667;9,420000;8,422916;3,454583;3,073750;2025-07-26 18:58:41;2025-07-26 20:58:41
2025-07-26 20:00:00;2025-07-26 22:00:00;DK1;Solar;0,412917;0,392917;0,337083;0,002083;0,000000;2025-07-26 19:58:41;2025-07-26 21:58:41
2025-07-26 21:00:00;2025-07-26 23:00:00;DK1;Solar;0,011250;0,000000;0,000417;0,000000;0,995417;2025-07-26 20:58:41;2025-07-26 22:58:41
2025-07-26 22:00:00;2025-07-27 00:00:00;DK1;Solar;0,001250;0,367917;0,008333;0,261250;0,367917;2025-07-26 21:58:42;2025-07-26 23:58:42
2025-07-26 23:00:00;2025-07-27 01:00:00;DK1;Solar;0,008750;0,000000;0,010000;0,103333;0,000000;2025-07-26 22:58:41;2025-07-27 00:58:41
2025-07-27 00:00:00;2025-07-27 02:00:00;DK1;Solar;0,000000;0,000000;0,007083;0,000000;0,000000;2025-07-26 23:58:42;2025-07-27 01:58:42
2025-07-27 01:00:00;2025-07-27 03:00:00;DK1;Solar;0,000000;0,000000;0,010000;0,008750;0,000000;2025-07-27 00:58:41;2025-07-27 02:58:41
2025-07-27 02:00:00;2025-07-27 04:00:00;DK1;Solar;0,290417;0,313750;0,297917;0,256667;0,313750;2025-07-27 01:58:41;2025-07-27 03:58:41
2025-07-27 03:00:00;2025-07-27 05:00:00;DK1;Solar;16,559584;15,018750;16,649584;15,039583;15,018750;2025-07-27 02:59:24;2025-07-27 04:59:24
2025-07-27 04:00:00;2025-07-27 06:00:00;DK1;Solar;317,462494;291,892090;315,451660;303,602081;291,892090;2025-07-27 03:59:24;2025-07-27 05:59:24
2025-07-27 05:00:00;2025-07-27 07:00:00;DK1;Solar;670,643311;447,236664;640,120422;619,644592;447,236664;2025-07-27 04:59:24;2025-07-27 06:59:24
2025-07-27 06:00:00;2025-07-27 08:00:00;DK1;Solar;1062,420410;750,890808;1005,543762;956,947937;750,890808;2025-07-27 05:59:24;2025-07-27 07:59:24
2025-07-27 07:00:00;2025-07-27 09:00:00;DK1;Solar;1471,913330;1284,867554;1338,326294;1284,867554;1067,611694;2025-07-27 06:59:25;2025-07-27 08:59:25
2025-07-27 08:00:00;2025-07-27 10:00:00;DK1;Solar;1685,653320;1599,582520;1594,777100;1538,434570;1321,927490;2025-07-27 07:59:25;2025-07-27 09:59:25
2025-07-27 09:00:00;2025-07-27 11:00:00;DK1;Solar;1874,620361;1778,187134;1804,792480;1742,435791;1502,907471;2025-07-27 08:59:25;2025-07-27 10:59:25
2025-07-27 10:00:00;2025-07-27 12:00:00;DK1;Solar;1955,782471;1876,028320;1869,680054;1832,714966;1610,442139;2025-07-27 09:59:25;2025-07-27 11:59:25
2025-07-27 11:00:00;2025-07-27 13:00:00;DK1;Solar;1940,410889;1910,230835;1910,230835;1833,152100;1508,011230;2025-07-27 10:59:26;2025-07-27 12:59:26
2025-07-27 12:00:00;2025-07-27 14:00:00;DK1;Solar;1869,741211;1875,497559;1882,406616;1768,353760;1407,129639;2025-07-27 11:59:27;2025-07-27 13:59:27
2025-07-27 13:00:00;2025-07-27 15:00:00;DK1;Solar;1741,572144;1772,741699;1749,657471;1624,283325;1418,212036;2025-07-27 12:59:36;2025-07-27 14:59:36
2025-07-27 14:00:00;2025-07-27 16:00:00;DK1;Solar;1469,405884;1526,564209;1496,518799;1369,315796;1251,183350;2025-07-27 13:59:26;2025-07-27 15:59:26
2025-07-27 15:00:00;2025-07-27 17:00:00;DK1;Solar;1039,834961;1103,486206;1071,403320;990,396240;968,227478;2025-07-27 14:59:25;2025-07-27 16:59:25
2025-07-27 16:00:00;2025-07-27 18:00:00;DK1;Solar;612,591248;669,122925;641,804138;604,596252;728,173340;2025-07-27 15:59:25;2025-07-27 17:59:25
2025-07-27 17:00:00;2025-07-27 19:00:00;DK1;Solar;298,008331;332,491669;301,420837;332,602905;430,102509;2025-07-27 16:59:25;2025-07-27 18:59:25
2025-07-27 18:00:00;2025-07-27 20:00:00;DK1;Solar;98,904999;107,485420;99,109581;137,398331;158,524582;2025-07-27 17:59:24;2025-07-27 19:59:24
2025-07-27 19:00:00;2025-07-27 21:00:00;DK1;Solar;9,959167;10,611667;10,592916;25,196667;32,250416;2025-07-27 18:59:25;2025-07-27 20:59:25
2025-07-27 20:00:00;2025-07-27 22:00:00;DK1;Solar;0,374583;0,376250;0,359167;5,770417;0,758750;2025-07-27 19:59:25;2025-07-27 21:59:25
2025-07-27 21:00:00;2025-07-27 23:00:00;DK1;Solar;0,027500;0,000000;0,000000;0,093333;2,214583;2025-07-27 20:59:25;2025-07-27 22:59:25
2025-07-27 22:00:00;2025-07-28 00:00:00;DK1;Solar;0,005417;1,556250;0,010000;0,577917;1,556250;2025-07-27 21:59:25;2025-07-27 23:59:25
2025-07-27 23:00:00;2025-07-28 01:00:00;DK1;Solar;0,010000;2,103750;0,010000;0,410000;2,103750;2025-07-27 22:59:25;2025-07-28 00:59:25
2025-07-28 00:00:00;2025-07-28 02:00:00;DK1;Solar;0,002917;2,319583;0,001250;0,560417;2,319583;2025-07-27 23:59:25;2025-07-28 01:59:25
2025-07-28 01:00:00;2025-07-28 03:00:00;DK1;Solar;0,008333;2,030833;0,005833;0,606667;2,030833;2025-07-28 00:59:25;2025-07-28 02:59:25
2025-07-28 02:00:00;2025-07-28 04:00:00;DK1;Solar;0,311250;1,970417;0,327500;0,832500;1,970417;2025-07-28 01:59:25;2025-07-28 03:59:25
2025-07-28 03:00:00;2025-07-28 05:00:00;DK1;Solar;18,764166;20,330833;18,444166;18,785000;20,330833;2025-07-28 02:58:56;2025-07-28 04:58:56
2025-07-28 04:00:00;2025-07-28 06:00:00;DK1;Solar;395,453339;389,087097;389,266663;394,619171;389,087097;2025-07-28 03:58:56;2025-07-28 05:58:56
2025-07-28 05:00:00;2025-07-28 07:00:00;DK1;Solar;820,007507;579,837524;817,569580;837,320007;579,837524;2025-07-28 04:58:57;2025-07-28 06:58:57
2025-07-28 06:00:00;2025-07-28 08:00:00;DK1;Solar;1259,500000;934,455811;1246,865356;1212,170410;934,455811;2025-07-28 05:58:56;2025-07-28 07:58:56
2025-07-28 07:00:00;2025-07-28 09:00:00;DK1;Solar;1710,171265;1576,157471;1704,870850;1576,157471;1323,441650;2025-07-28 06:58:56;2025-07-28 08:58:56
2025-07-28 08:00:00;2025-07-28 10:00:00;DK1;Solar;1993,616699;1988,543701;1995,331299;1898,312134;1613,584106;2025-07-28 07:58:56;2025-07-28 09:58:56
2025-07-28 09:00:00;2025-07-28 11:00:00;DK1;Solar;2150,403320;2175,468262;2166,619141;2070,725342;1763,842529;2025-07-28 08:58:57;2025-07-28 10:58:57
2025-07-28 10:00:00;2025-07-28 12:00:00;DK1;Solar;2225,184082;2251,822998;2248,626221;2146,209961;1856,671631;2025-07-28 09:58:57;2025-07-28 11:58:57
2025-07-28 11:00:00;2025-07-28 13:00:00;DK1;Solar;2230,387939;2257,927979;2257,927979;2153,920410;1882,699219;2025-07-28 10:58:56;2025-07-28 12:58:56
2025-07-28 12:00:00;2025-07-28 14:00:00;DK1;Solar;2171,060791;2203,155518;2204,572510;2099,001709;1796,817871;2025-07-28 11:59:02;2025-07-28 13:59:02
2025-07-28 13:00:00;2025-07-28 15:00:00;DK1;Solar;2071,078369;2083,477051;2080,695313;1973,438354;1757,699951;2025-07-28 12:58:58;2025-07-28 14:58:58
2025-07-28 14:00:00;2025-07-28 16:00:00;DK1;Solar;1778,306274;1779,154541;1775,294556;1690,165894;1486,332886;2025-07-28 13:58:58;2025-07-28 15:58:58
2025-07-28 15:00:00;2025-07-28 17:00:00;DK1;Solar;1251,731201;1254,057129;1255,294556;1185,096680;1286,883301;2025-07-28 15:00:36;2025-07-28 17:00:36
2025-07-28 16:00:00;2025-07-28 18:00:00;DK1;Solar;722,752502;726,362061;728,579163;;843,606262;2025-07-28 15:58:56;2025-07-28 17:58:56
2025-07-28 17:00:00;2025-07-28 19:00:00;DK1;Solar;342,072083;342,724152;343,535004;373,543762;448,938324;2025-07-28 16:58:56;2025-07-28 18:58:56
2025-07-28 18:00:00;2025-07-28 20:00:00;DK1;Solar;111,354584;111,371666;111,427917;138,401672;146,820007;2025-07-28 17:58:56;2025-07-28 19:58:56
2025-07-28 19:00:00;2025-07-28 21:00:00;DK1;Solar;10,399583;10,507916;10,392917;19,745832;22,776251;2025-07-28 18:58:56;2025-07-28 20:58:56
2025-07-28 20:00:00;2025-07-28 22:00:00;DK1;Solar;0,335833;0,341250;;3,568333;3,404583;2025-07-28 19:58:56;2025-07-28 21:58:56
2025-07-28 21:00:00;2025-07-28 23:00:00;DK1;Solar;0,000000;0,000000;0,010000;0,807917;3,219583;2025-07-28 20:58:58;2025-07-28 22:58:58
2025-07-28 22:00:00;2025-07-29 00:00:00;DK1;Solar;0,010000;4,242917;0,010000;0,837917;4,242917;2025-07-28 21:58:56;2025-07-28 23:58:56
2025-07-28 23:00:00;2025-07-29 01:00:00;DK1;Solar;0,010000;5,525417;0,010000;1,106250;5,525417;2025-07-28 22:58:56;2025-07-29 00:58:56
2025-07-29 00:00:00;2025-07-29 02:00:00;DK1;Solar;0,010000;3,706667;0,013333;1,439583;3,706667;2025-07-28 23:58:56;2025-07-29 01:58:56
2025-07-29 01:00:00;2025-07-29 03:00:00;DK1;Solar;0,001250;5,270000;0,001250;0,969583;5,270000;2025-07-29 00:58:56;2025-07-29 02:58:56
2025-07-29 02:00:00;2025-07-29 04:00:00;DK1;Solar;0,260000;6,770417;0,295417;1,646667;6,770417;2025-07-29 01:58:56;2025-07-29 03:58:56
2025-07-29 03:00:00;2025-07-29 05:00:00;DK1;Solar;16,372499;23,261250;16,667500;18,549583;23,261250;2025-07-29 02:58:50;2025-07-29 04:58:50
2025-07-29 04:00:00;2025-07-29 06:00:00;DK1;Solar;405,818329;401,345825;395,881653;402,432922;401,345825;2025-07-29 03:58:50;2025-07-29 05:58:50
2025-07-29 05:00:00;2025-07-29 07:00:00;DK1;Solar;889,988770;596,780823;894,034180;851,432922;596,780823;2025-07-29 04:58:50;2025-07-29 06:58:50
2025-07-29 06:00:00;2025-07-29 08:00:00;DK1;Solar;1316,404541;976,722473;1304,075439;1195,764160;976,722473;2025-07-29 05:58:50;2025-07-29 07:58:50
2025-07-29 07:00:00;2025-07-29 09:00:00;DK1;Solar;1641,669189;1552,235840;1605,401611;1552,235840;1322,777100;2025-07-29 06:58:51;2025-07-29 08:58:51
2025-07-29 08:00:00;2025-07-29 10:00:00;DK1;Solar;1780,204224;1784,546631;1744,017944;1705,102051;1300,625366;2025-07-29 07:58:50;2025-07-29 09:58:50
2025-07-29 09:00:00;2025-07-29 11:00:00;DK1;Solar;1829,545410;1876,592896;1838,914185;1742,062500;1587,151611;2025-07-29 08:58:50;2025-07-29 10:58:50
2025-07-29 10:00:00;2025-07-29 12:00:00;DK1;Solar;1852,421265;1888,526245;1872,402954;1778,428711;1534,487549;2025-07-29 09:58:50;2025-07-29 11:58:50
2025-07-29 11:00:00;2025-07-29 13:00:00;DK1;Solar;1746,624634;1812,410034;1812,410034;1735,366699;1553,185059;2025-07-29 10:58:50;2025-07-29 12:58:50
2025-07-29 12:00:00;2025-07-29 14:00:00;DK1;Solar;1588,146240;1641,603760;1641,603760;1558,864136;1462,541260;2025-07-29 11:28:51;2025-07-29 13:28:51
2025-07-29 13:00:00;2025-07-29 15:00:00;DK1;Solar;1486,091675;1615,313721;1592,887939;;1606,511230;2025-07-29 11:28:51;2025-07-29 13:28:51
2025-07-29 14:00:00;2025-07-29 16:00:00;DK1;Solar;1222,785034;1297,178345;1265,270874;;1286,831299;2025-07-29 11:28:51;2025-07-29 13:28:51
2025-07-29 15:00:00;2025-07-29 17:00:00;DK1;Solar;847,087891;902,180420;893,360840;;930,884155;2025-07-29 11:28:51;2025-07-29 13:28:51
2025-07-29 16:00:00;2025-07-29 18:00:00;DK1;Solar;503,018738;526,068726;518,366638;;518,366638;2025-07-29 11:28:51;2025-07-29 13:28:51
2025-07-29 17:00:00;2025-07-29 19:00:00;DK1;Solar;226,819580;249,367081;;;236,817917;2025-07-29 11:28:51;2025-07-29 13:28:51
2025-07-29 18:00:00;2025-07-29 20:00:00;DK1;Solar;70,403336;77,947502;;;76,277496;2025-07-29 11:28:51;2025-07-29 13:28:51
2025-07-29 19:00:00;2025-07-29 21:00:00;DK1;Solar;6,835834;7,316667;;;7,205000;2025-07-29 11:28:51;2025-07-29 13:28:51
2025-07-29 20:00:00;2025-07-29 22:00:00;DK1;Solar;0,247500;0,241250;;;0,230833;2025-07-29 11:28:51;2025-07-29 13:28:51
2025-07-29 21:00:00;2025-07-29 23:00:00;DK1;Solar;0,037917;0,000000;;;0,000000;2025-07-29 11:28:51;2025-07-29 13:28:51
