HourUTC;HourDK;MunicipalityNo;SolarMWh;OffshoreWindLt100MW_MWh;OffshoreWindGe100MW_MWh;OnshoreWindMWh;ThermalPowerMWh
2025-03-03 23:00:00;2025-03-04 00:00:00;706;0,000000;;;10,423965;0,323800
2025-03-04 00:00:00;2025-03-04 01:00:00;706;0,000000;;;9,086540;0,324000
2025-03-04 01:00:00;2025-03-04 02:00:00;706;0,000000;;;8,587655;0,323640
2025-03-04 02:00:00;2025-03-04 03:00:00;706;0,000000;;;9,104539;0,323840
2025-03-04 03:00:00;2025-03-04 04:00:00;706;0,000000;;;7,378541;0,323780
2025-03-04 04:00:00;2025-03-04 05:00:00;706;0,000000;;;4,472558;0,323710
2025-03-04 05:00:00;2025-03-04 06:00:00;706;0,000000;;;4,444909;0,324465
2025-03-04 06:00:00;2025-03-04 07:00:00;706;0,226000;;;6,425385;0,323820
2025-03-04 07:00:00;2025-03-04 08:00:00;706;0,814000;;;6,795980;0,323520
2025-03-04 08:00:00;2025-03-04 09:00:00;706;1,123000;;;8,705488;0,283952
2025-03-04 09:00:00;2025-03-04 10:00:00;706;1,761000;;;13,002367;0,150610
2025-03-04 10:00:00;2025-03-04 11:00:00;706;1,996000;;;13,450332;0,148780
2025-03-04 11:00:00;2025-03-04 12:00:00;706;2,994000;;;14,458526;0,149050
2025-03-04 12:00:00;2025-03-04 13:00:00;706;2,966000;;;12,533560;0,148960
2025-03-04 13:00:00;2025-03-04 14:00:00;706;1,791000;;;11,672560;0,150655
2025-03-04 14:00:00;2025-03-04 15:00:00;706;1,118000;;;10,333243;0,150598
2025-03-04 15:00:00;2025-03-04 16:00:00;706;0,419000;;;10,135329;0,149725
2025-03-04 16:00:00;2025-03-04 17:00:00;706;0,086000;;;10,088168;0,274152
2025-03-04 17:00:00;2025-03-04 18:00:00;706;0,001000;;;10,759530;0,325304
2025-03-04 18:00:00;2025-03-04 19:00:00;706;0,000000;;;10,751793;0,325309
2025-03-04 19:00:00;2025-03-04 20:00:00;706;0,000000;;;10,662912;0,325222
2025-03-04 20:00:00;2025-03-04 21:00:00;706;0,000000;;;12,581161;0,325488
2025-03-04 21:00:00;2025-03-04 22:00:00;706;0,000000;;;13,908241;0,325043
2025-03-04 22:00:00;2025-03-04 23:00:00;706;0,000000;;;13,538777;0,323730
2025-03-04 23:00:00;2025-03-05 00:00:00;706;0,000000;;;13,745587;0,323650
2025-03-05 00:00:00;2025-03-05 01:00:00;706;0,000000;;;13,302524;0,323930
2025-03-05 01:00:00;2025-03-05 02:00:00;706;0,000000;;;12,825479;0,323740
2025-03-05 02:00:00;2025-03-05 03:00:00;706;0,000000;;;11,603391;0,323640
2025-03-05 03:00:00;2025-03-05 04:00:00;706;0,000000;;;10,073751;0,323840
2025-03-05 04:00:00;2025-03-05 05:00:00;706;0,000000;;;10,887942;0,324005
2025-03-05 05:00:00;2025-03-05 06:00:00;706;0,000000;;;10,493653;0,323945
2025-03-05 06:00:00;2025-03-05 07:00:00;706;0,156000;;;10,516484;0,323770
2025-03-05 07:00:00;2025-03-05 08:00:00;706;0,667000;;;10,303603;0,323610
2025-03-05 08:00:00;2025-03-05 09:00:00;706;1,523000;;;10,327852;0,325098
2025-03-05 09:00:00;2025-03-05 10:00:00;706;2,485000;;;10,948083;0,325035
2025-03-05 10:00:00;2025-03-05 11:00:00;706;3,540000;;;10,594245;0,184660
2025-03-05 11:00:00;2025-03-05 12:00:00;706;3,351000;;;12,082674;0,173349
2025-03-05 12:00:00;2025-03-05 13:00:00;706;3,172000;;;11,753595;0,201071
2025-03-05 13:00:00;2025-03-05 14:00:00;706;2,273000;;;11,460234;0,259160
2025-03-05 14:00:00;2025-03-05 15:00:00;706;1,896000;;;12,622118;0,300230
2025-03-05 15:00:00;2025-03-05 16:00:00;706;0,880000;;;14,033910;0,300574
2025-03-05 16:00:00;2025-03-05 17:00:00;706;0,168000;;;14,089736;0,340956
2025-03-05 17:00:00;2025-03-05 18:00:00;706;0,001000;;;12,714126;0,648373
2025-03-05 18:00:00;2025-03-05 19:00:00;706;0,000000;;;11,348912;0,648529
2025-03-05 19:00:00;2025-03-05 20:00:00;706;0,000000;;;9,588755;0,648889
2025-03-05 20:00:00;2025-03-05 21:00:00;706;0,000000;;;9,785123;0,649371
2025-03-05 21:00:00;2025-03-05 22:00:00;706;0,000000;;;9,651889;0,648201
2025-03-05 22:00:00;2025-03-05 23:00:00;706;0,000000;;;6,886317;0,494860
2025-03-05 23:00:00;2025-03-06 00:00:00;706;0,000000;;;6,519828;0,350230
2025-03-06 00:00:00;2025-03-06 01:00:00;706;0,000000;;;6,590282;0,350000
2025-03-06 01:00:00;2025-03-06 02:00:00;706;0,000000;;;6,655436;0,350190
2025-03-06 02:00:00;2025-03-06 03:00:00;706;0,000000;;;6,276547;0,349980
2025-03-06 03:00:00;2025-03-06 04:00:00;706;0,000000;;;5,726969;0,350140
2025-03-06 04:00:00;2025-03-06 05:00:00;706;0,000000;;;6,369720;0,355150
2025-03-06 05:00:00;2025-03-06 06:00:00;706;0,000000;;;4,685036;0,652629
2025-03-06 06:00:00;2025-03-06 07:00:00;706;0,393000;;;3,806498;0,696302
2025-03-06 07:00:00;2025-03-06 08:00:00;706;2,315000;;;4,732444;0,688400
2025-03-06 08:00:00;2025-03-06 09:00:00;706;4,725000;;;5,644281;0,691320
2025-03-06 09:00:00;2025-03-06 10:00:00;706;6,753000;;;5,383712;0,469470
2025-03-06 10:00:00;2025-03-06 11:00:00;706;7,764000;;;5,482105;0,299440
2025-03-06 11:00:00;2025-03-06 12:00:00;706;7,989000;;;6,395530;0,299610
2025-03-06 12:00:00;2025-03-06 13:00:00;706;7,376000;;;7,983578;0,299490
2025-03-06 13:00:00;2025-03-06 14:00:00;706;5,965000;;;8,451403;0,300878
2025-03-06 14:00:00;2025-03-06 15:00:00;706;4,142000;;;6,745960;0,301713
2025-03-06 15:00:00;2025-03-06 16:00:00;706;1,842000;;;5,862303;0,527623
2025-03-06 16:00:00;2025-03-06 17:00:00;706;0,290000;;;4,914233;0,639854
2025-03-06 17:00:00;2025-03-06 18:00:00;706;0,002000;;;4,324885;0,643778
2025-03-06 18:00:00;2025-03-06 19:00:00;706;0,000000;;;3,737329;0,647409
2025-03-06 19:00:00;2025-03-06 20:00:00;706;0,000000;;;3,609190;0,648302
2025-03-06 20:00:00;2025-03-06 21:00:00;706;0,000000;;;2,872876;0,649370
2025-03-06 21:00:00;2025-03-06 22:00:00;706;0,000000;;;3,792086;0,588227
2025-03-06 22:00:00;2025-03-06 23:00:00;706;0,000000;;;3,100946;0,350160
2025-03-06 23:00:00;2025-03-07 00:00:00;706;0,000000;;;1,945007;0,350010
2025-03-07 00:00:00;2025-03-07 01:00:00;706;0,000000;;;1,913671;0,350020
2025-03-07 01:00:00;2025-03-07 02:00:00;706;0,000000;;;1,299424;0,350210
2025-03-07 02:00:00;2025-03-07 03:00:00;706;0,000000;;;1,204043;0,350000
2025-03-07 03:00:00;2025-03-07 04:00:00;706;0,000000;;;1,312651;0,350080
2025-03-07 04:00:00;2025-03-07 05:00:00;706;0,000000;;;1,190238;0,414490
2025-03-07 05:00:00;2025-03-07 06:00:00;706;0,001000;;;0,950717;0,648576
2025-03-07 06:00:00;2025-03-07 07:00:00;706;0,405000;;;1,242673;0,647810
2025-03-07 07:00:00;2025-03-07 08:00:00;706;2,247000;;;1,112502;0,648210
2025-03-07 08:00:00;2025-03-07 09:00:00;706;4,043000;;;0,998923;0,625210
2025-03-07 09:00:00;2025-03-07 10:00:00;706;6,146000;;;0,873765;0,300406
2025-03-07 10:00:00;2025-03-07 11:00:00;706;6,639000;;;0,591155;0,301370
2025-03-07 11:00:00;2025-03-07 12:00:00;706;6,226000;;;0,524023;0,300063
2025-03-07 12:00:00;2025-03-07 13:00:00;706;5,734000;;;0,715636;0,299580
2025-03-07 13:00:00;2025-03-07 14:00:00;706;4,752000;;;0,970895;0,300770
2025-03-07 14:00:00;2025-03-07 15:00:00;706;2,543000;;;1,300487;0,300240
2025-03-07 15:00:00;2025-03-07 16:00:00;706;1,529000;;;1,351767;0,568030
2025-03-07 16:00:00;2025-03-07 17:00:00;706;0,186000;;;2,167168;0,645210
2025-03-07 17:00:00;2025-03-07 18:00:00;706;0,000000;;;1,995571;0,645700
2025-03-07 18:00:00;2025-03-07 19:00:00;706;0,000000;;;1,789165;0,645668
2025-03-07 19:00:00;2025-03-07 20:00:00;706;0,000000;;;1,975231;0,648325
2025-03-07 20:00:00;2025-03-07 21:00:00;706;0,000000;;;1,786318;0,647757
2025-03-07 21:00:00;2025-03-07 22:00:00;706;0,000000;;;1,516918;0,646606
2025-03-07 22:00:00;2025-03-07 23:00:00;706;0,000000;;;1,136019;0,635990
2025-03-07 23:00:00;2025-03-08 00:00:00;706;0,000000;;;0,530955;0,449270
2025-03-08 00:00:00;2025-03-08 01:00:00;706;0,000000;;;0,209885;0,449550
2025-03-08 01:00:00;2025-03-08 02:00:00;706;0,000000;;;0,136650;0,449290
2025-03-08 02:00:00;2025-03-08 03:00:00;706;0,000000;;;0,053769;0,449420
2025-03-08 03:00:00;2025-03-08 04:00:00;706;0,000000;;;0,059608;0,449420
2025-03-08 04:00:00;2025-03-08 05:00:00;706;0,000000;;;0,007702;0,449530
2025-03-08 05:00:00;2025-03-08 06:00:00;706;0,001000;;;0,000000;0,449530
2025-03-08 06:00:00;2025-03-08 07:00:00;706;0,389000;;;0,000000;0,449773
2025-03-08 07:00:00;2025-03-08 08:00:00;706;1,581000;;;0,000000;0,583117
2025-03-08 08:00:00;2025-03-08 09:00:00;706;3,346000;;;0,000000;0,598660
2025-03-08 09:00:00;2025-03-08 10:00:00;706;5,229000;;;0,000000;0,366485
2025-03-08 10:00:00;2025-03-08 11:00:00;706;6,102000;;;0,001453;0,299761
2025-03-08 11:00:00;2025-03-08 12:00:00;706;6,042000;;;0,003909;0,299997
2025-03-08 12:00:00;2025-03-08 13:00:00;706;5,456000;;;0,012181;0,300717
2025-03-08 13:00:00;2025-03-08 14:00:00;706;4,122000;;;0,000001;0,301050
2025-03-08 14:00:00;2025-03-08 15:00:00;706;2,718000;;;0,000000;0,320379
2025-03-08 15:00:00;2025-03-08 16:00:00;706;1,304000;;;0,000000;0,608668
2025-03-08 16:00:00;2025-03-08 17:00:00;706;0,462000;;;0,036964;0,647490
2025-03-08 17:00:00;2025-03-08 18:00:00;706;0,006000;;;0,205640;0,647860
2025-03-08 18:00:00;2025-03-08 19:00:00;706;0,000000;;;0,420883;0,648040
2025-03-08 19:00:00;2025-03-08 20:00:00;706;0,000000;;;0,466088;0,647890
2025-03-08 20:00:00;2025-03-08 21:00:00;706;0,000000;;;0,622771;0,647970
2025-03-08 21:00:00;2025-03-08 22:00:00;706;0,000000;;;0,501264;0,647980
2025-03-08 22:00:00;2025-03-08 23:00:00;706;0,000000;;;0,450132;0,617790
2025-03-08 23:00:00;2025-03-09 00:00:00;706;0,000000;;;0,679298;0,499010
2025-03-09 00:00:00;2025-03-09 01:00:00;706;0,000000;;;0,393836;0,498940
2025-03-09 01:00:00;2025-03-09 02:00:00;706;0,000000;;;0,149648;0,499160
2025-03-09 02:00:00;2025-03-09 03:00:00;706;0,000000;;;0,147287;0,499040
2025-03-09 03:00:00;2025-03-09 04:00:00;706;0,000000;;;0,034711;0,499220
2025-03-09 04:00:00;2025-03-09 05:00:00;706;0,000000;;;0,030509;0,549960
2025-03-09 05:00:00;2025-03-09 06:00:00;706;0,001000;;;0,124100;0,647930
2025-03-09 06:00:00;2025-03-09 07:00:00;706;0,276000;;;0,162878;0,648300
2025-03-09 07:00:00;2025-03-09 08:00:00;706;1,200000;;;0,155277;0,647870
2025-03-09 08:00:00;2025-03-09 09:00:00;706;2,561000;;;0,124304;0,504770
2025-03-09 09:00:00;2025-03-09 10:00:00;706;5,135000;;;0,007770;0,299690
2025-03-09 10:00:00;2025-03-09 11:00:00;706;6,405000;;;0,008536;0,299710
2025-03-09 11:00:00;2025-03-09 12:00:00;706;5,741000;;;0,010869;0,299430
2025-03-09 12:00:00;2025-03-09 13:00:00;706;5,269000;;;0,009972;0,300046
2025-03-09 13:00:00;2025-03-09 14:00:00;706;4,597000;;;0,122695;0,301151
2025-03-09 14:00:00;2025-03-09 15:00:00;706;3,022000;;;0,292364;0,301836
2025-03-09 15:00:00;2025-03-09 16:00:00;706;1,349000;;;0,933995;0,349967
2025-03-09 16:00:00;2025-03-09 17:00:00;706;0,409000;;;1,407637;0,647987
2025-03-09 17:00:00;2025-03-09 18:00:00;706;0,004000;;;1,677730;0,649297
2025-03-09 18:00:00;2025-03-09 19:00:00;706;0,000000;;;1,584469;0,649643
2025-03-09 19:00:00;2025-03-09 20:00:00;706;0,000000;;;1,222172;0,648498
2025-03-09 20:00:00;2025-03-09 21:00:00;706;0,000000;;;1,474336;0,648030
2025-03-09 21:00:00;2025-03-09 22:00:00;706;0,000000;;;1,547762;0,648110
2025-03-09 22:00:00;2025-03-09 23:00:00;706;0,000000;;;2,036788;0,383110
2025-03-09 23:00:00;2025-03-10 00:00:00;706;0,000000;;;3,846598;0,350210
2025-03-10 00:00:00;2025-03-10 01:00:00;706;0,000000;;;3,640889;0,350050
2025-03-10 01:00:00;2025-03-10 02:00:00;706;0,000000;;;2,931928;0,350040
2025-03-10 02:00:00;2025-03-10 03:00:00;706;0,000000;;;2,138887;0,350210
2025-03-10 03:00:00;2025-03-10 04:00:00;706;0,000000;;;2,127008;0,350190
2025-03-10 04:00:00;2025-03-10 05:00:00;706;0,000000;;;1,146454;0,415530
2025-03-10 05:00:00;2025-03-10 06:00:00;706;0,001000;;;0,885342;0,648555
2025-03-10 06:00:00;2025-03-10 07:00:00;706;0,514000;;;0,840467;0,647901
2025-03-10 07:00:00;2025-03-10 08:00:00;706;1,915000;;;1,005993;0,647940
2025-03-10 08:00:00;2025-03-10 09:00:00;706;2,876000;;;0,486905;0,648180
2025-03-10 09:00:00;2025-03-10 10:00:00;706;5,190000;;;0,358133;0,290370
2025-03-10 10:00:00;2025-03-10 11:00:00;706;6,507000;;;0,319131;0,149490
2025-03-10 11:00:00;2025-03-10 12:00:00;706;6,813000;;;0,589551;0,149500
2025-03-10 12:00:00;2025-03-10 13:00:00;706;6,301000;;;1,283218;0,150365
2025-03-10 13:00:00;2025-03-10 14:00:00;706;5,217000;;;1,102747;0,150994
2025-03-10 14:00:00;2025-03-10 15:00:00;706;3,743000;;;0,743849;0,149519
2025-03-10 15:00:00;2025-03-10 16:00:00;706;1,850000;;;0,462281;0,367020
2025-03-10 16:00:00;2025-03-10 17:00:00;706;0,329000;;;0,498527;0,648804
2025-03-10 17:00:00;2025-03-10 18:00:00;706;0,001000;;;0,694916;0,669415
2025-03-10 18:00:00;2025-03-10 19:00:00;706;0,000000;;;0,841592;0,671376
2025-03-10 19:00:00;2025-03-10 20:00:00;706;0,000000;;;1,322893;0,672928
2025-03-10 20:00:00;2025-03-10 21:00:00;706;0,000000;;;1,752551;0,657359
2025-03-10 21:00:00;2025-03-10 22:00:00;706;0,000000;;;2,529117;0,651023
2025-03-10 22:00:00;2025-03-10 23:00:00;706;0,000000;;;2,524817;0,650590
2025-03-10 23:00:00;2025-03-11 00:00:00;706;0,000000;;;2,166358;0,530620
2025-03-11 00:00:00;2025-03-11 01:00:00;706;0,000000;;;1,149781;0,499100
2025-03-11 01:00:00;2025-03-11 02:00:00;706;0,000000;;;0,876385;0,499050
2025-03-11 02:00:00;2025-03-11 03:00:00;706;0,000000;;;0,500549;0,499150
2025-03-11 03:00:00;2025-03-11 04:00:00;706;0,000000;;;0,365233;0,499410
2025-03-11 04:00:00;2025-03-11 05:00:00;706;0,000000;;;0,467240;0,499160
2025-03-11 05:00:00;2025-03-11 06:00:00;706;0,000000;;;0,136244;0,618475
2025-03-11 06:00:00;2025-03-11 07:00:00;706;0,083000;;;0,453388;0,648020
2025-03-11 07:00:00;2025-03-11 08:00:00;706;0,377000;;;0,479427;0,649162
2025-03-11 08:00:00;2025-03-11 09:00:00;706;0,431000;;;0,123843;0,649189
2025-03-11 09:00:00;2025-03-11 10:00:00;706;0,992000;;;0,017491;0,521033
2025-03-11 10:00:00;2025-03-11 11:00:00;706;0,831000;;;0,110857;0,499282
2025-03-11 11:00:00;2025-03-11 12:00:00;706;0,587000;;;0,048660;0,499916
2025-03-11 12:00:00;2025-03-11 13:00:00;706;0,572000;;;0,160951;0,500707
2025-03-11 13:00:00;2025-03-11 14:00:00;706;0,300000;;;0,045331;0,500701
2025-03-11 14:00:00;2025-03-11 15:00:00;706;0,983000;;;0,088968;0,600988
2025-03-11 15:00:00;2025-03-11 16:00:00;706;0,254000;;;0,458436;0,673152
2025-03-11 16:00:00;2025-03-11 17:00:00;706;0,021000;;;0,891622;0,674139
2025-03-11 17:00:00;2025-03-11 18:00:00;706;0,000000;;;1,588683;0,674367
2025-03-11 18:00:00;2025-03-11 19:00:00;706;0,000000;;;2,031518;0,674448
2025-03-11 19:00:00;2025-03-11 20:00:00;706;0,000000;;;3,244112;0,674347
2025-03-11 20:00:00;2025-03-11 21:00:00;706;0,000000;;;3,704888;0,674505
2025-03-11 21:00:00;2025-03-11 22:00:00;706;0,000000;;;3,173745;0,673994
2025-03-11 22:00:00;2025-03-11 23:00:00;706;0,000000;;;2,835725;0,517462
2025-03-11 23:00:00;2025-03-12 00:00:00;706;0,000000;;;2,787610;0,449470
2025-03-12 00:00:00;2025-03-12 01:00:00;706;0,000000;;;1,324499;0,449460
2025-03-12 01:00:00;2025-03-12 02:00:00;706;0,000000;;;0,282759;0,449330
2025-03-12 02:00:00;2025-03-12 03:00:00;706;0,000000;;;0,154525;0,449510
2025-03-12 03:00:00;2025-03-12 04:00:00;706;0,000000;;;0,025921;0,449580
2025-03-12 04:00:00;2025-03-12 05:00:00;706;0,000000;;;0,190626;0,450203
2025-03-12 05:00:00;2025-03-12 06:00:00;706;0,002000;;;0,221525;0,621380
2025-03-12 06:00:00;2025-03-12 07:00:00;706;0,327000;;;0,236869;0,668690
2025-03-12 07:00:00;2025-03-12 08:00:00;706;0,944000;;;0,341075;0,672780
2025-03-12 08:00:00;2025-03-12 09:00:00;706;1,354000;;;0,437886;0,670026
2025-03-12 09:00:00;2025-03-12 10:00:00;706;1,234000;;;0,612454;0,659256
2025-03-12 10:00:00;2025-03-12 11:00:00;706;1,383000;;;0,604358;0,657940
2025-03-12 11:00:00;2025-03-12 12:00:00;706;2,146000;;;0,762969;0,553977
2025-03-12 12:00:00;2025-03-12 13:00:00;706;2,136000;;;0,955140;0,301528
2025-03-12 13:00:00;2025-03-12 14:00:00;706;1,570000;;;1,190542;0,300273
2025-03-12 14:00:00;2025-03-12 15:00:00;706;1,027000;;;1,051163;0,594540
2025-03-12 15:00:00;2025-03-12 16:00:00;706;1,053000;;;1,195207;0,648144
2025-03-12 16:00:00;2025-03-12 17:00:00;706;0,178000;;;1,054432;0,648977
2025-03-12 17:00:00;2025-03-12 18:00:00;706;0,002000;;;0,801437;0,649396
2025-03-12 18:00:00;2025-03-12 19:00:00;706;0,000000;;;1,415356;0,649755
2025-03-12 19:00:00;2025-03-12 20:00:00;706;0,000000;;;0,596072;0,649289
2025-03-12 20:00:00;2025-03-12 21:00:00;706;0,000000;;;0,499994;0,649395
2025-03-12 21:00:00;2025-03-12 22:00:00;706;0,000000;;;0,321616;0,648243
2025-03-12 22:00:00;2025-03-12 23:00:00;706;0,000000;;;0,082386;0,646100
2025-03-12 23:00:00;2025-03-13 00:00:00;706;0,000000;;;0,041133;0,452310
2025-03-13 00:00:00;2025-03-13 01:00:00;706;0,000000;;;0,029002;0,449500
2025-03-13 01:00:00;2025-03-13 02:00:00;706;0,000000;;;0,000042;0,449490
2025-03-13 02:00:00;2025-03-13 03:00:00;706;0,000000;;;0,021106;0,449410
2025-03-13 03:00:00;2025-03-13 04:00:00;706;0,000000;;;0,015359;0,449590
2025-03-13 04:00:00;2025-03-13 05:00:00;706;0,000000;;;0,002268;0,449550
2025-03-13 05:00:00;2025-03-13 06:00:00;706;0,002000;;;0,000024;0,594212
2025-03-13 06:00:00;2025-03-13 07:00:00;706;0,130000;;;0,000079;0,648150
2025-03-13 07:00:00;2025-03-13 08:00:00;706;0,556000;;;0,002980;0,647977
2025-03-13 08:00:00;2025-03-13 09:00:00;706;0,943000;;;0,000000;0,647684
2025-03-13 09:00:00;2025-03-13 10:00:00;706;1,797000;;;0,000000;0,647230
2025-03-13 10:00:00;2025-03-13 11:00:00;706;2,662000;;;0,034073;0,647380
2025-03-13 11:00:00;2025-03-13 12:00:00;706;2,227000;;;0,023496;0,445180
2025-03-13 12:00:00;2025-03-13 13:00:00;706;1,579000;;;0,013164;0,352910
2025-03-13 13:00:00;2025-03-13 14:00:00;706;1,601000;;;0,215599;0,300050
2025-03-13 14:00:00;2025-03-13 15:00:00;706;1,372000;;;0,023216;0,301234
2025-03-13 15:00:00;2025-03-13 16:00:00;706;0,699000;;;0,327940;0,323546
2025-03-13 16:00:00;2025-03-13 17:00:00;706;0,206000;;;0,337157;0,662530
2025-03-13 17:00:00;2025-03-13 18:00:00;706;0,003000;;;0,270737;0,673212
2025-03-13 18:00:00;2025-03-13 19:00:00;706;0,000000;;;1,235915;0,674474
2025-03-13 19:00:00;2025-03-13 20:00:00;706;0,000000;;;1,784848;0,674352
2025-03-13 20:00:00;2025-03-13 21:00:00;706;0,000000;;;1,985208;0,674148
2025-03-13 21:00:00;2025-03-13 22:00:00;706;0,000000;;;2,138577;0,581751
2025-03-13 22:00:00;2025-03-13 23:00:00;706;0,000000;;;2,126247;0,449620
2025-03-13 23:00:00;2025-03-14 00:00:00;706;0,000000;;;1,788386;0,449460
2025-03-14 00:00:00;2025-03-14 01:00:00;706;0,000000;;;1,411918;0,449540
2025-03-14 01:00:00;2025-03-14 02:00:00;706;0,000000;;;1,388920;0,449690
2025-03-14 02:00:00;2025-03-14 03:00:00;706;0,000000;;;1,772952;0,449430
2025-03-14 03:00:00;2025-03-14 04:00:00;706;0,000000;;;1,390536;0,449570
2025-03-14 04:00:00;2025-03-14 05:00:00;706;0,000000;;;1,176101;0,449728
2025-03-14 05:00:00;2025-03-14 06:00:00;706;0,005000;;;1,366535;0,552984
2025-03-14 06:00:00;2025-03-14 07:00:00;706;0,783000;;;1,830761;0,648130
2025-03-14 07:00:00;2025-03-14 08:00:00;706;2,931000;;;2,853772;0,648420
2025-03-14 08:00:00;2025-03-14 09:00:00;706;5,041000;;;5,491537;0,573910
2025-03-14 09:00:00;2025-03-14 10:00:00;706;6,708000;;;5,086750;0,342935
2025-03-14 10:00:00;2025-03-14 11:00:00;706;7,350000;;;4,546626;0,648195
2025-03-14 11:00:00;2025-03-14 12:00:00;706;7,567000;;;3,646875;0,648824
2025-03-14 12:00:00;2025-03-14 13:00:00;706;7,293000;;;3,410101;0,648520
2025-03-14 13:00:00;2025-03-14 14:00:00;706;6,453000;;;3,181472;0,648784
2025-03-14 14:00:00;2025-03-14 15:00:00;706;4,807000;;;2,500167;0,649991
2025-03-14 15:00:00;2025-03-14 16:00:00;706;2,608000;;;1,987181;0,648165
2025-03-14 16:00:00;2025-03-14 17:00:00;706;0,609000;;;1,224019;0,648190
2025-03-14 17:00:00;2025-03-14 18:00:00;706;0,011000;;;0,380132;0,648280
2025-03-14 18:00:00;2025-03-14 19:00:00;706;0,000000;;;0,234921;0,648290
2025-03-14 19:00:00;2025-03-14 20:00:00;706;0,000000;;;0,167363;0,648180
2025-03-14 20:00:00;2025-03-14 21:00:00;706;0,000000;;;0,096216;0,648150
2025-03-14 21:00:00;2025-03-14 22:00:00;706;0,000000;;;0,008927;0,648340
2025-03-14 22:00:00;2025-03-14 23:00:00;706;0,000000;;;0,000069;0,648100
2025-03-14 23:00:00;2025-03-15 00:00:00;706;0,000000;;;0,045563;0,648290
2025-03-15 00:00:00;2025-03-15 01:00:00;706;0,000000;;;0,051889;0,428860
2025-03-15 01:00:00;2025-03-15 02:00:00;706;0,000000;;;0,043266;0,399860
2025-03-15 02:00:00;2025-03-15 03:00:00;706;0,000000;;;0,138139;0,399880
2025-03-15 03:00:00;2025-03-15 04:00:00;706;0,000000;;;0,079004;0,400100
2025-03-15 04:00:00;2025-03-15 05:00:00;706;0,000000;;;0,087869;0,399920
2025-03-15 05:00:00;2025-03-15 06:00:00;706;0,012000;;;0,108254;0,399710
2025-03-15 06:00:00;2025-03-15 07:00:00;706;0,981000;;;0,221537;0,399990
2025-03-15 07:00:00;2025-03-15 08:00:00;706;3,213000;;;0,240664;0,399740
2025-03-15 08:00:00;2025-03-15 09:00:00;706;5,754000;;;0,339317;0,400110
2025-03-15 09:00:00;2025-03-15 10:00:00;706;7,443000;;;0,980490;0,304410
2025-03-15 10:00:00;2025-03-15 11:00:00;706;8,166000;;;1,046625;0,356350
2025-03-15 11:00:00;2025-03-15 12:00:00;706;8,414000;;;1,495046;0,399570
2025-03-15 12:00:00;2025-03-15 13:00:00;706;7,253000;;;2,072205;0,399380
2025-03-15 13:00:00;2025-03-15 14:00:00;706;5,830000;;;2,346214;0,407390
2025-03-15 14:00:00;2025-03-15 15:00:00;706;4,603000;;;1,980630;0,399990
2025-03-15 15:00:00;2025-03-15 16:00:00;706;2,156000;;;2,146886;0,399850
2025-03-15 16:00:00;2025-03-15 17:00:00;706;0,383000;;;1,910866;0,636590
2025-03-15 17:00:00;2025-03-15 18:00:00;706;0,004000;;;1,761586;0,648380
2025-03-15 18:00:00;2025-03-15 19:00:00;706;0,000000;;;2,130482;0,647990
2025-03-15 19:00:00;2025-03-15 20:00:00;706;0,000000;;;3,046183;0,648240
2025-03-15 20:00:00;2025-03-15 21:00:00;706;0,000000;;;3,198162;0,648110
2025-03-15 21:00:00;2025-03-15 22:00:00;706;0,000000;;;4,131154;0,648120
2025-03-15 22:00:00;2025-03-15 23:00:00;706;0,000000;;;5,055267;0,648080
2025-03-15 23:00:00;2025-03-16 00:00:00;706;0,000000;;;5,117036;0,596180
2025-03-16 00:00:00;2025-03-16 01:00:00;706;0,000000;;;5,966512;0,499170
2025-03-16 01:00:00;2025-03-16 02:00:00;706;0,000000;;;7,166609;0,499110
2025-03-16 02:00:00;2025-03-16 03:00:00;706;0,000000;;;8,359580;0,499300
2025-03-16 03:00:00;2025-03-16 04:00:00;706;0,000000;;;7,803833;0,499140
2025-03-16 04:00:00;2025-03-16 05:00:00;706;0,000000;;;7,858230;0,499210
2025-03-16 05:00:00;2025-03-16 06:00:00;706;0,012000;;;8,192167;0,499477
2025-03-16 06:00:00;2025-03-16 07:00:00;706;0,390000;;;7,959344;0,562145
2025-03-16 07:00:00;2025-03-16 08:00:00;706;1,778000;;;7,597743;0,648557
2025-03-16 08:00:00;2025-03-16 09:00:00;706;2,542000;;;7,635808;0,648319
2025-03-16 09:00:00;2025-03-16 10:00:00;706;5,634000;;;5,486551;0,329300
2025-03-16 10:00:00;2025-03-16 11:00:00;706;6,125000;;;4,228521;0,153130
2025-03-16 11:00:00;2025-03-16 12:00:00;706;6,970000;;;3,164151;0,039109
2025-03-16 12:00:00;2025-03-16 13:00:00;706;6,765000;;;5,126260;0,000964
2025-03-16 13:00:00;2025-03-16 14:00:00;706;6,526000;;;8,548191;0,001137
2025-03-16 14:00:00;2025-03-16 15:00:00;706;4,608000;;;11,025894;0,001335
2025-03-16 15:00:00;2025-03-16 16:00:00;706;2,627000;;;11,826784;0,000000
2025-03-16 16:00:00;2025-03-16 17:00:00;706;0,583000;;;9,873153;0,165217
2025-03-16 17:00:00;2025-03-16 18:00:00;706;0,019000;;;5,542752;0,340175
2025-03-16 18:00:00;2025-03-16 19:00:00;706;0,000000;;;4,017932;0,339929
2025-03-16 19:00:00;2025-03-16 20:00:00;706;0,000000;;;5,223154;0,339322
2025-03-16 20:00:00;2025-03-16 21:00:00;706;0,000000;;;3,094624;0,338580
2025-03-16 21:00:00;2025-03-16 22:00:00;706;0,000000;;;0,995489;0,338680
2025-03-16 22:00:00;2025-03-16 23:00:00;706;0,000000;;;1,231888;0,338710
2025-03-16 23:00:00;2025-03-17 00:00:00;706;0,000000;;;3,056397;0,338740
2025-03-17 00:00:00;2025-03-17 01:00:00;706;0,000000;;;4,097316;0,338750
2025-03-17 01:00:00;2025-03-17 02:00:00;706;0,000000;;;1,702235;0,338600
2025-03-17 02:00:00;2025-03-17 03:00:00;706;0,000000;;;0,950216;0,338720
2025-03-17 03:00:00;2025-03-17 04:00:00;706;0,000000;;;0,330763;0,338720
2025-03-17 04:00:00;2025-03-17 05:00:00;706;0,000000;;;0,354831;0,338590
2025-03-17 05:00:00;2025-03-17 06:00:00;706;0,033000;;;0,098922;0,340003
2025-03-17 06:00:00;2025-03-17 07:00:00;706;1,193000;;;0,014963;0,338948
2025-03-17 07:00:00;2025-03-17 08:00:00;706;3,506000;;;0,000079;0,338810
2025-03-17 08:00:00;2025-03-17 09:00:00;706;6,108000;;;0,004628;0,338680
2025-03-17 09:00:00;2025-03-17 10:00:00;706;7,932000;;;0,145701;0,338620
2025-03-17 10:00:00;2025-03-17 11:00:00;706;8,608000;;;0,416860;0,364070
2025-03-17 11:00:00;2025-03-17 12:00:00;706;8,770000;;;0,755559;0,400070
2025-03-17 12:00:00;2025-03-17 13:00:00;706;7,920000;;;0,904097;0,399870
2025-03-17 13:00:00;2025-03-17 14:00:00;706;6,191000;;;1,502921;0,384377
2025-03-17 14:00:00;2025-03-17 15:00:00;706;4,629000;;;2,347736;0,301509
2025-03-17 15:00:00;2025-03-17 16:00:00;706;2,591000;;;3,032248;0,300417
2025-03-17 16:00:00;2025-03-17 17:00:00;706;0,638000;;;3,588285;0,616344
2025-03-17 17:00:00;2025-03-17 18:00:00;706;0,031000;;;3,161330;0,649603
2025-03-17 18:00:00;2025-03-17 19:00:00;706;0,000000;;;4,219374;0,649407
2025-03-17 19:00:00;2025-03-17 20:00:00;706;0,000000;;;3,947868;0,649424
2025-03-17 20:00:00;2025-03-17 21:00:00;706;0,000000;;;5,608508;0,649448
2025-03-17 21:00:00;2025-03-17 22:00:00;706;0,000000;;;5,972501;0,648336
2025-03-17 22:00:00;2025-03-17 23:00:00;706;0,000000;;;6,105379;0,648060
2025-03-17 23:00:00;2025-03-18 00:00:00;706;0,000000;;;6,580752;0,648290
2025-03-18 00:00:00;2025-03-18 01:00:00;706;0,000000;;;6,338250;0,648050
2025-03-18 01:00:00;2025-03-18 02:00:00;706;0,000000;;;6,666531;0,647970
2025-03-18 02:00:00;2025-03-18 03:00:00;706;0,000000;;;6,922481;0,648170
2025-03-18 03:00:00;2025-03-18 04:00:00;706;0,000000;;;5,649033;0,647980
2025-03-18 04:00:00;2025-03-18 05:00:00;706;0,000000;;;3,949389;0,648651
2025-03-18 05:00:00;2025-03-18 06:00:00;706;0,038000;;;3,391153;0,678492
2025-03-18 06:00:00;2025-03-18 07:00:00;706;1,088000;;;3,179889;0,687900
2025-03-18 07:00:00;2025-03-18 08:00:00;706;3,280000;;;1,975039;0,687770
2025-03-18 08:00:00;2025-03-18 09:00:00;706;5,305000;;;3,344789;0,514636
2025-03-18 09:00:00;2025-03-18 10:00:00;706;6,843000;;;4,235035;0,150832
2025-03-18 10:00:00;2025-03-18 11:00:00;706;8,115000;;;3,593989;0,007429
2025-03-18 11:00:00;2025-03-18 12:00:00;706;7,087000;;;3,417609;0,000000
2025-03-18 12:00:00;2025-03-18 13:00:00;706;4,220000;;;4,469222;0,000374
2025-03-18 13:00:00;2025-03-18 14:00:00;706;2,189000;;;5,228486;0,010463
2025-03-18 14:00:00;2025-03-18 15:00:00;706;1,498000;;;6,401285;0,150805
2025-03-18 15:00:00;2025-03-18 16:00:00;706;0,778000;;;6,145403;0,152245
2025-03-18 16:00:00;2025-03-18 17:00:00;706;0,274000;;;5,274760;0,323273
2025-03-18 17:00:00;2025-03-18 18:00:00;706;0,005000;;;4,584690;0,325113
2025-03-18 18:00:00;2025-03-18 19:00:00;706;0,000000;;;4,429716;0,325121
2025-03-18 19:00:00;2025-03-18 20:00:00;706;0,000000;;;3,728740;0,325407
2025-03-18 20:00:00;2025-03-18 21:00:00;706;0,000000;;;2,616587;0,325200
2025-03-18 21:00:00;2025-03-18 22:00:00;706;0,000000;;;2,785970;0,323930
2025-03-18 22:00:00;2025-03-18 23:00:00;706;0,000000;;;2,896668;0,323810
2025-03-18 23:00:00;2025-03-19 00:00:00;706;0,000000;;;4,853280;0,323770
2025-03-19 00:00:00;2025-03-19 01:00:00;706;0,000000;;;4,502690;0,323760
2025-03-19 01:00:00;2025-03-19 02:00:00;706;0,000000;;;4,312064;0,323770
2025-03-19 02:00:00;2025-03-19 03:00:00;706;0,000000;;;5,656208;0,323740
2025-03-19 03:00:00;2025-03-19 04:00:00;706;0,000000;;;5,597950;0,323940
2025-03-19 04:00:00;2025-03-19 05:00:00;706;0,000000;;;5,714764;0,326280
2025-03-19 05:00:00;2025-03-19 06:00:00;706;0,067000;;;5,008669;0,339114
2025-03-19 06:00:00;2025-03-19 07:00:00;706;1,258000;;;2,706330;0,369240
2025-03-19 07:00:00;2025-03-19 08:00:00;706;3,625000;;;2,996956;0,688316
2025-03-19 08:00:00;2025-03-19 09:00:00;706;6,221000;;;3,060003;0,687780
2025-03-19 09:00:00;2025-03-19 10:00:00;706;8,005000;;;1,597078;0,686790
2025-03-19 10:00:00;2025-03-19 11:00:00;706;8,846000;;;0,813135;0,683030
2025-03-19 11:00:00;2025-03-19 12:00:00;706;8,987000;;;1,252370;0,615490
2025-03-19 12:00:00;2025-03-19 13:00:00;706;8,517000;;;1,617949;0,140830
2025-03-19 13:00:00;2025-03-19 14:00:00;706;7,223000;;;1,623052;0,148960
2025-03-19 14:00:00;2025-03-19 15:00:00;706;5,339000;;;2,374045;0,149370
2025-03-19 15:00:00;2025-03-19 16:00:00;706;3,026000;;;1,200531;0,298911
2025-03-19 16:00:00;2025-03-19 17:00:00;706;0,832000;;;0,403127;0,548333
2025-03-19 17:00:00;2025-03-19 18:00:00;706;0,033000;;;0,497746;0,699037
2025-03-19 18:00:00;2025-03-19 19:00:00;706;0,000000;;;0,465805;0,697974
2025-03-19 19:00:00;2025-03-19 20:00:00;706;0,000000;;;0,143195;0,693962
2025-03-19 20:00:00;2025-03-19 21:00:00;706;0,000000;;;0,774002;0,699085
2025-03-19 21:00:00;2025-03-19 22:00:00;706;0,000000;;;0,768840;0,694620
2025-03-19 22:00:00;2025-03-19 23:00:00;706;0,000000;;;0,275756;0,499960
2025-03-19 23:00:00;2025-03-20 00:00:00;706;0,000000;;;0,017834;0,498880
2025-03-20 00:00:00;2025-03-20 01:00:00;706;0,000000;;;0,008499;0,499030
2025-03-20 01:00:00;2025-03-20 02:00:00;706;0,000000;;;0,173543;0,499160
2025-03-20 02:00:00;2025-03-20 03:00:00;706;0,000000;;;0,535795;0,499320
2025-03-20 03:00:00;2025-03-20 04:00:00;706;0,000000;;;0,502522;0,499150
2025-03-20 04:00:00;2025-03-20 05:00:00;706;0,000000;;;0,831050;0,570860
2025-03-20 05:00:00;2025-03-20 06:00:00;706;0,086000;;;0,755257;0,698143
2025-03-20 06:00:00;2025-03-20 07:00:00;706;1,102000;;;0,453686;0,697770
2025-03-20 07:00:00;2025-03-20 08:00:00;706;2,818000;;;0,341801;0,697640
2025-03-20 08:00:00;2025-03-20 09:00:00;706;4,507000;;;0,084692;0,697410
2025-03-20 09:00:00;2025-03-20 10:00:00;706;7,294000;;;0,009298;0,692200
2025-03-20 10:00:00;2025-03-20 11:00:00;706;8,297000;;;0,053164;0,365760
2025-03-20 11:00:00;2025-03-20 12:00:00;706;8,530000;;;0,055066;0,149070
2025-03-20 12:00:00;2025-03-20 13:00:00;706;8,071000;;;0,070703;0,149240
2025-03-20 13:00:00;2025-03-20 14:00:00;706;6,873000;;;0,003543;0,150158
2025-03-20 14:00:00;2025-03-20 15:00:00;706;5,035000;;;0,046451;0,150911
2025-03-20 15:00:00;2025-03-20 16:00:00;706;2,835000;;;0,018277;0,151495
2025-03-20 16:00:00;2025-03-20 17:00:00;706;0,840000;;;0,004265;0,648840
2025-03-20 17:00:00;2025-03-20 18:00:00;706;0,035000;;;0,005037;0,690839
2025-03-20 18:00:00;2025-03-20 19:00:00;706;0,000000;;;0,003799;0,692322
2025-03-20 19:00:00;2025-03-20 20:00:00;706;0,000000;;;0,006888;0,697881
2025-03-20 20:00:00;2025-03-20 21:00:00;706;0,000000;;;0,025148;0,698144
2025-03-20 21:00:00;2025-03-20 22:00:00;706;0,000000;;;0,072418;0,683556
2025-03-20 22:00:00;2025-03-20 23:00:00;706;0,000000;;;0,160263;0,548810
2025-03-20 23:00:00;2025-03-21 00:00:00;706;0,000000;;;0,504382;0,548850
2025-03-21 00:00:00;2025-03-21 01:00:00;706;0,000000;;;0,802709;0,548710
2025-03-21 01:00:00;2025-03-21 02:00:00;706;0,000000;;;0,486581;0,548900
2025-03-21 02:00:00;2025-03-21 03:00:00;706;0,000000;;;0,514300;0,548840
2025-03-21 03:00:00;2025-03-21 04:00:00;706;0,000000;;;0,322806;0,548650
2025-03-21 04:00:00;2025-03-21 05:00:00;706;0,000000;;;0,367252;0,593070
2025-03-21 05:00:00;2025-03-21 06:00:00;706;0,082000;;;0,566639;0,648250
2025-03-21 06:00:00;2025-03-21 07:00:00;706;0,921000;;;0,443215;0,652100
2025-03-21 07:00:00;2025-03-21 08:00:00;706;3,019000;;;0,655378;0,686800
2025-03-21 08:00:00;2025-03-21 09:00:00;706;5,851000;;;1,065010;0,640740
2025-03-21 09:00:00;2025-03-21 10:00:00;706;7,898000;;;1,311203;0,244360
2025-03-21 10:00:00;2025-03-21 11:00:00;706;8,799000;;;1,105346;0,148940
2025-03-21 11:00:00;2025-03-21 12:00:00;706;9,022000;;;1,670336;0,149731
2025-03-21 12:00:00;2025-03-21 13:00:00;706;8,545000;;;2,370263;0,149020
2025-03-21 13:00:00;2025-03-21 14:00:00;706;7,216000;;;2,595343;0,148760
2025-03-21 14:00:00;2025-03-21 15:00:00;706;5,268000;;;2,794691;0,149310
2025-03-21 15:00:00;2025-03-21 16:00:00;706;2,937000;;;4,031605;0,149610
2025-03-21 16:00:00;2025-03-21 17:00:00;706;0,846000;;;4,475555;0,281490
2025-03-21 17:00:00;2025-03-21 18:00:00;706;0,045000;;;7,444570;0,346350
2025-03-21 18:00:00;2025-03-21 19:00:00;706;0,000000;;;8,237140;0,348903
2025-03-21 19:00:00;2025-03-21 20:00:00;706;0,000000;;;8,098155;0,350011
2025-03-21 20:00:00;2025-03-21 21:00:00;706;0,000000;;;6,903543;0,350012
2025-03-21 21:00:00;2025-03-21 22:00:00;706;0,000000;;;4,998744;0,273103
2025-03-21 22:00:00;2025-03-21 23:00:00;706;0,000000;;;7,425314;0,249240
2025-03-21 23:00:00;2025-03-22 00:00:00;706;0,000000;;;7,570364;0,249240
2025-03-22 00:00:00;2025-03-22 01:00:00;706;0,000000;;;7,136723;0,249330
2025-03-22 01:00:00;2025-03-22 02:00:00;706;0,000000;;;8,169692;0,249220
2025-03-22 02:00:00;2025-03-22 03:00:00;706;0,000000;;;8,050466;0,249410
2025-03-22 03:00:00;2025-03-22 04:00:00;706;0,000000;;;7,770631;0,249300
2025-03-22 04:00:00;2025-03-22 05:00:00;706;0,000000;;;7,297624;0,249250
2025-03-22 05:00:00;2025-03-22 06:00:00;706;0,114000;;;7,886656;0,258860
2025-03-22 06:00:00;2025-03-22 07:00:00;706;1,361000;;;9,097808;0,324080
2025-03-22 07:00:00;2025-03-22 08:00:00;706;3,592000;;;9,504176;0,323620
2025-03-22 08:00:00;2025-03-22 09:00:00;706;6,210000;;;11,237468;0,323870
2025-03-22 09:00:00;2025-03-22 10:00:00;706;8,287000;;;11,417273;0,323500
2025-03-22 10:00:00;2025-03-22 11:00:00;706;9,080000;;;10,522810;0,179460
2025-03-22 11:00:00;2025-03-22 12:00:00;706;9,276000;;;10,374049;0,148770
2025-03-22 12:00:00;2025-03-22 13:00:00;706;8,718000;;;8,735814;0,262620
2025-03-22 13:00:00;2025-03-22 14:00:00;706;7,365000;;;10,453166;0,255900
2025-03-22 14:00:00;2025-03-22 15:00:00;706;5,640000;;;11,927299;0,149470
2025-03-22 15:00:00;2025-03-22 16:00:00;706;3,146000;;;11,156860;0,149560
2025-03-22 16:00:00;2025-03-22 17:00:00;706;0,954000;;;10,863773;0,149710
2025-03-22 17:00:00;2025-03-22 18:00:00;706;0,057000;;;10,675279;0,149400
2025-03-22 18:00:00;2025-03-22 19:00:00;706;0,000000;;;10,242065;0,149540
2025-03-22 19:00:00;2025-03-22 20:00:00;706;0,000000;;;12,456062;0,149630
2025-03-22 20:00:00;2025-03-22 21:00:00;706;0,000000;;;13,217429;0,288090
2025-03-22 21:00:00;2025-03-22 22:00:00;706;0,000000;;;12,437747;0,299592
2025-03-22 22:00:00;2025-03-22 23:00:00;706;0,000000;;;12,207747;0,299000
2025-03-22 23:00:00;2025-03-23 00:00:00;706;0,000000;;;12,196398;0,298860
2025-03-23 00:00:00;2025-03-23 01:00:00;706;0,000000;;;12,340426;0,299010
2025-03-23 01:00:00;2025-03-23 02:00:00;706;0,000000;;;11,966105;0,299756
2025-03-23 02:00:00;2025-03-23 03:00:00;706;0,000000;;;12,252897;0,299040
2025-03-23 03:00:00;2025-03-23 04:00:00;706;0,000000;;;12,667013;0,298890
2025-03-23 04:00:00;2025-03-23 05:00:00;706;0,000000;;;13,288931;0,299533
2025-03-23 05:00:00;2025-03-23 06:00:00;706;0,109000;;;13,154081;0,299092
2025-03-23 06:00:00;2025-03-23 07:00:00;706;0,935000;;;12,086817;0,299110
2025-03-23 07:00:00;2025-03-23 08:00:00;706;3,365000;;;11,313389;0,298880
2025-03-23 08:00:00;2025-03-23 09:00:00;706;5,773000;;;10,952365;0,298980
2025-03-23 09:00:00;2025-03-23 10:00:00;706;7,717000;;;9,832106;0,298970
2025-03-23 10:00:00;2025-03-23 11:00:00;706;7,858000;;;8,327437;0,298930
2025-03-23 11:00:00;2025-03-23 12:00:00;706;6,461000;;;7,945377;0,299418
2025-03-23 12:00:00;2025-03-23 13:00:00;706;5,326000;;;8,865759;0,208035
2025-03-23 13:00:00;2025-03-23 14:00:00;706;5,286000;;;9,903217;0,149530
2025-03-23 14:00:00;2025-03-23 15:00:00;706;5,050000;;;10,113934;0,149380
2025-03-23 15:00:00;2025-03-23 16:00:00;706;2,988000;;;10,153292;0,179680
2025-03-23 16:00:00;2025-03-23 17:00:00;706;0,930000;;;6,768814;0,646445
2025-03-23 17:00:00;2025-03-23 18:00:00;706;0,041000;;;4,924325;0,649258
2025-03-23 18:00:00;2025-03-23 19:00:00;706;0,000000;;;6,066180;0,649552
2025-03-23 19:00:00;2025-03-23 20:00:00;706;0,000000;;;6,860127;0,649717
2025-03-23 20:00:00;2025-03-23 21:00:00;706;0,000000;;;6,515176;0,649453
2025-03-23 21:00:00;2025-03-23 22:00:00;706;0,000000;;;6,074433;0,620830
2025-03-23 22:00:00;2025-03-23 23:00:00;706;0,000000;;;4,769872;0,449390
2025-03-23 23:00:00;2025-03-24 00:00:00;706;0,000000;;;4,149514;0,449580
2025-03-24 00:00:00;2025-03-24 01:00:00;706;0,000000;;;1,479718;0,449700
2025-03-24 01:00:00;2025-03-24 02:00:00;706;0,000000;;;1,132738;0,449500
2025-03-24 02:00:00;2025-03-24 03:00:00;706;0,000000;;;0,794079;0,449520
2025-03-24 03:00:00;2025-03-24 04:00:00;706;0,000000;;;0,548553;0,449490
2025-03-24 04:00:00;2025-03-24 05:00:00;706;0,000000;;;0,566607;0,449930
2025-03-24 05:00:00;2025-03-24 06:00:00;706;0,105000;;;0,451726;0,604900
2025-03-24 06:00:00;2025-03-24 07:00:00;706;0,668000;;;0,535800;0,648380
2025-03-24 07:00:00;2025-03-24 08:00:00;706;2,151000;;;0,150527;0,648795
2025-03-24 08:00:00;2025-03-24 09:00:00;706;3,892000;;;0,082358;0,648298
2025-03-24 09:00:00;2025-03-24 10:00:00;706;4,919000;;;0,134967;0,648070
2025-03-24 10:00:00;2025-03-24 11:00:00;706;5,187000;;;0,004128;0,648260
2025-03-24 11:00:00;2025-03-24 12:00:00;706;6,851000;;;0,000000;0,648108
2025-03-24 12:00:00;2025-03-24 13:00:00;706;7,544000;;;0,000085;0,648519
2025-03-24 13:00:00;2025-03-24 14:00:00;706;6,600000;;;0,000539;0,333046
2025-03-24 14:00:00;2025-03-24 15:00:00;706;4,813000;;;0,040854;0,302667
2025-03-24 15:00:00;2025-03-24 16:00:00;706;2,701000;;;0,191357;0,638437
2025-03-24 16:00:00;2025-03-24 17:00:00;706;0,943000;;;0,253575;0,649195
2025-03-24 17:00:00;2025-03-24 18:00:00;706;0,066000;;;0,486273;0,648944
2025-03-24 18:00:00;2025-03-24 19:00:00;706;0,000000;;;0,852194;0,649316
2025-03-24 19:00:00;2025-03-24 20:00:00;706;0,000000;;;0,951102;0,649632
2025-03-24 20:00:00;2025-03-24 21:00:00;706;0,000000;;;0,627209;0,649171
2025-03-24 21:00:00;2025-03-24 22:00:00;706;0,000000;;;0,748031;0,622087
2025-03-24 22:00:00;2025-03-24 23:00:00;706;0,000000;;;1,275218;0,399870
2025-03-24 23:00:00;2025-03-25 00:00:00;706;0,000000;;;1,394263;0,399630
2025-03-25 00:00:00;2025-03-25 01:00:00;706;0,000000;;;1,224918;0,399900
2025-03-25 01:00:00;2025-03-25 02:00:00;706;0,000000;;;1,338876;0,399910
2025-03-25 02:00:00;2025-03-25 03:00:00;706;0,000000;;;1,224457;0,399680
2025-03-25 03:00:00;2025-03-25 04:00:00;706;0,000000;;;2,085579;0,399780
2025-03-25 04:00:00;2025-03-25 05:00:00;706;0,000000;;;2,234399;0,399980
2025-03-25 05:00:00;2025-03-25 06:00:00;706;0,030000;;;2,532654;0,588650
2025-03-25 06:00:00;2025-03-25 07:00:00;706;0,324000;;;2,321469;0,658200
2025-03-25 07:00:00;2025-03-25 08:00:00;706;0,621000;;;3,800881;0,674189
2025-03-25 08:00:00;2025-03-25 09:00:00;706;1,066000;;;4,536809;0,673294
2025-03-25 09:00:00;2025-03-25 10:00:00;706;1,305000;;;5,485532;0,347166
2025-03-25 10:00:00;2025-03-25 11:00:00;706;1,080000;;;4,950970;0,149610
2025-03-25 11:00:00;2025-03-25 12:00:00;706;1,337000;;;6,156628;0,149135
2025-03-25 12:00:00;2025-03-25 13:00:00;706;1,346000;;;6,035954;0,149731
2025-03-25 13:00:00;2025-03-25 14:00:00;706;1,855000;;;5,208460;0,149955
2025-03-25 14:00:00;2025-03-25 15:00:00;706;1,482000;;;5,689932;0,149410
2025-03-25 15:00:00;2025-03-25 16:00:00;706;0,867000;;;7,341419;0,568598
2025-03-25 16:00:00;2025-03-25 17:00:00;706;0,359000;;;7,181741;0,664016
2025-03-25 17:00:00;2025-03-25 18:00:00;706;0,048000;;;7,689025;0,674263
2025-03-25 18:00:00;2025-03-25 19:00:00;706;0,000000;;;9,122069;0,680757
2025-03-25 19:00:00;2025-03-25 20:00:00;706;0,000000;;;8,175330;0,682989
2025-03-25 20:00:00;2025-03-25 21:00:00;706;0,000000;;;6,842385;0,603084
2025-03-25 21:00:00;2025-03-25 22:00:00;706;0,000000;;;7,845169;0,174132
2025-03-25 22:00:00;2025-03-25 23:00:00;706;0,000000;;;8,014318;0,174351
2025-03-25 23:00:00;2025-03-26 00:00:00;706;0,000000;;;7,428546;0,174350
2025-03-26 00:00:00;2025-03-26 01:00:00;706;0,000000;;;6,764363;0,174180
2025-03-26 01:00:00;2025-03-26 02:00:00;706;0,000000;;;5,808779;0,174250
2025-03-26 02:00:00;2025-03-26 03:00:00;706;0,000000;;;6,090840;0,174010
2025-03-26 03:00:00;2025-03-26 04:00:00;706;0,000000;;;6,199766;0,174490
2025-03-26 04:00:00;2025-03-26 05:00:00;706;0,000000;;;4,501081;0,174510
2025-03-26 05:00:00;2025-03-26 06:00:00;706;0,227000;;;4,613685;0,271513
2025-03-26 06:00:00;2025-03-26 07:00:00;706;1,401000;;;4,170480;0,328876
2025-03-26 07:00:00;2025-03-26 08:00:00;706;3,541000;;;1,958861;0,329195
2025-03-26 08:00:00;2025-03-26 09:00:00;706;6,121000;;;2,072102;0,327689
2025-03-26 09:00:00;2025-03-26 10:00:00;706;7,477000;;;1,699764;0,323960
2025-03-26 10:00:00;2025-03-26 11:00:00;706;7,879000;;;1,391777;0,320906
2025-03-26 11:00:00;2025-03-26 12:00:00;706;8,099000;;;1,264371;0,321266
2025-03-26 12:00:00;2025-03-26 13:00:00;706;7,688000;;;1,765842;0,322566
2025-03-26 13:00:00;2025-03-26 14:00:00;706;6,620000;;;1,830406;0,255604
2025-03-26 14:00:00;2025-03-26 15:00:00;706;5,266000;;;1,380106;0,174390
2025-03-26 15:00:00;2025-03-26 16:00:00;706;3,108000;;;1,481955;0,321712
2025-03-26 16:00:00;2025-03-26 17:00:00;706;0,977000;;;2,665403;0,674520
2025-03-26 17:00:00;2025-03-26 18:00:00;706;0,079000;;;3,237599;0,658855
2025-03-26 18:00:00;2025-03-26 19:00:00;706;0,000000;;;1,961690;0,649640
2025-03-26 19:00:00;2025-03-26 20:00:00;706;0,000000;;;1,473081;0,649435
2025-03-26 20:00:00;2025-03-26 21:00:00;706;0,000000;;;1,167901;0,649451
2025-03-26 21:00:00;2025-03-26 22:00:00;706;0,000000;;;0,979931;0,621630
2025-03-26 22:00:00;2025-03-26 23:00:00;706;0,000000;;;1,266213;0,499080
2025-03-26 23:00:00;2025-03-27 00:00:00;706;0,000000;;;1,440235;0,499240
2025-03-27 00:00:00;2025-03-27 01:00:00;706;0,000000;;;2,151916;0,499100
2025-03-27 01:00:00;2025-03-27 02:00:00;706;0,000000;;;3,178417;0,499230
2025-03-27 02:00:00;2025-03-27 03:00:00;706;0,000000;;;5,012786;0,499050
2025-03-27 03:00:00;2025-03-27 04:00:00;706;0,000000;;;4,485572;0,499090
2025-03-27 04:00:00;2025-03-27 05:00:00;706;0,000000;;;3,866571;0,499150
2025-03-27 05:00:00;2025-03-27 06:00:00;706;0,159000;;;4,144953;0,615606
2025-03-27 06:00:00;2025-03-27 07:00:00;706;0,681000;;;4,249972;0,677970
2025-03-27 07:00:00;2025-03-27 08:00:00;706;1,597000;;;4,589621;0,678310
2025-03-27 08:00:00;2025-03-27 09:00:00;706;3,528000;;;6,433955;0,678103
2025-03-27 09:00:00;2025-03-27 10:00:00;706;2,839000;;;6,691257;0,670030
2025-03-27 10:00:00;2025-03-27 11:00:00;706;4,329000;;;7,707524;0,052880
2025-03-27 11:00:00;2025-03-27 12:00:00;706;6,646000;;;8,441087;0,000000
2025-03-27 12:00:00;2025-03-27 13:00:00;706;7,352000;;;6,626768;0,000000
2025-03-27 13:00:00;2025-03-27 14:00:00;706;5,058000;;;6,259163;0,002472
2025-03-27 14:00:00;2025-03-27 15:00:00;706;3,675000;;;6,807383;0,387604
2025-03-27 15:00:00;2025-03-27 16:00:00;706;2,389000;;;5,466016;0,603608
2025-03-27 16:00:00;2025-03-27 17:00:00;706;1,257000;;;3,994856;0,647276
2025-03-27 17:00:00;2025-03-27 18:00:00;706;0,106000;;;4,085398;0,647780
2025-03-27 18:00:00;2025-03-27 19:00:00;706;0,000000;;;3,906262;0,649392
2025-03-27 19:00:00;2025-03-27 20:00:00;706;0,000000;;;4,665783;0,649486
2025-03-27 20:00:00;2025-03-27 21:00:00;706;0,000000;;;4,521236;0,649248
2025-03-27 21:00:00;2025-03-27 22:00:00;706;0,000000;;;4,268680;0,631126
2025-03-27 22:00:00;2025-03-27 23:00:00;706;0,000000;;;6,829268;0,598440
2025-03-27 23:00:00;2025-03-28 00:00:00;706;0,000000;;;5,840405;0,597850
2025-03-28 00:00:00;2025-03-28 01:00:00;706;0,000000;;;5,110531;0,598480
2025-03-28 01:00:00;2025-03-28 02:00:00;706;0,000000;;;6,371329;0,598300
2025-03-28 02:00:00;2025-03-28 03:00:00;706;0,000000;;;8,098738;0,598170
2025-03-28 03:00:00;2025-03-28 04:00:00;706;0,000000;;;6,111443;0,598500
2025-03-28 04:00:00;2025-03-28 05:00:00;706;0,000000;;;4,724089;0,598240
2025-03-28 05:00:00;2025-03-28 06:00:00;706;0,333000;;;5,135381;0,649138
2025-03-28 06:00:00;2025-03-28 07:00:00;706;1,717000;;;6,891689;0,667620
2025-03-28 07:00:00;2025-03-28 08:00:00;706;3,715000;;;8,215615;0,667641
2025-03-28 08:00:00;2025-03-28 09:00:00;706;6,075000;;;8,217688;0,567987
2025-03-28 09:00:00;2025-03-28 10:00:00;706;8,108000;;;9,211206;0,166390
2025-03-28 10:00:00;2025-03-28 11:00:00;706;9,008000;;;8,273932;0,149000
2025-03-28 11:00:00;2025-03-28 12:00:00;706;9,206000;;;10,040140;0,149060
2025-03-28 12:00:00;2025-03-28 13:00:00;706;8,773000;;;10,455032;0,149100
2025-03-28 13:00:00;2025-03-28 14:00:00;706;7,695000;;;9,452177;0,149360
2025-03-28 14:00:00;2025-03-28 15:00:00;706;5,779000;;;7,965278;0,149550
2025-03-28 15:00:00;2025-03-28 16:00:00;706;3,386000;;;6,745469;0,149460
2025-03-28 16:00:00;2025-03-28 17:00:00;706;1,209000;;;6,346190;0,422540
2025-03-28 17:00:00;2025-03-28 18:00:00;706;0,138000;;;4,083282;0,681280
2025-03-28 18:00:00;2025-03-28 19:00:00;706;0,000000;;;2,167401;0,682220
2025-03-28 19:00:00;2025-03-28 20:00:00;706;0,000000;;;0,867926;0,674850
2025-03-28 20:00:00;2025-03-28 21:00:00;706;0,000000;;;1,429030;0,675040
2025-03-28 21:00:00;2025-03-28 22:00:00;706;0,000000;;;1,001974;0,675410
2025-03-28 22:00:00;2025-03-28 23:00:00;706;0,000000;;;0,621360;0,633660
2025-03-28 23:00:00;2025-03-29 00:00:00;706;0,000000;;;0,182527;0,622970
2025-03-29 00:00:00;2025-03-29 01:00:00;706;0,000000;;;0,130896;0,623100
2025-03-29 01:00:00;2025-03-29 02:00:00;706;0,000000;;;0,465044;0,623150
2025-03-29 02:00:00;2025-03-29 03:00:00;706;0,000000;;;0,701837;0,623230
2025-03-29 03:00:00;2025-03-29 04:00:00;706;0,000000;;;0,692056;0,623220
2025-03-29 04:00:00;2025-03-29 05:00:00;706;0,000000;;;0,767251;0,623050
2025-03-29 05:00:00;2025-03-29 06:00:00;706;0,324000;;;0,601203;0,623190
2025-03-29 06:00:00;2025-03-29 07:00:00;706;1,910000;;;0,611586;0,623060
2025-03-29 07:00:00;2025-03-29 08:00:00;706;3,353000;;;0,581906;0,623190
2025-03-29 08:00:00;2025-03-29 09:00:00;706;5,309000;;;1,020910;0,642040
2025-03-29 09:00:00;2025-03-29 10:00:00;706;5,704000;;;1,686975;0,648110
2025-03-29 10:00:00;2025-03-29 11:00:00;706;6,293000;;;2,243475;0,647900
2025-03-29 11:00:00;2025-03-29 12:00:00;706;6,247000;;;2,132743;0,554090
2025-03-29 12:00:00;2025-03-29 13:00:00;706;6,914000;;;2,577094;0,149022
2025-03-29 13:00:00;2025-03-29 14:00:00;706;5,569000;;;3,035405;0,149130
2025-03-29 14:00:00;2025-03-29 15:00:00;706;3,898000;;;3,539263;0,149200
2025-03-29 15:00:00;2025-03-29 16:00:00;706;3,269000;;;2,855890;0,502370
2025-03-29 16:00:00;2025-03-29 17:00:00;706;1,128000;;;2,145809;0,670850
2025-03-29 17:00:00;2025-03-29 18:00:00;706;0,132000;;;1,874705;0,680300
2025-03-29 18:00:00;2025-03-29 19:00:00;706;0,000000;;;0,991543;0,687600
2025-03-29 19:00:00;2025-03-29 20:00:00;706;0,000000;;;1,609737;0,687770
2025-03-29 20:00:00;2025-03-29 21:00:00;706;0,000000;;;1,752370;0,683700
2025-03-29 21:00:00;2025-03-29 22:00:00;706;0,000000;;;2,143569;0,681030
2025-03-29 22:00:00;2025-03-29 23:00:00;706;0,000000;;;3,347751;0,608070
2025-03-29 23:00:00;2025-03-30 00:00:00;706;0,000000;;;5,181163;0,519530
2025-03-30 00:00:00;2025-03-30 01:00:00;706;0,000000;;;7,516282;0,499070
2025-03-30 01:00:00;2025-03-30 03:00:00;706;0,000000;;;6,065459;0,499190
2025-03-30 02:00:00;2025-03-30 04:00:00;706;0,000000;;;8,717234;0,499150
2025-03-30 03:00:00;2025-03-30 05:00:00;706;0,000000;;;11,531127;0,499000
2025-03-30 04:00:00;2025-03-30 06:00:00;706;0,000000;;;12,311549;0,499140
2025-03-30 05:00:00;2025-03-30 07:00:00;706;0,083000;;;9,885313;0,499180
2025-03-30 06:00:00;2025-03-30 08:00:00;706;0,442000;;;7,224338;0,499150
2025-03-30 07:00:00;2025-03-30 09:00:00;706;1,642000;;;5,509643;0,269800
2025-03-30 08:00:00;2025-03-30 10:00:00;706;2,587000;;;4,091407;0,148990
2025-03-30 09:00:00;2025-03-30 11:00:00;706;3,193000;;;4,461021;0,149270
2025-03-30 10:00:00;2025-03-30 12:00:00;706;4,894000;;;4,629354;0,149070
2025-03-30 11:00:00;2025-03-30 13:00:00;706;4,716000;;;4,906814;0,148930
2025-03-30 12:00:00;2025-03-30 14:00:00;706;4,515000;;;4,442120;0,149700
2025-03-30 13:00:00;2025-03-30 15:00:00;706;4,748000;;;5,262430;0,149280
2025-03-30 14:00:00;2025-03-30 16:00:00;706;3,387000;;;7,244093;0,149620
2025-03-30 15:00:00;2025-03-30 17:00:00;706;0,951000;;;8,925282;0,149270
2025-03-30 16:00:00;2025-03-30 18:00:00;706;0,144000;;;6,653356;0,149560
2025-03-30 17:00:00;2025-03-30 19:00:00;706;0,003000;;;7,208240;0,149140
2025-03-30 18:00:00;2025-03-30 20:00:00;706;0,000000;;;7,300681;0,182850
2025-03-30 19:00:00;2025-03-30 21:00:00;706;0,000000;;;6,319289;0,224050
2025-03-30 20:00:00;2025-03-30 22:00:00;706;0,000000;;;7,904159;0,302920
2025-03-30 21:00:00;2025-03-30 23:00:00;706;0,000000;;;9,628662;0,324460
2025-03-30 22:00:00;2025-03-31 00:00:00;706;0,000000;;;8,156840;0,324410
2025-03-30 23:00:00;2025-03-31 01:00:00;706;0,000000;;;6,562582;0,324230
2025-03-31 00:00:00;2025-03-31 02:00:00;706;0,000000;;;4,860570;0,324370
2025-03-31 01:00:00;2025-03-31 03:00:00;706;0,000000;;;3,585673;0,324490
2025-03-31 02:00:00;2025-03-31 04:00:00;706;0,000000;;;2,082085;0,324350
2025-03-31 03:00:00;2025-03-31 05:00:00;706;0,000000;;;1,938819;0,324300
2025-03-31 04:00:00;2025-03-31 06:00:00;706;0,000000;;;1,657067;0,324320
2025-03-31 05:00:00;2025-03-31 07:00:00;706;0,271000;;;1,880041;0,521420
2025-03-31 06:00:00;2025-03-31 08:00:00;706;1,745000;;;1,427362;0,678086
2025-03-31 07:00:00;2025-03-31 09:00:00;706;4,219000;;;1,771070;0,677790
2025-03-31 08:00:00;2025-03-31 10:00:00;706;6,055000;;;1,725703;0,677860
2025-03-31 09:00:00;2025-03-31 11:00:00;706;7,654000;;;1,723049;0,677840
2025-03-31 10:00:00;2025-03-31 12:00:00;706;8,473000;;;2,089288;0,677225
2025-03-31 11:00:00;2025-03-31 13:00:00;706;8,012000;;;2,137325;0,529121
2025-03-31 12:00:00;2025-03-31 14:00:00;706;7,814000;;;1,880369;0,355178
2025-03-31 13:00:00;2025-03-31 15:00:00;706;7,211000;;;2,032455;0,351628
2025-03-31 14:00:00;2025-03-31 16:00:00;706;5,885000;;;1,973327;0,581081
2025-03-31 15:00:00;2025-03-31 17:00:00;706;3,718000;;;1,599833;0,599946
2025-03-31 16:00:00;2025-03-31 18:00:00;706;1,444000;;;1,072697;0,667739
2025-03-31 17:00:00;2025-03-31 19:00:00;706;0,155000;;;0,362941;0,678655
2025-03-31 18:00:00;2025-03-31 20:00:00;706;0,000000;;;0,153098;0,678115
2025-03-31 19:00:00;2025-03-31 21:00:00;706;0,000000;;;0,307938;0,604569
2025-03-31 20:00:00;2025-03-31 22:00:00;706;0,000000;;;0,893671;0,480709
2025-03-31 21:00:00;2025-03-31 23:00:00;706;0,000000;;;1,002976;0,480420
2025-03-31 22:00:00;2025-04-01 00:00:00;706;0,000000;;;0,896826;0,480872
2025-03-31 23:00:00;2025-04-01 01:00:00;706;0,000000;;;0,308519;0,480809
2025-04-01 00:00:00;2025-04-01 02:00:00;706;0,000000;;;0,259844;0,480865
2025-04-01 01:00:00;2025-04-01 03:00:00;706;0,000000;;;0,346402;0,480094
2025-04-01 02:00:00;2025-04-01 04:00:00;706;0,000000;;;0,228733;0,480837
2025-04-01 03:00:00;2025-04-01 05:00:00;706;0,000000;;;0,048493;0,480727
2025-04-01 04:00:00;2025-04-01 06:00:00;706;0,000000;;;0,006358;0,638547
2025-04-01 05:00:00;2025-04-01 07:00:00;706;0,441000;;;0,001980;0,677684
2025-04-01 06:00:00;2025-04-01 08:00:00;706;2,303000;;;0,000081;0,677943
2025-04-01 07:00:00;2025-04-01 09:00:00;706;4,743000;;;0,000079;0,657045
2025-04-01 08:00:00;2025-04-01 10:00:00;706;7,058000;;;0,000000;0,382320
2025-04-01 09:00:00;2025-04-01 11:00:00;706;8,561000;;;0,000000;0,150666
2025-04-01 10:00:00;2025-04-01 12:00:00;706;9,263000;;;0,000000;0,150873
2025-04-01 11:00:00;2025-04-01 13:00:00;706;9,410000;;;0,001206;0,149637
2025-04-01 12:00:00;2025-04-01 14:00:00;706;8,965000;;;0,011345;0,150392
2025-04-01 13:00:00;2025-04-01 15:00:00;706;7,890000;;;0,003897;0,151015
2025-04-01 14:00:00;2025-04-01 16:00:00;706;6,032000;;;0,025704;0,151176
2025-04-01 15:00:00;2025-04-01 17:00:00;706;3,738000;;;0,025906;0,197689
2025-04-01 16:00:00;2025-04-01 18:00:00;706;1,473000;;;0,016131;0,607378
2025-04-01 17:00:00;2025-04-01 19:00:00;706;0,171000;;;0,000107;0,652949
2025-04-01 18:00:00;2025-04-01 20:00:00;706;0,000000;;;0,001180;0,647915
2025-04-01 19:00:00;2025-04-01 21:00:00;706;0,000000;;;0,000002;0,648399
2025-04-01 20:00:00;2025-04-01 22:00:00;706;0,000000;;;0,000079;0,604169
2025-04-01 21:00:00;2025-04-01 23:00:00;706;0,000000;;;0,000000;0,550082
2025-04-01 22:00:00;2025-04-02 00:00:00;706;0,000000;;;0,000000;0,550426
2025-04-01 23:00:00;2025-04-02 01:00:00;706;0,000000;;;0,001682;0,550363
2025-04-02 00:00:00;2025-04-02 02:00:00;706;0,000000;;;0,020995;0,549873
2025-04-02 01:00:00;2025-04-02 03:00:00;706;0,000000;;;0,016816;0,549852
2025-04-02 02:00:00;2025-04-02 04:00:00;706;0,000000;;;0,020793;0,550139
2025-04-02 03:00:00;2025-04-02 05:00:00;706;0,000000;;;0,084081;0,550323
2025-04-02 04:00:00;2025-04-02 06:00:00;706;0,000000;;;0,036056;0,598835
2025-04-02 05:00:00;2025-04-02 07:00:00;706;0,515000;;;0,023319;0,617980
2025-04-02 06:00:00;2025-04-02 08:00:00;706;2,320000;;;0,012068;0,623990
2025-04-02 07:00:00;2025-04-02 09:00:00;706;4,761000;;;0,024321;0,540427
2025-04-02 08:00:00;2025-04-02 10:00:00;706;6,971000;;;0,000060;0,112836
2025-04-02 09:00:00;2025-04-02 11:00:00;706;8,456000;;;0,000003;0,001513
2025-04-02 10:00:00;2025-04-02 12:00:00;706;9,212000;;;0,000312;0,001256
2025-04-02 11:00:00;2025-04-02 13:00:00;706;9,355000;;;0,011050;0,000602
2025-04-02 12:00:00;2025-04-02 14:00:00;706;8,892000;;;0,034421;0,000615
2025-04-02 13:00:00;2025-04-02 15:00:00;706;7,872000;;;0,021041;0,001431
2025-04-02 14:00:00;2025-04-02 16:00:00;706;6,066000;;;0,007474;0,001478
2025-04-02 15:00:00;2025-04-02 17:00:00;706;3,781000;;;0,002003;0,037933
2025-04-02 16:00:00;2025-04-02 18:00:00;706;1,489000;;;0,000079;0,334483
2025-04-02 17:00:00;2025-04-02 19:00:00;706;0,172000;;;0,000000;0,341544
2025-04-02 18:00:00;2025-04-02 20:00:00;706;0,000000;;;0,000000;0,345965
2025-04-02 19:00:00;2025-04-02 21:00:00;706;0,000000;;;0,011274;0,349579
2025-04-02 20:00:00;2025-04-02 22:00:00;706;0,000000;;;0,066898;0,329029
2025-04-02 21:00:00;2025-04-02 23:00:00;706;0,000000;;;0,107905;0,250969
2025-04-02 22:00:00;2025-04-03 00:00:00;706;0,000000;;;0,103739;0,251010
2025-04-02 23:00:00;2025-04-03 01:00:00;706;0,000000;;;0,023202;0,250865
2025-04-03 00:00:00;2025-04-03 02:00:00;706;0,000000;;;0,004633;0,251052
2025-04-03 01:00:00;2025-04-03 03:00:00;706;0,000000;;;0,000316;0,250961
2025-04-03 02:00:00;2025-04-03 04:00:00;706;0,000000;;;0,000000;0,250356
2025-04-03 03:00:00;2025-04-03 05:00:00;706;0,000000;;;0,000000;0,264267
2025-04-03 04:00:00;2025-04-03 06:00:00;706;0,001000;;;0,000000;0,325884
2025-04-03 05:00:00;2025-04-03 07:00:00;706;0,499000;;;0,000000;0,544122
2025-04-03 06:00:00;2025-04-03 08:00:00;706;2,318000;;;0,000079;0,586532
2025-04-03 07:00:00;2025-04-03 09:00:00;706;4,825000;;;0,000000;0,344898
2025-04-03 08:00:00;2025-04-03 10:00:00;706;6,995000;;;0,000000;0,331992
2025-04-03 09:00:00;2025-04-03 11:00:00;706;8,382000;;;0,000000;0,321207
2025-04-03 10:00:00;2025-04-03 12:00:00;706;9,085000;;;0,000059;0,320560
2025-04-03 11:00:00;2025-04-03 13:00:00;706;9,267000;;;0,005732;0,320066
2025-04-03 12:00:00;2025-04-03 14:00:00;706;8,869000;;;0,003582;0,318089
2025-04-03 13:00:00;2025-04-03 15:00:00;706;7,794000;;;0,017232;0,319966
2025-04-03 14:00:00;2025-04-03 16:00:00;706;6,012000;;;0,045018;0,320110
2025-04-03 15:00:00;2025-04-03 17:00:00;706;3,765000;;;0,097162;0,323477
2025-04-03 16:00:00;2025-04-03 18:00:00;706;1,463000;;;0,461656;0,322342
2025-04-03 17:00:00;2025-04-03 19:00:00;706;0,191000;;;0,338810;0,323430
2025-04-03 18:00:00;2025-04-03 20:00:00;706;0,000000;;;0,326197;0,323900
2025-04-03 19:00:00;2025-04-03 21:00:00;706;0,000000;;;0,262609;0,323344
2025-04-03 20:00:00;2025-04-03 22:00:00;706;0,000000;;;0,454987;0,335863
2025-04-03 21:00:00;2025-04-03 23:00:00;706;0,000000;;;0,710664;0,344959
2025-04-03 22:00:00;2025-04-04 00:00:00;706;0,000000;;;0,769879;0,345701
2025-04-03 23:00:00;2025-04-04 01:00:00;706;0,000000;;;1,007854;0,345702
2025-04-04 00:00:00;2025-04-04 02:00:00;706;0,000000;;;1,129083;0,345365
2025-04-04 01:00:00;2025-04-04 03:00:00;706;0,000000;;;2,043769;0,345355
2025-04-04 02:00:00;2025-04-04 04:00:00;706;0,000000;;;2,691015;0,346026
2025-04-04 03:00:00;2025-04-04 05:00:00;706;0,000000;;;2,496990;0,344645
2025-04-04 04:00:00;2025-04-04 06:00:00;706;0,001000;;;2,283330;0,344872
2025-04-04 05:00:00;2025-04-04 07:00:00;706;0,542000;;;1,978799;0,338185
2025-04-04 06:00:00;2025-04-04 08:00:00;706;2,342000;;;0,916954;0,334623
2025-04-04 07:00:00;2025-04-04 09:00:00;706;4,544000;;;3,127063;0,330473
2025-04-04 08:00:00;2025-04-04 10:00:00;706;6,844000;;;3,594018;0,247447
2025-04-04 09:00:00;2025-04-04 11:00:00;706;8,569000;;;4,211135;0,000822
2025-04-04 10:00:00;2025-04-04 12:00:00;706;8,428000;;;3,866001;0,001512
2025-04-04 11:00:00;2025-04-04 13:00:00;706;8,756000;;;5,074395;0,000939
2025-04-04 12:00:00;2025-04-04 14:00:00;706;8,344000;;;5,677456;0,001167
2025-04-04 13:00:00;2025-04-04 15:00:00;706;8,072000;;;5,976201;0,001369
2025-04-04 14:00:00;2025-04-04 16:00:00;706;6,326000;;;5,588455;0,000528
2025-04-04 15:00:00;2025-04-04 17:00:00;706;3,998000;;;6,342018;0,201246
2025-04-04 16:00:00;2025-04-04 18:00:00;706;1,650000;;;4,031326;0,545880
2025-04-04 17:00:00;2025-04-04 19:00:00;706;0,241000;;;2,750990;0,615772
2025-04-04 18:00:00;2025-04-04 20:00:00;706;0,000000;;;2,486882;0,624063
2025-04-04 19:00:00;2025-04-04 21:00:00;706;0,000000;;;2,391723;0,624088
2025-04-04 20:00:00;2025-04-04 22:00:00;706;0,000000;;;2,580638;0,624469
2025-04-04 21:00:00;2025-04-04 23:00:00;706;0,000000;;;2,474709;0,624627
2025-04-04 22:00:00;2025-04-05 00:00:00;706;0,000000;;;1,145209;0,623589
2025-04-04 23:00:00;2025-04-05 01:00:00;706;0,000000;;;1,050766;0,624001
2025-04-05 00:00:00;2025-04-05 02:00:00;706;0,000000;;;1,279133;0,624284
2025-04-05 01:00:00;2025-04-05 03:00:00;706;0,000000;;;1,869844;0,624634
2025-04-05 02:00:00;2025-04-05 04:00:00;706;0,000000;;;3,949906;0,624713
2025-04-05 03:00:00;2025-04-05 05:00:00;706;0,000000;;;3,722590;0,623564
2025-04-05 04:00:00;2025-04-05 06:00:00;706;0,002000;;;3,641640;0,623627
2025-04-05 05:00:00;2025-04-05 07:00:00;706;0,513000;;;2,225144;0,624535
2025-04-05 06:00:00;2025-04-05 08:00:00;706;2,092000;;;3,502527;0,624660
2025-04-05 07:00:00;2025-04-05 09:00:00;706;5,166000;;;6,713909;0,623443
2025-04-05 08:00:00;2025-04-05 10:00:00;706;7,516000;;;6,750825;0,383092
2025-04-05 09:00:00;2025-04-05 11:00:00;706;8,991000;;;5,400245;0,151024
2025-04-05 10:00:00;2025-04-05 12:00:00;706;9,793000;;;5,016741;0,149532
2025-04-05 11:00:00;2025-04-05 13:00:00;706;9,705000;;;5,231952;0,149925
2025-04-05 12:00:00;2025-04-05 14:00:00;706;9,110000;;;4,942532;0,150114
2025-04-05 13:00:00;2025-04-05 15:00:00;706;8,151000;;;3,875155;0,150424
2025-04-05 14:00:00;2025-04-05 16:00:00;706;6,530000;;;3,231711;0,151271
2025-04-05 15:00:00;2025-04-05 17:00:00;706;4,125000;;;3,869330;0,151124
2025-04-05 16:00:00;2025-04-05 18:00:00;706;1,708000;;;4,322903;0,183652
2025-04-05 17:00:00;2025-04-05 19:00:00;706;0,252000;;;2,570888;0,300962
2025-04-05 18:00:00;2025-04-05 20:00:00;706;0,000000;;;1,642475;0,300296
2025-04-05 19:00:00;2025-04-05 21:00:00;706;0,000000;;;2,108933;0,299629
2025-04-05 20:00:00;2025-04-05 22:00:00;706;0,000000;;;1,520321;0,308400
2025-04-05 21:00:00;2025-04-05 23:00:00;706;0,000000;;;1,415248;0,324863
2025-04-05 22:00:00;2025-04-06 00:00:00;706;0,000000;;;1,505976;0,325451
2025-04-05 23:00:00;2025-04-06 01:00:00;706;0,000000;;;1,079770;0,325567
2025-04-06 00:00:00;2025-04-06 02:00:00;706;0,000000;;;0,550191;0,325665
2025-04-06 01:00:00;2025-04-06 03:00:00;706;0,000000;;;0,215736;0,324800
2025-04-06 02:00:00;2025-04-06 04:00:00;706;0,000000;;;0,223305;0,325119
2025-04-06 03:00:00;2025-04-06 05:00:00;706;0,000000;;;0,088422;0,324772
2025-04-06 04:00:00;2025-04-06 06:00:00;706;0,003000;;;0,021151;0,325927
2025-04-06 05:00:00;2025-04-06 07:00:00;706;0,730000;;;0,000493;0,326027
2025-04-06 06:00:00;2025-04-06 08:00:00;706;2,460000;;;0,000002;0,325738
2025-04-06 07:00:00;2025-04-06 09:00:00;706;5,165000;;;0,000002;0,325677
2025-04-06 08:00:00;2025-04-06 10:00:00;706;7,466000;;;0,001230;0,325620
2025-04-06 09:00:00;2025-04-06 11:00:00;706;8,964000;;;0,185336;0,325603
2025-04-06 10:00:00;2025-04-06 12:00:00;706;9,671000;;;0,494093;0,272979
2025-04-06 11:00:00;2025-04-06 13:00:00;706;9,547000;;;0,693701;0,200728
2025-04-06 12:00:00;2025-04-06 14:00:00;706;8,312000;;;0,429090;0,199565
2025-04-06 13:00:00;2025-04-06 15:00:00;706;6,736000;;;0,272465;0,167760
2025-04-06 14:00:00;2025-04-06 16:00:00;706;5,446000;;;0,393186;0,149415
2025-04-06 15:00:00;2025-04-06 17:00:00;706;3,856000;;;0,692331;0,150436
2025-04-06 16:00:00;2025-04-06 18:00:00;706;1,765000;;;0,712664;0,247428
2025-04-06 17:00:00;2025-04-06 19:00:00;706;0,263000;;;0,593308;0,324421
2025-04-06 18:00:00;2025-04-06 20:00:00;706;0,001000;;;0,446356;0,325320
2025-04-06 19:00:00;2025-04-06 21:00:00;706;0,000000;;;0,569141;0,325344
2025-04-06 20:00:00;2025-04-06 22:00:00;706;0,000000;;;1,227090;0,325532
2025-04-06 21:00:00;2025-04-06 23:00:00;706;0,000000;;;1,513241;0,325284
2025-04-06 22:00:00;2025-04-07 00:00:00;706;0,000000;;;2,145611;0,324784
2025-04-06 23:00:00;2025-04-07 01:00:00;706;0,000000;;;2,060168;0,326036
2025-04-07 00:00:00;2025-04-07 02:00:00;706;0,000000;;;2,594417;0,326069
2025-04-07 01:00:00;2025-04-07 03:00:00;706;0,000000;;;2,919077;0,325654
2025-04-07 02:00:00;2025-04-07 04:00:00;706;0,000000;;;2,175167;0,326095
2025-04-07 03:00:00;2025-04-07 05:00:00;706;0,000000;;;1,760730;0,326119
2025-04-07 04:00:00;2025-04-07 06:00:00;706;0,005000;;;1,948655;0,327119
2025-04-07 05:00:00;2025-04-07 07:00:00;706;0,610000;;;1,365076;0,527220
2025-04-07 06:00:00;2025-04-07 08:00:00;706;1,732000;;;0,495906;0,672689
2025-04-07 07:00:00;2025-04-07 09:00:00;706;2,631000;;;0,322047;0,679427
2025-04-07 08:00:00;2025-04-07 10:00:00;706;4,674000;;;0,603039;0,661782
2025-04-07 09:00:00;2025-04-07 11:00:00;706;8,776000;;;0,463377;0,165660
2025-04-07 10:00:00;2025-04-07 12:00:00;706;9,631000;;;0,275194;0,015043
2025-04-07 11:00:00;2025-04-07 13:00:00;706;9,645000;;;0,502769;0,000944
2025-04-07 12:00:00;2025-04-07 14:00:00;706;9,216000;;;0,925283;0,000243
2025-04-07 13:00:00;2025-04-07 15:00:00;706;8,150000;;;1,249570;0,000404
2025-04-07 14:00:00;2025-04-07 16:00:00;706;6,315000;;;1,288111;0,000880
2025-04-07 15:00:00;2025-04-07 17:00:00;706;3,987000;;;1,481909;0,291131
2025-04-07 16:00:00;2025-04-07 18:00:00;706;1,717000;;;2,092757;0,649810
2025-04-07 17:00:00;2025-04-07 19:00:00;706;0,270000;;;1,441995;0,649748
2025-04-07 18:00:00;2025-04-07 20:00:00;706;0,000000;;;0,905385;0,648702
2025-04-07 19:00:00;2025-04-07 21:00:00;706;0,000000;;;0,609505;0,648537
2025-04-07 20:00:00;2025-04-07 22:00:00;706;0,000000;;;0,809703;0,648290
2025-04-07 21:00:00;2025-04-07 23:00:00;706;0,000000;;;0,999281;0,648519
2025-04-07 22:00:00;2025-04-08 00:00:00;706;0,000000;;;1,275027;0,521203
2025-04-07 23:00:00;2025-04-08 01:00:00;706;0,000000;;;0,915057;0,500363
2025-04-08 00:00:00;2025-04-08 02:00:00;706;0,000000;;;1,047904;0,499878
2025-04-08 01:00:00;2025-04-08 03:00:00;706;0,000000;;;0,349893;0,499950
2025-04-08 02:00:00;2025-04-08 04:00:00;706;0,000000;;;0,418259;0,500469
2025-04-08 03:00:00;2025-04-08 05:00:00;706;0,000000;;;0,502316;0,500893
2025-04-08 04:00:00;2025-04-08 06:00:00;706;0,009000;;;0,354875;0,612028
2025-04-08 05:00:00;2025-04-08 07:00:00;706;0,772000;;;0,190882;0,693467
2025-04-08 06:00:00;2025-04-08 08:00:00;706;2,610000;;;0,127457;0,688833
2025-04-08 07:00:00;2025-04-08 09:00:00;706;5,171000;;;0,032068;0,689296
2025-04-08 08:00:00;2025-04-08 10:00:00;706;7,280000;;;0,052199;0,622638
2025-04-08 09:00:00;2025-04-08 11:00:00;706;8,338000;;;0,029638;0,300592
2025-04-08 10:00:00;2025-04-08 12:00:00;706;8,131000;;;0,112905;0,300050
2025-04-08 11:00:00;2025-04-08 13:00:00;706;7,816000;;;0,181926;0,301196
2025-04-08 12:00:00;2025-04-08 14:00:00;706;5,970000;;;0,123066;0,300979
2025-04-08 13:00:00;2025-04-08 15:00:00;706;5,317000;;;0,048003;0,301472
2025-04-08 14:00:00;2025-04-08 16:00:00;706;3,935000;;;0,002597;0,300660
2025-04-08 15:00:00;2025-04-08 17:00:00;706;3,034000;;;0,011904;0,301192
2025-04-08 16:00:00;2025-04-08 18:00:00;706;1,445000;;;0,000877;0,443155
2025-04-08 17:00:00;2025-04-08 19:00:00;706;0,290000;;;0,000136;0,649487
2025-04-08 18:00:00;2025-04-08 20:00:00;706;0,000000;;;0,000268;0,649729
2025-04-08 19:00:00;2025-04-08 21:00:00;706;0,000000;;;0,000328;0,649913
2025-04-08 20:00:00;2025-04-08 22:00:00;706;0,000000;;;0,000000;0,451592
2025-04-08 21:00:00;2025-04-08 23:00:00;706;0,000000;;;0,006402;0,400832
2025-04-08 22:00:00;2025-04-09 00:00:00;706;0,000000;;;0,074884;0,401445
2025-04-08 23:00:00;2025-04-09 01:00:00;706;0,000000;;;0,602368;0,400813
2025-04-09 00:00:00;2025-04-09 02:00:00;706;0,000000;;;1,367818;0,401299
2025-04-09 01:00:00;2025-04-09 03:00:00;706;0,000000;;;1,598536;0,400587
2025-04-09 02:00:00;2025-04-09 04:00:00;706;0,000000;;;1,516821;0,400418
2025-04-09 03:00:00;2025-04-09 05:00:00;706;0,000000;;;1,594976;0,401389
2025-04-09 04:00:00;2025-04-09 06:00:00;706;0,012000;;;0,999788;0,514326
2025-04-09 05:00:00;2025-04-09 07:00:00;706;0,623000;;;0,646114;0,648801
2025-04-09 06:00:00;2025-04-09 08:00:00;706;2,262000;;;0,297072;0,666677
2025-04-09 07:00:00;2025-04-09 09:00:00;706;4,971000;;;0,165528;0,674461
2025-04-09 08:00:00;2025-04-09 10:00:00;706;6,462000;;;0,071335;0,450180
2025-04-09 09:00:00;2025-04-09 11:00:00;706;6,523000;;;0,036059;0,000672
2025-04-09 10:00:00;2025-04-09 12:00:00;706;6,637000;;;0,074932;0,001019
2025-04-09 11:00:00;2025-04-09 13:00:00;706;8,550000;;;0,326895;0,001004
2025-04-09 12:00:00;2025-04-09 14:00:00;706;8,819000;;;0,661848;0,001263
2025-04-09 13:00:00;2025-04-09 15:00:00;706;7,800000;;;0,658812;0,000630
2025-04-09 14:00:00;2025-04-09 16:00:00;706;5,207000;;;0,683998;0,000455
2025-04-09 15:00:00;2025-04-09 17:00:00;706;3,946000;;;0,167898;0,226717
2025-04-09 16:00:00;2025-04-09 18:00:00;706;1,857000;;;0,058537;0,658426
2025-04-09 17:00:00;2025-04-09 19:00:00;706;0,464000;;;0,012071;0,664625
2025-04-09 18:00:00;2025-04-09 20:00:00;706;0,002000;;;0,000079;0,657720
2025-04-09 19:00:00;2025-04-09 21:00:00;706;0,000000;;;0,000003;0,660042
2025-04-09 20:00:00;2025-04-09 22:00:00;706;0,000000;;;0,000027;0,663383
2025-04-09 21:00:00;2025-04-09 23:00:00;706;0,000000;;;0,091659;0,613080
2025-04-09 22:00:00;2025-04-10 00:00:00;706;0,000000;;;0,753001;0,599662
2025-04-09 23:00:00;2025-04-10 01:00:00;706;0,000000;;;1,470758;0,599623
2025-04-10 00:00:00;2025-04-10 02:00:00;706;0,000000;;;0,900736;0,599746
2025-04-10 01:00:00;2025-04-10 03:00:00;706;0,000000;;;0,235784;0,599430
2025-04-10 02:00:00;2025-04-10 04:00:00;706;0,000000;;;0,134765;0,598929
2025-04-10 03:00:00;2025-04-10 05:00:00;706;0,000000;;;0,094770;0,621987
2025-04-10 04:00:00;2025-04-10 06:00:00;706;0,020000;;;0,050640;0,688159
2025-04-10 05:00:00;2025-04-10 07:00:00;706;0,859000;;;0,000567;0,688744
2025-04-10 06:00:00;2025-04-10 08:00:00;706;2,878000;;;0,000000;0,687819
2025-04-10 07:00:00;2025-04-10 09:00:00;706;5,392000;;;0,005685;0,685463
2025-04-10 08:00:00;2025-04-10 10:00:00;706;7,626000;;;0,094593;0,682259
2025-04-10 09:00:00;2025-04-10 11:00:00;706;9,099000;;;1,598784;0,679127
2025-04-10 10:00:00;2025-04-10 12:00:00;706;9,159000;;;3,739647;0,676110
2025-04-10 11:00:00;2025-04-10 13:00:00;706;7,385000;;;6,124162;0,381763
2025-04-10 12:00:00;2025-04-10 14:00:00;706;7,940000;;;9,560335;0,056971
2025-04-10 13:00:00;2025-04-10 15:00:00;706;6,961000;;;11,468124;0,150273
2025-04-10 14:00:00;2025-04-10 16:00:00;706;4,846000;;;11,220848;0,156835
2025-04-10 15:00:00;2025-04-10 17:00:00;706;3,610000;;;12,881250;0,201162
2025-04-10 16:00:00;2025-04-10 18:00:00;706;2,284000;;;15,353769;0,200683
2025-04-10 17:00:00;2025-04-10 19:00:00;706;0,387000;;;15,725963;0,276361
2025-04-10 18:00:00;2025-04-10 20:00:00;706;0,000000;;;15,159912;0,299188
2025-04-10 19:00:00;2025-04-10 21:00:00;706;0,000000;;;15,910818;0,299745
2025-04-10 20:00:00;2025-04-10 22:00:00;706;0,000000;;;14,998532;0,299446
2025-04-10 21:00:00;2025-04-10 23:00:00;706;0,000000;;;14,774840;0,300616
2025-04-10 22:00:00;2025-04-11 00:00:00;706;0,000000;;;14,224803;0,299849
2025-04-10 23:00:00;2025-04-11 01:00:00;706;0,000000;;;13,589217;0,299693
2025-04-11 00:00:00;2025-04-11 02:00:00;706;0,000000;;;13,549379;0,300505
2025-04-11 01:00:00;2025-04-11 03:00:00;706;0,000000;;;13,066729;0,299631
2025-04-11 02:00:00;2025-04-11 04:00:00;706;0,000000;;;11,990010;0,299845
2025-04-11 03:00:00;2025-04-11 05:00:00;706;0,000000;;;12,981503;0,300554
2025-04-11 04:00:00;2025-04-11 06:00:00;706;0,006000;;;12,355712;0,299725
2025-04-11 05:00:00;2025-04-11 07:00:00;706;0,203000;;;12,289982;0,299320
2025-04-11 06:00:00;2025-04-11 08:00:00;706;1,056000;;;10,509885;0,300443
2025-04-11 07:00:00;2025-04-11 09:00:00;706;3,779000;;;10,493359;0,300374
2025-04-11 08:00:00;2025-04-11 10:00:00;706;6,075000;;;9,718581;0,299602
2025-04-11 09:00:00;2025-04-11 11:00:00;706;8,347000;;;10,528644;0,299426
2025-04-11 10:00:00;2025-04-11 12:00:00;706;7,459000;;;9,702245;0,299951
2025-04-11 11:00:00;2025-04-11 13:00:00;706;5,712000;;;8,263007;0,197533
2025-04-11 12:00:00;2025-04-11 14:00:00;706;7,576000;;;8,355736;0,149710
2025-04-11 13:00:00;2025-04-11 15:00:00;706;7,302000;;;9,368479;0,151306
2025-04-11 14:00:00;2025-04-11 16:00:00;706;5,662000;;;10,064888;0,184471
2025-04-11 15:00:00;2025-04-11 17:00:00;706;3,088000;;;9,852656;0,325766
2025-04-11 16:00:00;2025-04-11 18:00:00;706;1,396000;;;9,932407;0,324118
2025-04-11 17:00:00;2025-04-11 19:00:00;706;0,375000;;;9,649457;0,323950
2025-04-11 18:00:00;2025-04-11 20:00:00;706;0,000000;;;10,150832;0,325119
2025-04-11 19:00:00;2025-04-11 21:00:00;706;0,000000;;;9,185162;0,324046
2025-04-11 20:00:00;2025-04-11 22:00:00;706;0,000000;;;8,267623;0,325122
2025-04-11 21:00:00;2025-04-11 23:00:00;706;0,000000;;;7,629493;0,324575
2025-04-11 22:00:00;2025-04-12 00:00:00;706;0,000000;;;6,538958;0,325109
2025-04-11 23:00:00;2025-04-12 01:00:00;706;0,000000;;;7,441995;0,325008
2025-04-12 00:00:00;2025-04-12 02:00:00;706;0,000000;;;7,194338;0,324826
2025-04-12 01:00:00;2025-04-12 03:00:00;706;0,000000;;;7,676048;0,324670
2025-04-12 02:00:00;2025-04-12 04:00:00;706;0,000000;;;8,019186;0,324471
2025-04-12 03:00:00;2025-04-12 05:00:00;706;0,000000;;;6,331936;0,324202
2025-04-12 04:00:00;2025-04-12 06:00:00;706;0,013000;;;4,618550;0,325492
2025-04-12 05:00:00;2025-04-12 07:00:00;706;0,450000;;;3,325502;0,325429
2025-04-12 06:00:00;2025-04-12 08:00:00;706;1,798000;;;4,155746;0,325156
2025-04-12 07:00:00;2025-04-12 09:00:00;706;3,538000;;;5,466501;0,324779
2025-04-12 08:00:00;2025-04-12 10:00:00;706;5,511000;;;6,625720;0,324938
2025-04-12 09:00:00;2025-04-12 11:00:00;706;7,741000;;;5,131623;0,324859
2025-04-12 10:00:00;2025-04-12 12:00:00;706;9,562000;;;4,004306;0,324271
2025-04-12 11:00:00;2025-04-12 13:00:00;706;9,804000;;;3,389497;0,221507
2025-04-12 12:00:00;2025-04-12 14:00:00;706;9,337000;;;2,551682;0,151097
2025-04-12 13:00:00;2025-04-12 15:00:00;706;8,209000;;;0,972380;0,150102
2025-04-12 14:00:00;2025-04-12 16:00:00;706;6,416000;;;0,454206;0,150713
2025-04-12 15:00:00;2025-04-12 17:00:00;706;4,134000;;;0,407142;0,222360
2025-04-12 16:00:00;2025-04-12 18:00:00;706;1,906000;;;0,460131;0,313055
2025-04-12 17:00:00;2025-04-12 19:00:00;706;0,370000;;;0,177851;0,321745
2025-04-12 18:00:00;2025-04-12 20:00:00;706;0,005000;;;0,354327;0,324146
2025-04-12 19:00:00;2025-04-12 21:00:00;706;0,000000;;;0,909166;0,324903
2025-04-12 20:00:00;2025-04-12 22:00:00;706;0,000000;;;0,793021;0,324706
2025-04-12 21:00:00;2025-04-12 23:00:00;706;0,000000;;;0,880865;0,324155
2025-04-12 22:00:00;2025-04-13 00:00:00;706;0,000000;;;0,916912;0,324512
2025-04-12 23:00:00;2025-04-13 01:00:00;706;0,000000;;;1,061749;0,325002
2025-04-13 00:00:00;2025-04-13 02:00:00;706;0,000000;;;1,935274;0,325414
2025-04-13 01:00:00;2025-04-13 03:00:00;706;0,000000;;;2,665210;0,325430
2025-04-13 02:00:00;2025-04-13 04:00:00;706;0,000000;;;2,765405;0,324790
2025-04-13 03:00:00;2025-04-13 05:00:00;706;0,000000;;;2,739257;0,325010
2025-04-13 04:00:00;2025-04-13 06:00:00;706;0,059000;;;2,836918;0,324118
2025-04-13 05:00:00;2025-04-13 07:00:00;706;0,991000;;;4,399019;0,325510
2025-04-13 06:00:00;2025-04-13 08:00:00;706;2,530000;;;5,913992;0,325352
2025-04-13 07:00:00;2025-04-13 09:00:00;706;5,096000;;;5,592670;0,324306
2025-04-13 08:00:00;2025-04-13 10:00:00;706;7,337000;;;6,630815;0,325086
2025-04-13 09:00:00;2025-04-13 11:00:00;706;7,070000;;;5,420251;0,325143
2025-04-13 10:00:00;2025-04-13 12:00:00;706;6,433000;;;4,894203;0,243736
2025-04-13 11:00:00;2025-04-13 13:00:00;706;4,063000;;;3,336449;0,150711
2025-04-13 12:00:00;2025-04-13 14:00:00;706;1,963000;;;5,050942;0,149717
2025-04-13 13:00:00;2025-04-13 15:00:00;706;1,353000;;;5,416458;0,150971
2025-04-13 14:00:00;2025-04-13 16:00:00;706;1,392000;;;2,453421;0,150434
2025-04-13 15:00:00;2025-04-13 17:00:00;706;1,081000;;;5,234787;0,156303
2025-04-13 16:00:00;2025-04-13 18:00:00;706;1,846000;;;4,727908;0,323836
2025-04-13 17:00:00;2025-04-13 19:00:00;706;0,389000;;;2,231590;0,325236
2025-04-13 18:00:00;2025-04-13 20:00:00;706;0,004000;;;2,917633;0,324331
2025-04-13 19:00:00;2025-04-13 21:00:00;706;0,000000;;;6,698507;0,323860
2025-04-13 20:00:00;2025-04-13 22:00:00;706;0,000000;;;8,505340;0,323630
2025-04-13 21:00:00;2025-04-13 23:00:00;706;0,000000;;;4,842795;0,325105
2025-04-13 22:00:00;2025-04-14 00:00:00;706;0,000000;;;3,981943;0,325304
2025-04-13 23:00:00;2025-04-14 01:00:00;706;0,000000;;;2,346792;0,325534
2025-04-14 00:00:00;2025-04-14 02:00:00;706;0,000000;;;2,760604;0,324350
2025-04-14 01:00:00;2025-04-14 03:00:00;706;0,000000;;;3,371681;0,325124
2025-04-14 02:00:00;2025-04-14 04:00:00;706;0,000000;;;1,276830;0,324292
2025-04-14 03:00:00;2025-04-14 05:00:00;706;0,000000;;;0,562708;0,325499
2025-04-14 04:00:00;2025-04-14 06:00:00;706;0,075000;;;0,379944;0,325210
2025-04-14 05:00:00;2025-04-14 07:00:00;706;0,889000;;;0,310031;0,325336
2025-04-14 06:00:00;2025-04-14 08:00:00;706;1,970000;;;0,261003;0,324232
2025-04-14 07:00:00;2025-04-14 09:00:00;706;2,107000;;;0,218426;0,324623
2025-04-14 08:00:00;2025-04-14 10:00:00;706;1,658000;;;0,224287;0,324844
2025-04-14 09:00:00;2025-04-14 11:00:00;706;1,931000;;;0,107648;0,281411
2025-04-14 10:00:00;2025-04-14 12:00:00;706;1,176000;;;0,124900;0,199225
2025-04-14 11:00:00;2025-04-14 13:00:00;706;2,835000;;;0,000000;0,199625
2025-04-14 12:00:00;2025-04-14 14:00:00;706;2,131000;;;0,000000;0,200696
2025-04-14 13:00:00;2025-04-14 15:00:00;706;2,228000;;;0,002835;0,247988
2025-04-14 14:00:00;2025-04-14 16:00:00;706;1,995000;;;0,006250;0,333517
2025-04-14 15:00:00;2025-04-14 17:00:00;706;1,874000;;;0,008992;0,589578
2025-04-14 16:00:00;2025-04-14 18:00:00;706;1,218000;;;0,037798;0,667113
2025-04-14 17:00:00;2025-04-14 19:00:00;706;0,399000;;;0,003909;0,670609
2025-04-14 18:00:00;2025-04-14 20:00:00;706;0,011000;;;0,120352;0,667620
2025-04-14 19:00:00;2025-04-14 21:00:00;706;0,000000;;;0,217752;0,599003
2025-04-14 20:00:00;2025-04-14 22:00:00;706;0,000000;;;0,059951;0,472350
2025-04-14 21:00:00;2025-04-14 23:00:00;706;0,000000;;;0,067192;0,200090
2025-04-14 22:00:00;2025-04-15 00:00:00;706;0,000000;;;0,144570;0,200911
2025-04-14 23:00:00;2025-04-15 01:00:00;706;0,000000;;;0,172437;0,200678
2025-04-15 00:00:00;2025-04-15 02:00:00;706;0,000000;;;0,210752;0,200180
2025-04-15 01:00:00;2025-04-15 03:00:00;706;0,000000;;;0,260091;0,199989
2025-04-15 02:00:00;2025-04-15 04:00:00;706;0,000000;;;0,448810;0,201272
2025-04-15 03:00:00;2025-04-15 05:00:00;706;0,000000;;;0,875491;0,201053
2025-04-15 04:00:00;2025-04-15 06:00:00;706;0,072000;;;1,460974;0,204846
2025-04-15 05:00:00;2025-04-15 07:00:00;706;0,661000;;;1,720452;0,300511
2025-04-15 06:00:00;2025-04-15 08:00:00;706;2,414000;;;2,571810;0,299468
2025-04-15 07:00:00;2025-04-15 09:00:00;706;4,888000;;;3,376128;0,238203
2025-04-15 08:00:00;2025-04-15 10:00:00;706;7,116000;;;5,340080;0,021162
2025-04-15 09:00:00;2025-04-15 11:00:00;706;7,659000;;;6,368758;0,001524
2025-04-15 10:00:00;2025-04-15 12:00:00;706;3,751000;;;6,187550;0,000485
2025-04-15 11:00:00;2025-04-15 13:00:00;706;3,804000;;;6,653334;0,001584
2025-04-15 12:00:00;2025-04-15 14:00:00;706;4,551000;;;8,011204;0,000548
2025-04-15 13:00:00;2025-04-15 15:00:00;706;5,428000;;;9,174485;0,001085
2025-04-15 14:00:00;2025-04-15 16:00:00;706;5,158000;;;10,236186;0,001035
2025-04-15 15:00:00;2025-04-15 17:00:00;706;3,787000;;;9,865251;0,000638
2025-04-15 16:00:00;2025-04-15 18:00:00;706;1,746000;;;7,593829;0,001198
2025-04-15 17:00:00;2025-04-15 19:00:00;706;0,400000;;;7,186319;0,000821
2025-04-15 18:00:00;2025-04-15 20:00:00;706;0,007000;;;8,529042;0,000706
2025-04-15 19:00:00;2025-04-15 21:00:00;706;0,000000;;;9,608980;0,001267
2025-04-15 20:00:00;2025-04-15 22:00:00;706;0,000000;;;10,541654;0,000674
2025-04-15 21:00:00;2025-04-15 23:00:00;706;0,000000;;;10,221232;0,001500
2025-04-15 22:00:00;2025-04-16 00:00:00;706;0,000000;;;7,759010;0,001068
2025-04-15 23:00:00;2025-04-16 01:00:00;706;0,000000;;;6,726292;0,000484
2025-04-16 00:00:00;2025-04-16 02:00:00;706;0,000000;;;5,583625;0,001651
2025-04-16 01:00:00;2025-04-16 03:00:00;706;0,000000;;;4,489245;0,000611
2025-04-16 02:00:00;2025-04-16 04:00:00;706;0,000000;;;3,433889;0,001067
2025-04-16 03:00:00;2025-04-16 05:00:00;706;0,000000;;;3,253200;0,001199
2025-04-16 04:00:00;2025-04-16 06:00:00;706;0,021000;;;3,292479;0,000591
2025-04-16 05:00:00;2025-04-16 07:00:00;706;0,377000;;;2,218748;0,270879
2025-04-16 06:00:00;2025-04-16 08:00:00;706;1,499000;;;1,925083;0,324645
2025-04-16 07:00:00;2025-04-16 09:00:00;706;2,296000;;;0,547591;0,325149
2025-04-16 08:00:00;2025-04-16 10:00:00;706;5,330000;;;0,182191;0,324352
2025-04-16 09:00:00;2025-04-16 11:00:00;706;5,909000;;;0,136269;0,235202
2025-04-16 10:00:00;2025-04-16 12:00:00;706;6,651000;;;0,005379;0,186247
2025-04-16 11:00:00;2025-04-16 13:00:00;706;5,699000;;;0,007942;0,197020
2025-04-16 12:00:00;2025-04-16 14:00:00;706;6,605000;;;0,194051;0,237448
2025-04-16 13:00:00;2025-04-16 15:00:00;706;5,878000;;;0,450738;0,300839
2025-04-16 14:00:00;2025-04-16 16:00:00;706;4,809000;;;0,003230;0,300769
2025-04-16 15:00:00;2025-04-16 17:00:00;706;3,459000;;;0,056572;0,300792
2025-04-16 16:00:00;2025-04-16 18:00:00;706;1,778000;;;0,161979;0,632098
2025-04-16 17:00:00;2025-04-16 19:00:00;706;0,519000;;;0,093233;0,639599
2025-04-16 18:00:00;2025-04-16 20:00:00;706;0,017000;;;0,149169;0,646999
2025-04-16 19:00:00;2025-04-16 21:00:00;706;0,000000;;;0,287552;0,654062
2025-04-16 20:00:00;2025-04-16 22:00:00;706;0,000000;;;0,431971;0,652308
2025-04-16 21:00:00;2025-04-16 23:00:00;706;0,000000;;;1,200590;0,644472
2025-04-16 22:00:00;2025-04-17 00:00:00;706;0,000000;;;1,045110;0,585605
2025-04-16 23:00:00;2025-04-17 01:00:00;706;0,000000;;;0,137387;0,162577
2025-04-17 00:00:00;2025-04-17 02:00:00;706;0,000000;;;0,467150;0,150183
2025-04-17 01:00:00;2025-04-17 03:00:00;706;0,000000;;;0,402056;0,150517
2025-04-17 02:00:00;2025-04-17 04:00:00;706;0,000000;;;0,109156;0,150216
2025-04-17 03:00:00;2025-04-17 05:00:00;706;0,000000;;;0,213017;0,150310
2025-04-17 04:00:00;2025-04-17 06:00:00;706;0,079000;;;0,062559;0,151092
2025-04-17 05:00:00;2025-04-17 07:00:00;706;0,345000;;;0,100481;0,150838
2025-04-17 06:00:00;2025-04-17 08:00:00;706;0,356000;;;0,766342;0,317292
2025-04-17 07:00:00;2025-04-17 09:00:00;706;1,192000;;;2,174335;0,325074
2025-04-17 08:00:00;2025-04-17 10:00:00;706;2,641000;;;2,407742;0,323917
2025-04-17 09:00:00;2025-04-17 11:00:00;706;3,038000;;;1,750493;0,324601
2025-04-17 10:00:00;2025-04-17 12:00:00;706;4,243000;;;1,516366;0,325181
2025-04-17 11:00:00;2025-04-17 13:00:00;706;5,698000;;;0,893474;0,322411
2025-04-17 12:00:00;2025-04-17 14:00:00;706;6,932000;;;0,915988;0,286564
2025-04-17 13:00:00;2025-04-17 15:00:00;706;5,270000;;;1,019513;0,249579
2025-04-17 14:00:00;2025-04-17 16:00:00;706;2,307000;;;0,999727;0,250623
2025-04-17 15:00:00;2025-04-17 17:00:00;706;1,707000;;;3,774822;0,250041
2025-04-17 16:00:00;2025-04-17 18:00:00;706;0,364000;;;7,575892;0,295113
2025-04-17 17:00:00;2025-04-17 19:00:00;706;0,039000;;;8,842540;0,306381
2025-04-17 18:00:00;2025-04-17 20:00:00;706;0,000000;;;7,293109;0,315083
2025-04-17 19:00:00;2025-04-17 21:00:00;706;0,000000;;;4,021899;0,314513
2025-04-17 20:00:00;2025-04-17 22:00:00;706;0,000000;;;2,204934;0,314396
2025-04-17 21:00:00;2025-04-17 23:00:00;706;0,000000;;;3,358493;0,314603
2025-04-17 22:00:00;2025-04-18 00:00:00;706;0,000000;;;4,031561;0,232660
2025-04-17 23:00:00;2025-04-18 01:00:00;706;0,000000;;;2,991445;0,200383
2025-04-18 00:00:00;2025-04-18 02:00:00;706;0,000000;;;1,568227;0,201041
2025-04-18 01:00:00;2025-04-18 03:00:00;706;0,000000;;;2,209075;0,200479
2025-04-18 02:00:00;2025-04-18 04:00:00;706;0,000000;;;3,952148;0,200058
2025-04-18 03:00:00;2025-04-18 05:00:00;706;0,000000;;;3,704755;0,200792
2025-04-18 04:00:00;2025-04-18 06:00:00;706;0,067000;;;2,713435;0,199890
2025-04-18 05:00:00;2025-04-18 07:00:00;706;0,631000;;;2,839628;0,200026
2025-04-18 06:00:00;2025-04-18 08:00:00;706;1,118000;;;3,224558;0,201152
2025-04-18 07:00:00;2025-04-18 09:00:00;706;0,732000;;;5,044969;0,200936
2025-04-18 08:00:00;2025-04-18 10:00:00;706;0,699000;;;4,096953;0,199910
2025-04-18 09:00:00;2025-04-18 11:00:00;706;0,838000;;;2,586676;0,200849
2025-04-18 10:00:00;2025-04-18 12:00:00;706;0,815000;;;2,599816;0,199896
2025-04-18 11:00:00;2025-04-18 13:00:00;706;0,878000;;;2,946639;0,200225
2025-04-18 12:00:00;2025-04-18 14:00:00;706;0,802000;;;2,712552;0,200410
2025-04-18 13:00:00;2025-04-18 15:00:00;706;1,046000;;;4,102443;0,201180
2025-04-18 14:00:00;2025-04-18 16:00:00;706;0,862000;;;3,826337;0,199850
2025-04-18 15:00:00;2025-04-18 17:00:00;706;1,044000;;;3,508252;0,236221
2025-04-18 16:00:00;2025-04-18 18:00:00;706;0,725000;;;2,848498;0,299343
2025-04-18 17:00:00;2025-04-18 19:00:00;706;0,114000;;;2,082415;0,299843
2025-04-18 18:00:00;2025-04-18 20:00:00;706;0,003000;;;4,599747;0,300552
2025-04-18 19:00:00;2025-04-18 21:00:00;706;0,000000;;;4,809411;0,299907
2025-04-18 20:00:00;2025-04-18 22:00:00;706;0,000000;;;4,388417;0,299905
2025-04-18 21:00:00;2025-04-18 23:00:00;706;0,000000;;;3,365326;0,299548
2025-04-18 22:00:00;2025-04-19 00:00:00;706;0,000000;;;2,527638;0,299564
2025-04-18 23:00:00;2025-04-19 01:00:00;706;0,000000;;;2,183471;0,300254
2025-04-19 00:00:00;2025-04-19 02:00:00;706;0,000000;;;2,038406;0,300114
2025-04-19 01:00:00;2025-04-19 03:00:00;706;0,000000;;;2,091086;0,299793
2025-04-19 02:00:00;2025-04-19 04:00:00;706;0,000000;;;1,224616;0,300083
2025-04-19 03:00:00;2025-04-19 05:00:00;706;0,000000;;;0,550939;0,300068
2025-04-19 04:00:00;2025-04-19 06:00:00;706;0,001000;;;0,906343;0,299357
2025-04-19 05:00:00;2025-04-19 07:00:00;706;0,029000;;;1,299840;0,299932
2025-04-19 06:00:00;2025-04-19 08:00:00;706;0,189000;;;1,390228;0,299740
2025-04-19 07:00:00;2025-04-19 09:00:00;706;0,381000;;;2,495309;0,299598
2025-04-19 08:00:00;2025-04-19 10:00:00;706;0,870000;;;2,594491;0,299978
2025-04-19 09:00:00;2025-04-19 11:00:00;706;0,924000;;;1,421234;0,188031
2025-04-19 10:00:00;2025-04-19 12:00:00;706;0,618000;;;0,912624;0,150688
2025-04-19 11:00:00;2025-04-19 13:00:00;706;0,478000;;;0,550746;0,150959
2025-04-19 12:00:00;2025-04-19 14:00:00;706;0,519000;;;0,457870;0,150971
2025-04-19 13:00:00;2025-04-19 15:00:00;706;0,400000;;;0,542077;0,150727
2025-04-19 14:00:00;2025-04-19 16:00:00;706;0,245000;;;0,365706;0,149774
2025-04-19 15:00:00;2025-04-19 17:00:00;706;0,149000;;;0,292760;0,149918
2025-04-19 16:00:00;2025-04-19 18:00:00;706;0,061000;;;0,330900;0,298261
2025-04-19 17:00:00;2025-04-19 19:00:00;706;0,004000;;;0,252910;0,324847
2025-04-19 18:00:00;2025-04-19 20:00:00;706;0,000000;;;0,044204;0,325191
2025-04-19 19:00:00;2025-04-19 21:00:00;706;0,000000;;;0,018676;0,325075
2025-04-19 20:00:00;2025-04-19 22:00:00;706;0,000000;;;0,217542;0,324302
2025-04-19 21:00:00;2025-04-19 23:00:00;706;0,000000;;;0,716562;0,324748
2025-04-19 22:00:00;2025-04-20 00:00:00;706;0,000000;;;0,988412;0,324730
2025-04-19 23:00:00;2025-04-20 01:00:00;706;0,000000;;;2,004153;0,325298
2025-04-20 00:00:00;2025-04-20 02:00:00;706;0,000000;;;2,722691;0,324152
2025-04-20 01:00:00;2025-04-20 03:00:00;706;0,000000;;;1,779940;0,324588
2025-04-20 02:00:00;2025-04-20 04:00:00;706;0,000000;;;1,012608;0,324846
2025-04-20 03:00:00;2025-04-20 05:00:00;706;0,000000;;;0,492266;0,324558
2025-04-20 04:00:00;2025-04-20 06:00:00;706;0,005000;;;0,682038;0,324102
2025-04-20 05:00:00;2025-04-20 07:00:00;706;0,135000;;;0,970474;0,324968
2025-04-20 06:00:00;2025-04-20 08:00:00;706;0,410000;;;0,926732;0,311422
2025-04-20 07:00:00;2025-04-20 09:00:00;706;0,855000;;;1,027015;0,150691
2025-04-20 08:00:00;2025-04-20 10:00:00;706;1,321000;;;0,840008;0,150739
2025-04-20 09:00:00;2025-04-20 11:00:00;706;2,112000;;;0,680924;0,149828
2025-04-20 10:00:00;2025-04-20 12:00:00;706;2,781000;;;0,398127;0,151125
2025-04-20 11:00:00;2025-04-20 13:00:00;706;2,119000;;;0,238887;0,057194
2025-04-20 12:00:00;2025-04-20 14:00:00;706;2,152000;;;0,263503;0,001526
2025-04-20 13:00:00;2025-04-20 15:00:00;706;1,912000;;;0,260369;0,001587
2025-04-20 14:00:00;2025-04-20 16:00:00;706;1,756000;;;0,369651;0,001247
2025-04-20 15:00:00;2025-04-20 17:00:00;706;1,161000;;;0,280234;0,000311
2025-04-20 16:00:00;2025-04-20 18:00:00;706;0,769000;;;0,160395;0,000436
2025-04-20 17:00:00;2025-04-20 19:00:00;706;0,224000;;;0,142387;0,000901
2025-04-20 18:00:00;2025-04-20 20:00:00;706;0,003000;;;0,085813;0,210354
2025-04-20 19:00:00;2025-04-20 21:00:00;706;0,000000;;;0,096493;0,647739
2025-04-20 20:00:00;2025-04-20 22:00:00;706;0,000000;;;0,099691;0,648073
2025-04-20 21:00:00;2025-04-20 23:00:00;706;0,000000;;;0,224405;0,649020
2025-04-20 22:00:00;2025-04-21 00:00:00;706;0,000000;;;0,203954;0,649293
2025-04-20 23:00:00;2025-04-21 01:00:00;706;0,000000;;;0,075430;0,648271
2025-04-21 00:00:00;2025-04-21 02:00:00;706;0,000000;;;0,048291;0,644889
2025-04-21 01:00:00;2025-04-21 03:00:00;706;0,000000;;;0,013023;0,646216
2025-04-21 02:00:00;2025-04-21 04:00:00;706;0,000000;;;0,130986;0,648896
2025-04-21 03:00:00;2025-04-21 05:00:00;706;0,000000;;;0,290350;0,648333
2025-04-21 04:00:00;2025-04-21 06:00:00;706;0,044000;;;0,081161;0,649625
2025-04-21 05:00:00;2025-04-21 07:00:00;706;0,251000;;;0,191757;0,648585
2025-04-21 06:00:00;2025-04-21 08:00:00;706;0,467000;;;0,351026;0,648688
2025-04-21 07:00:00;2025-04-21 09:00:00;706;0,786000;;;0,373284;0,649255
2025-04-21 08:00:00;2025-04-21 10:00:00;706;1,306000;;;0,305567;0,520850
2025-04-21 09:00:00;2025-04-21 11:00:00;706;1,749000;;;0,074800;0,151264
2025-04-21 10:00:00;2025-04-21 12:00:00;706;1,644000;;;0,043037;0,151235
2025-04-21 11:00:00;2025-04-21 13:00:00;706;1,078000;;;0,105752;0,150262
2025-04-21 12:00:00;2025-04-21 14:00:00;706;1,600000;;;0,233676;0,149423
2025-04-21 13:00:00;2025-04-21 15:00:00;706;1,506000;;;0,153920;0,150398
2025-04-21 14:00:00;2025-04-21 16:00:00;706;0,643000;;;0,040119;0,151189
2025-04-21 15:00:00;2025-04-21 17:00:00;706;0,897000;;;0,018675;0,149862
2025-04-21 16:00:00;2025-04-21 18:00:00;706;0,481000;;;0,004040;0,373249
2025-04-21 17:00:00;2025-04-21 19:00:00;706;0,147000;;;0,061840;0,599504
2025-04-21 18:00:00;2025-04-21 20:00:00;706;0,002000;;;0,018853;0,599098
2025-04-21 19:00:00;2025-04-21 21:00:00;706;0,000000;;;0,060962;0,599018
2025-04-21 20:00:00;2025-04-21 22:00:00;706;0,000000;;;0,013651;0,582245
2025-04-21 21:00:00;2025-04-21 23:00:00;706;0,000000;;;0,004741;0,159636
2025-04-21 22:00:00;2025-04-22 00:00:00;706;0,000000;;;0,013013;0,150479
2025-04-21 23:00:00;2025-04-22 01:00:00;706;0,000000;;;0,079781;0,150927
2025-04-22 00:00:00;2025-04-22 02:00:00;706;0,000000;;;0,123285;0,150156
2025-04-22 01:00:00;2025-04-22 03:00:00;706;0,000000;;;0,143125;0,150480
2025-04-22 02:00:00;2025-04-22 04:00:00;706;0,000000;;;0,015063;0,150047
2025-04-22 03:00:00;2025-04-22 05:00:00;706;0,000000;;;0,000079;0,150900
2025-04-22 04:00:00;2025-04-22 06:00:00;706;0,022000;;;0,005180;0,222480
2025-04-22 05:00:00;2025-04-22 07:00:00;706;0,220000;;;0,002660;0,324132
2025-04-22 06:00:00;2025-04-22 08:00:00;706;0,579000;;;0,025730;0,324661
2025-04-22 07:00:00;2025-04-22 09:00:00;706;0,910000;;;0,044859;0,325280
2025-04-22 08:00:00;2025-04-22 10:00:00;706;2,008000;;;0,565775;0,325173
2025-04-22 09:00:00;2025-04-22 11:00:00;706;5,297000;;;0,292363;0,184925
2025-04-22 10:00:00;2025-04-22 12:00:00;706;5,560000;;;0,603186;0,174409
2025-04-22 11:00:00;2025-04-22 13:00:00;706;7,056000;;;1,172723;0,174643
2025-04-22 12:00:00;2025-04-22 14:00:00;706;6,079000;;;1,373587;0,175577
2025-04-22 13:00:00;2025-04-22 15:00:00;706;3,363000;;;2,586767;0,175630
2025-04-22 14:00:00;2025-04-22 16:00:00;706;1,829000;;;2,364633;0,176073
2025-04-22 15:00:00;2025-04-22 17:00:00;706;0,812000;;;2,162728;0,488936
2025-04-22 16:00:00;2025-04-22 18:00:00;706;0,321000;;;1,114862;0,598420
2025-04-22 17:00:00;2025-04-22 19:00:00;706;0,079000;;;0,392744;0,633255
2025-04-22 18:00:00;2025-04-22 20:00:00;706;0,005000;;;0,609010;0,648790
2025-04-22 19:00:00;2025-04-22 21:00:00;706;0,000000;;;0,119084;0,648990
2025-04-22 20:00:00;2025-04-22 22:00:00;706;0,000000;;;0,226800;0,526422
2025-04-22 21:00:00;2025-04-22 23:00:00;706;0,000000;;;0,242624;0,400423
2025-04-22 22:00:00;2025-04-23 00:00:00;706;0,000000;;;0,326859;0,401020
2025-04-22 23:00:00;2025-04-23 01:00:00;706;0,000000;;;0,631367;0,401259
2025-04-23 00:00:00;2025-04-23 02:00:00;706;0,000000;;;0,914184;0,401081
2025-04-23 01:00:00;2025-04-23 03:00:00;706;0,000000;;;0,387088;0,400981
2025-04-23 02:00:00;2025-04-23 04:00:00;706;0,000000;;;0,321138;0,400406
2025-04-23 03:00:00;2025-04-23 05:00:00;706;0,000000;;;0,311402;0,588418
2025-04-23 04:00:00;2025-04-23 06:00:00;706;0,122000;;;0,504623;0,647605
2025-04-23 05:00:00;2025-04-23 07:00:00;706;0,673000;;;0,292492;0,649112
2025-04-23 06:00:00;2025-04-23 08:00:00;706;1,491000;;;0,324904;0,648098
2025-04-23 07:00:00;2025-04-23 09:00:00;706;2,187000;;;0,229941;0,649200
2025-04-23 08:00:00;2025-04-23 10:00:00;706;3,386000;;;0,056199;0,648590
2025-04-23 09:00:00;2025-04-23 11:00:00;706;3,836000;;;0,012247;0,649647
2025-04-23 10:00:00;2025-04-23 12:00:00;706;3,705000;;;0,000084;0,597027
2025-04-23 11:00:00;2025-04-23 13:00:00;706;3,544000;;;0,002163;0,300763
2025-04-23 12:00:00;2025-04-23 14:00:00;706;2,438000;;;0,007467;0,300478
2025-04-23 13:00:00;2025-04-23 15:00:00;706;1,705000;;;0,003119;0,301471
2025-04-23 14:00:00;2025-04-23 16:00:00;706;1,742000;;;0,003621;0,301891
2025-04-23 15:00:00;2025-04-23 17:00:00;706;2,002000;;;0,001186;0,465041
2025-04-23 16:00:00;2025-04-23 18:00:00;706;1,076000;;;0,000000;0,630643
2025-04-23 17:00:00;2025-04-23 19:00:00;706;0,409000;;;0,000000;0,649226
2025-04-23 18:00:00;2025-04-23 20:00:00;706;0,021000;;;0,001072;0,648241
2025-04-23 19:00:00;2025-04-23 21:00:00;706;0,000000;;;0,008976;0,648245
2025-04-23 20:00:00;2025-04-23 22:00:00;706;0,000000;;;0,000000;0,638863
2025-04-23 21:00:00;2025-04-23 23:00:00;706;0,000000;;;0,008353;0,304197
2025-04-23 22:00:00;2025-04-24 00:00:00;706;0,000000;;;0,107100;0,301625
2025-04-23 23:00:00;2025-04-24 01:00:00;706;0,000000;;;0,056338;0,300776
2025-04-24 00:00:00;2025-04-24 02:00:00;706;0,000000;;;0,048524;0,300704
2025-04-24 01:00:00;2025-04-24 03:00:00;706;0,000000;;;0,109144;0,301469
2025-04-24 02:00:00;2025-04-24 04:00:00;706;0,000000;;;0,281633;0,301699
2025-04-24 03:00:00;2025-04-24 05:00:00;706;0,000000;;;0,246246;0,278025
2025-04-24 04:00:00;2025-04-24 06:00:00;706;0,245000;;;0,252065;0,325265
2025-04-24 05:00:00;2025-04-24 07:00:00;706;1,250000;;;0,194736;0,535518
2025-04-24 06:00:00;2025-04-24 08:00:00;706;2,351000;;;0,365055;0,654364
2025-04-24 07:00:00;2025-04-24 09:00:00;706;2,830000;;;1,153710;0,653603
2025-04-24 08:00:00;2025-04-24 10:00:00;706;4,893000;;;1,167929;0,653830
2025-04-24 09:00:00;2025-04-24 11:00:00;706;7,183000;;;0,818944;0,654340
2025-04-24 10:00:00;2025-04-24 12:00:00;706;8,218000;;;0,411185;0,538688
2025-04-24 11:00:00;2025-04-24 13:00:00;706;9,257000;;;0,152608;0,301276
2025-04-24 12:00:00;2025-04-24 14:00:00;706;9,169000;;;0,216532;0,300171
2025-04-24 13:00:00;2025-04-24 15:00:00;706;8,170000;;;0,049257;0,300837
2025-04-24 14:00:00;2025-04-24 16:00:00;706;6,024000;;;0,030402;0,300950
2025-04-24 15:00:00;2025-04-24 17:00:00;706;4,757000;;;0,023957;0,425242
2025-04-24 16:00:00;2025-04-24 18:00:00;706;2,472000;;;0,008385;0,616896
2025-04-24 17:00:00;2025-04-24 19:00:00;706;0,675000;;;0,002160;0,615736
2025-04-24 18:00:00;2025-04-24 20:00:00;706;0,044000;;;0,007274;0,638693
2025-04-24 19:00:00;2025-04-24 21:00:00;706;0,000000;;;0,067336;0,648796
2025-04-24 20:00:00;2025-04-24 22:00:00;706;0,000000;;;0,060352;0,649668
2025-04-24 21:00:00;2025-04-24 23:00:00;706;0,000000;;;0,019555;0,498488
2025-04-24 22:00:00;2025-04-25 00:00:00;706;0,000000;;;0,014593;0,350070
2025-04-24 23:00:00;2025-04-25 01:00:00;706;0,000000;;;0,023902;0,350060
2025-04-25 00:00:00;2025-04-25 02:00:00;706;0,000000;;;0,178150;0,350622
2025-04-25 01:00:00;2025-04-25 03:00:00;706;0,000000;;;0,282186;0,351704
2025-04-25 02:00:00;2025-04-25 04:00:00;706;0,000000;;;0,401786;0,350810
2025-04-25 03:00:00;2025-04-25 05:00:00;706;0,000000;;;0,130338;0,350550
2025-04-25 04:00:00;2025-04-25 06:00:00;706;0,284000;;;0,061488;0,497160
2025-04-25 05:00:00;2025-04-25 07:00:00;706;1,526000;;;0,032006;0,572679
2025-04-25 06:00:00;2025-04-25 08:00:00;706;3,923000;;;0,001738;0,649522
2025-04-25 07:00:00;2025-04-25 09:00:00;706;5,857000;;;0,000000;0,646097
2025-04-25 08:00:00;2025-04-25 10:00:00;706;8,092000;;;0,000416;0,462247
2025-04-25 09:00:00;2025-04-25 11:00:00;706;9,675000;;;0,027624;0,306240
2025-04-25 10:00:00;2025-04-25 12:00:00;706;10,080000;;;0,216412;0,252905
2025-04-25 11:00:00;2025-04-25 13:00:00;706;9,459000;;;0,378768;0,200247
2025-04-25 12:00:00;2025-04-25 14:00:00;706;7,681000;;;0,669537;0,199858
2025-04-25 13:00:00;2025-04-25 15:00:00;706;7,820000;;;0,833536;0,155375
2025-04-25 14:00:00;2025-04-25 16:00:00;706;5,520000;;;0,893441;0,177225
2025-04-25 15:00:00;2025-04-25 17:00:00;706;4,047000;;;1,595103;0,578331
2025-04-25 16:00:00;2025-04-25 18:00:00;706;2,215000;;;1,072708;0,648964
2025-04-25 17:00:00;2025-04-25 19:00:00;706;0,655000;;;0,533295;0,648883
2025-04-25 18:00:00;2025-04-25 20:00:00;706;0,068000;;;0,197299;0,648989
2025-04-25 19:00:00;2025-04-25 21:00:00;706;0,000000;;;0,063283;0,647590
2025-04-25 20:00:00;2025-04-25 22:00:00;706;0,000000;;;0,109129;0,642534
2025-04-25 21:00:00;2025-04-25 23:00:00;706;0,000000;;;0,174413;0,608272
2025-04-25 22:00:00;2025-04-26 00:00:00;706;0,000000;;;0,158967;0,549242
2025-04-25 23:00:00;2025-04-26 01:00:00;706;0,000000;;;0,157265;0,549869
2025-04-26 00:00:00;2025-04-26 02:00:00;706;0,000000;;;0,114342;0,549901
2025-04-26 01:00:00;2025-04-26 03:00:00;706;0,000000;;;0,116780;0,549364
2025-04-26 02:00:00;2025-04-26 04:00:00;706;0,000000;;;0,065101;0,550126
2025-04-26 03:00:00;2025-04-26 05:00:00;706;0,000000;;;0,072636;0,550230
2025-04-26 04:00:00;2025-04-26 06:00:00;706;0,262000;;;0,013862;0,563176
2025-04-26 05:00:00;2025-04-26 07:00:00;706;1,553000;;;0,004380;0,649440
2025-04-26 06:00:00;2025-04-26 08:00:00;706;3,826000;;;0,029057;0,648790
2025-04-26 07:00:00;2025-04-26 09:00:00;706;5,684000;;;0,086338;0,647407
2025-04-26 08:00:00;2025-04-26 10:00:00;706;6,681000;;;0,026213;0,627286
2025-04-26 09:00:00;2025-04-26 11:00:00;706;7,587000;;;0,070289;0,308858
2025-04-26 10:00:00;2025-04-26 12:00:00;706;8,247000;;;0,209751;0,278865
2025-04-26 11:00:00;2025-04-26 13:00:00;706;8,753000;;;0,589052;0,275921
2025-04-26 12:00:00;2025-04-26 14:00:00;706;8,722000;;;0,866581;0,275726
2025-04-26 13:00:00;2025-04-26 15:00:00;706;7,079000;;;1,133655;0,275763
2025-04-26 14:00:00;2025-04-26 16:00:00;706;7,031000;;;1,269339;0,214416
2025-04-26 15:00:00;2025-04-26 17:00:00;706;4,841000;;;1,132566;0,150621
2025-04-26 16:00:00;2025-04-26 18:00:00;706;2,497000;;;0,947536;0,550588
2025-04-26 17:00:00;2025-04-26 19:00:00;706;0,792000;;;0,545661;0,619733
2025-04-26 18:00:00;2025-04-26 20:00:00;706;0,073000;;;0,768278;0,628253
2025-04-26 19:00:00;2025-04-26 21:00:00;706;0,000000;;;0,763234;0,639784
2025-04-26 20:00:00;2025-04-26 22:00:00;706;0,000000;;;0,791821;0,648397
2025-04-26 21:00:00;2025-04-26 23:00:00;706;0,000000;;;0,952191;0,647852
2025-04-26 22:00:00;2025-04-27 00:00:00;706;0,000000;;;1,191933;0,613048
2025-04-26 23:00:00;2025-04-27 01:00:00;706;0,000000;;;1,294627;0,350436
2025-04-27 00:00:00;2025-04-27 02:00:00;706;0,000000;;;1,260668;0,351979
2025-04-27 01:00:00;2025-04-27 03:00:00;706;0,000000;;;1,522708;0,350919
2025-04-27 02:00:00;2025-04-27 04:00:00;706;0,000000;;;1,703760;0,351120
2025-04-27 03:00:00;2025-04-27 05:00:00;706;0,000000;;;1,552227;0,351805
2025-04-27 04:00:00;2025-04-27 06:00:00;706;0,276000;;;1,524793;0,350692
2025-04-27 05:00:00;2025-04-27 07:00:00;706;1,640000;;;1,059115;0,350643
2025-04-27 06:00:00;2025-04-27 08:00:00;706;4,041000;;;1,678219;0,351464
2025-04-27 07:00:00;2025-04-27 09:00:00;706;6,385000;;;2,344909;0,254862
2025-04-27 08:00:00;2025-04-27 10:00:00;706;8,432000;;;1,723996;0,150099
2025-04-27 09:00:00;2025-04-27 11:00:00;706;9,781000;;;1,649736;0,149370
2025-04-27 10:00:00;2025-04-27 12:00:00;706;10,371000;;;1,702681;0,150465
2025-04-27 11:00:00;2025-04-27 13:00:00;706;10,525000;;;2,309632;0,009395
2025-04-27 12:00:00;2025-04-27 14:00:00;706;10,018000;;;1,635215;0,000716
2025-04-27 13:00:00;2025-04-27 15:00:00;706;8,895000;;;1,424823;0,000628
2025-04-27 14:00:00;2025-04-27 16:00:00;706;7,096000;;;2,184667;0,001288
2025-04-27 15:00:00;2025-04-27 17:00:00;706;4,898000;;;2,870961;0,036328
2025-04-27 16:00:00;2025-04-27 18:00:00;706;2,624000;;;2,571672;0,566393
2025-04-27 17:00:00;2025-04-27 19:00:00;706;0,842000;;;2,608974;0,599013
2025-04-27 18:00:00;2025-04-27 20:00:00;706;0,080000;;;2,984544;0,599213
2025-04-27 19:00:00;2025-04-27 21:00:00;706;0,000000;;;1,962745;0,599112
2025-04-27 20:00:00;2025-04-27 22:00:00;706;0,000000;;;1,186006;0,588094
2025-04-27 21:00:00;2025-04-27 23:00:00;706;0,000000;;;0,939015;0,549218
2025-04-27 22:00:00;2025-04-28 00:00:00;706;0,000000;;;0,925975;0,550262
2025-04-27 23:00:00;2025-04-28 01:00:00;706;0,000000;;;1,206734;0,549481
2025-04-28 00:00:00;2025-04-28 02:00:00;706;0,000000;;;0,653268;0,549140
2025-04-28 01:00:00;2025-04-28 03:00:00;706;0,000000;;;0,855031;0,550371
2025-04-28 02:00:00;2025-04-28 04:00:00;706;0,000000;;;1,162385;0,549699
2025-04-28 03:00:00;2025-04-28 05:00:00;706;0,000000;;;1,466713;0,549995
2025-04-28 04:00:00;2025-04-28 06:00:00;706;0,375000;;;1,533336;0,621179
2025-04-28 05:00:00;2025-04-28 07:00:00;706;2,105000;;;1,186502;0,648571
2025-04-28 06:00:00;2025-04-28 08:00:00;706;3,523000;;;1,163182;0,647734
2025-04-28 07:00:00;2025-04-28 09:00:00;706;5,044000;;;1,513096;0,639887
2025-04-28 08:00:00;2025-04-28 10:00:00;706;7,397000;;;1,963546;0,298717
2025-04-28 09:00:00;2025-04-28 11:00:00;706;7,740000;;;2,567770;0,073955
2025-04-28 10:00:00;2025-04-28 12:00:00;706;9,219000;;;4,185456;0,000852
2025-04-28 11:00:00;2025-04-28 13:00:00;706;9,535000;;;5,459983;0,000355
2025-04-28 12:00:00;2025-04-28 14:00:00;706;7,686000;;;7,208777;0,001227
2025-04-28 13:00:00;2025-04-28 15:00:00;706;6,727000;;;8,215841;0,000329
2025-04-28 14:00:00;2025-04-28 16:00:00;706;5,369000;;;6,965709;0,001207
2025-04-28 15:00:00;2025-04-28 17:00:00;706;4,712000;;;9,800783;0,165202
2025-04-28 16:00:00;2025-04-28 18:00:00;706;2,520000;;;8,983683;0,507926
2025-04-28 17:00:00;2025-04-28 19:00:00;706;0,789000;;;7,215732;0,599807
2025-04-28 18:00:00;2025-04-28 20:00:00;706;0,090000;;;5,419951;0,599801
2025-04-28 19:00:00;2025-04-28 21:00:00;706;0,000000;;;4,438410;0,599700
2025-04-28 20:00:00;2025-04-28 22:00:00;706;0,000000;;;4,048237;0,598330
2025-04-28 21:00:00;2025-04-28 23:00:00;706;0,000000;;;4,313662;0,598330
2025-04-28 22:00:00;2025-04-29 00:00:00;706;0,000000;;;6,205609;0,598140
2025-04-28 23:00:00;2025-04-29 01:00:00;706;0,000000;;;6,139606;0,599963
2025-04-29 00:00:00;2025-04-29 02:00:00;706;0,000000;;;7,470920;0,598934
2025-04-29 01:00:00;2025-04-29 03:00:00;706;0,000000;;;7,926302;0,598965
2025-04-29 02:00:00;2025-04-29 04:00:00;706;0,000000;;;6,977795;0,599702
2025-04-29 03:00:00;2025-04-29 05:00:00;706;0,000000;;;6,520167;0,599129
2025-04-29 04:00:00;2025-04-29 06:00:00;706;0,389000;;;6,486545;0,599406
2025-04-29 05:00:00;2025-04-29 07:00:00;706;1,774000;;;4,736250;0,599484
2025-04-29 06:00:00;2025-04-29 08:00:00;706;3,927000;;;4,447254;0,598875
2025-04-29 07:00:00;2025-04-29 09:00:00;706;6,497000;;;4,866104;0,136553
2025-04-29 08:00:00;2025-04-29 10:00:00;706;8,424000;;;4,038673;0,000941
2025-04-29 09:00:00;2025-04-29 11:00:00;706;9,649000;;;2,675499;0,000438
2025-04-29 10:00:00;2025-04-29 12:00:00;706;10,211000;;;2,479334;0,000796
2025-04-29 11:00:00;2025-04-29 13:00:00;706;10,229000;;;3,876840;0,000813
2025-04-29 12:00:00;2025-04-29 14:00:00;706;9,703000;;;3,666956;0,000964
2025-04-29 13:00:00;2025-04-29 15:00:00;706;8,521000;;;4,318572;0,000991
2025-04-29 14:00:00;2025-04-29 16:00:00;706;6,726000;;;4,162428;0,001211
2025-04-29 15:00:00;2025-04-29 17:00:00;706;4,744000;;;4,064769;0,056208
2025-04-29 16:00:00;2025-04-29 18:00:00;706;2,188000;;;4,394881;0,591802
2025-04-29 17:00:00;2025-04-29 19:00:00;706;0,936000;;;3,533185;0,598391
2025-04-29 18:00:00;2025-04-29 20:00:00;706;0,135000;;;2,547724;0,609794
2025-04-29 19:00:00;2025-04-29 21:00:00;706;0,000000;;;3,580077;0,645524
2025-04-29 20:00:00;2025-04-29 22:00:00;706;0,000000;;;3,007782;0,637951
2025-04-29 21:00:00;2025-04-29 23:00:00;706;0,000000;;;3,053608;0,549973
2025-04-29 22:00:00;2025-04-30 00:00:00;706;0,000000;;;4,512178;0,549576
2025-04-29 23:00:00;2025-04-30 01:00:00;706;0,000000;;;4,801195;0,549070
2025-04-30 00:00:00;2025-04-30 02:00:00;706;0,000000;;;4,698841;0,550239
2025-04-30 01:00:00;2025-04-30 03:00:00;706;0,000000;;;4,612162;0,549596
2025-04-30 02:00:00;2025-04-30 04:00:00;706;0,000000;;;4,039315;0,550086
2025-04-30 03:00:00;2025-04-30 05:00:00;706;0,000000;;;3,262834;0,595291
2025-04-30 04:00:00;2025-04-30 06:00:00;706;0,627000;;;3,453674;0,648414
2025-04-30 05:00:00;2025-04-30 07:00:00;706;2,176000;;;3,333003;0,646990
2025-04-30 06:00:00;2025-04-30 08:00:00;706;2,954000;;;2,609785;0,644665
2025-04-30 07:00:00;2025-04-30 09:00:00;706;4,587000;;;1,952654;0,641042
2025-04-30 08:00:00;2025-04-30 10:00:00;706;7,785000;;;1,564359;0,131466
2025-04-30 09:00:00;2025-04-30 11:00:00;706;8,089000;;;1,776273;0,000000
2025-04-30 10:00:00;2025-04-30 12:00:00;706;9,063000;;;2,142562;0,000212
2025-04-30 11:00:00;2025-04-30 13:00:00;706;10,048000;;;2,780784;0,001285
2025-04-30 12:00:00;2025-04-30 14:00:00;706;8,537000;;;2,807265;0,000653
2025-04-30 13:00:00;2025-04-30 15:00:00;706;7,746000;;;2,844856;0,001400
2025-04-30 14:00:00;2025-04-30 16:00:00;706;6,802000;;;4,767211;0,000445
2025-04-30 15:00:00;2025-04-30 17:00:00;706;4,661000;;;5,567800;0,132845
2025-04-30 16:00:00;2025-04-30 18:00:00;706;2,294000;;;5,160153;0,370514
2025-04-30 17:00:00;2025-04-30 19:00:00;706;0,734000;;;2,898666;0,641121
2025-04-30 18:00:00;2025-04-30 20:00:00;706;0,110000;;;1,202423;0,648247
2025-04-30 19:00:00;2025-04-30 21:00:00;706;0,000000;;;0,275461;0,649058
2025-04-30 20:00:00;2025-04-30 22:00:00;706;0,000000;;;0,075406;0,569735
2025-04-30 21:00:00;2025-04-30 23:00:00;706;0,000000;;;0,029182;0,549542
2025-04-30 22:00:00;2025-05-01 00:00:00;706;0,000000;;;0,146244;0,549804
2025-04-30 23:00:00;2025-05-01 01:00:00;706;0,000000;;;0,010042;0,549803
2025-05-01 00:00:00;2025-05-01 02:00:00;706;0,000000;;;0,017586;0,550343
2025-05-01 01:00:00;2025-05-01 03:00:00;706;0,000000;;;0,024893;0,549334
2025-05-01 02:00:00;2025-05-01 04:00:00;706;0,000000;;;0,181051;0,549959
2025-05-01 03:00:00;2025-05-01 05:00:00;706;0,000000;;;0,324213;0,590671
2025-05-01 04:00:00;2025-05-01 06:00:00;706;0,345000;;;0,519021;0,376851
2025-05-01 05:00:00;2025-05-01 07:00:00;706;1,371000;;;0,387785;0,598428
2025-05-01 06:00:00;2025-05-01 08:00:00;706;3,771000;;;0,690278;0,641410
2025-05-01 07:00:00;2025-05-01 09:00:00;706;5,824000;;;1,072491;0,348865
2025-05-01 08:00:00;2025-05-01 10:00:00;706;7,635000;;;1,183352;0,000936
2025-05-01 09:00:00;2025-05-01 11:00:00;706;8,938000;;;1,379235;0,001600
2025-05-01 10:00:00;2025-05-01 12:00:00;706;9,884000;;;2,226164;0,000539
2025-05-01 11:00:00;2025-05-01 13:00:00;706;10,179000;;;2,869008;0,001047
2025-05-01 12:00:00;2025-05-01 14:00:00;706;9,801000;;;1,411538;0,000721
2025-05-01 13:00:00;2025-05-01 15:00:00;706;8,694000;;;1,102274;0,000433
2025-05-01 14:00:00;2025-05-01 16:00:00;706;6,978000;;;1,482013;0,000238
2025-05-01 15:00:00;2025-05-01 17:00:00;706;4,741000;;;1,760406;0,127231
2025-05-01 16:00:00;2025-05-01 18:00:00;706;2,614000;;;2,102865;0,572622
2025-05-01 17:00:00;2025-05-01 19:00:00;706;0,802000;;;2,279925;0,595861
2025-05-01 18:00:00;2025-05-01 20:00:00;706;0,143000;;;2,528510;0,599814
2025-05-01 19:00:00;2025-05-01 21:00:00;706;0,000000;;;3,312439;0,607310
2025-05-01 20:00:00;2025-05-01 22:00:00;706;0,000000;;;3,847977;0,623608
2025-05-01 21:00:00;2025-05-01 23:00:00;706;0,000000;;;3,119652;0,568302
2025-05-01 22:00:00;2025-05-02 00:00:00;706;0,000000;;;3,376094;0,548677
2025-05-01 23:00:00;2025-05-02 01:00:00;706;0,000000;;;3,365018;0,548350
2025-05-02 00:00:00;2025-05-02 02:00:00;706;0,000000;;;2,103359;0,548610
2025-05-02 01:00:00;2025-05-02 03:00:00;706;0,000000;;;1,717559;0,548870
2025-05-02 02:00:00;2025-05-02 04:00:00;706;0,000000;;;1,921252;0,548580
2025-05-02 03:00:00;2025-05-02 05:00:00;706;0,000000;;;1,862079;0,569990
2025-05-02 04:00:00;2025-05-02 06:00:00;706;0,234000;;;1,163281;0,634120
2025-05-02 05:00:00;2025-05-02 07:00:00;706;1,186000;;;1,373127;0,635940
2025-05-02 06:00:00;2025-05-02 08:00:00;706;0,968000;;;2,762601;0,413140
2025-05-02 07:00:00;2025-05-02 09:00:00;706;1,606000;;;3,460949;0,324080
2025-05-02 08:00:00;2025-05-02 10:00:00;706;7,777000;;;3,469391;0,132340
2025-05-02 09:00:00;2025-05-02 11:00:00;706;8,890000;;;4,770102;0,000000
2025-05-02 10:00:00;2025-05-02 12:00:00;706;8,123000;;;6,783770;0,000000
2025-05-02 11:00:00;2025-05-02 13:00:00;706;10,214000;;;7,220610;0,000000
2025-05-02 12:00:00;2025-05-02 14:00:00;706;8,970000;;;6,961871;0,000000
2025-05-02 13:00:00;2025-05-02 15:00:00;706;8,135000;;;7,761339;0,000000
2025-05-02 14:00:00;2025-05-02 16:00:00;706;6,603000;;;9,174347;0,000000
2025-05-02 15:00:00;2025-05-02 17:00:00;706;4,279000;;;10,435738;0,161100
2025-05-02 16:00:00;2025-05-02 18:00:00;706;2,573000;;;9,535783;0,598280
2025-05-02 17:00:00;2025-05-02 19:00:00;706;1,042000;;;10,001861;0,598440
2025-05-02 18:00:00;2025-05-02 20:00:00;706;0,128000;;;8,225515;0,598460
2025-05-02 19:00:00;2025-05-02 21:00:00;706;0,000000;;;7,387129;0,598280
2025-05-02 20:00:00;2025-05-02 22:00:00;706;0,000000;;;7,391750;0,598180
2025-05-02 21:00:00;2025-05-02 23:00:00;706;0,000000;;;6,176868;0,526690
2025-05-02 22:00:00;2025-05-03 00:00:00;706;0,000000;;;5,024825;0,499020
2025-05-02 23:00:00;2025-05-03 01:00:00;706;0,000000;;;5,431057;0,499100
2025-05-03 00:00:00;2025-05-03 02:00:00;706;0,000000;;;4,883261;0,499130
2025-05-03 01:00:00;2025-05-03 03:00:00;706;0,000000;;;3,830817;0,499130
2025-05-03 02:00:00;2025-05-03 04:00:00;706;0,000000;;;4,155861;0,499120
2025-05-03 03:00:00;2025-05-03 05:00:00;706;0,001000;;;3,314709;0,539030
2025-05-03 04:00:00;2025-05-03 06:00:00;706;0,319000;;;3,036564;0,599580
2025-05-03 05:00:00;2025-05-03 07:00:00;706;1,417000;;;2,395771;0,639930
2025-05-03 06:00:00;2025-05-03 08:00:00;706;2,644000;;;3,155188;0,637790
2025-05-03 07:00:00;2025-05-03 09:00:00;706;2,426000;;;4,372803;0,634000
2025-05-03 08:00:00;2025-05-03 10:00:00;706;4,159000;;;3,960207;0,278720
2025-05-03 09:00:00;2025-05-03 11:00:00;706;5,805000;;;4,355002;0,149070
2025-05-03 10:00:00;2025-05-03 12:00:00;706;3,067000;;;4,685080;0,148940
2025-05-03 11:00:00;2025-05-03 13:00:00;706;2,882000;;;4,967407;0,149010
2025-05-03 12:00:00;2025-05-03 14:00:00;706;2,055000;;;6,870487;0,148770
2025-05-03 13:00:00;2025-05-03 15:00:00;706;1,893000;;;5,202524;0,149420
2025-05-03 14:00:00;2025-05-03 16:00:00;706;1,283000;;;4,072636;0,149220
2025-05-03 15:00:00;2025-05-03 17:00:00;706;1,068000;;;2,100559;0,160480
2025-05-03 16:00:00;2025-05-03 18:00:00;706;1,272000;;;1,233100;0,149550
2025-05-03 17:00:00;2025-05-03 19:00:00;706;0,570000;;;1,097665;0,149750
2025-05-03 18:00:00;2025-05-03 20:00:00;706;0,120000;;;1,196990;0,149630
2025-05-03 19:00:00;2025-05-03 21:00:00;706;0,000000;;;1,359336;0,172080
2025-05-03 20:00:00;2025-05-03 22:00:00;706;0,000000;;;2,466924;0,299450
2025-05-03 21:00:00;2025-05-03 23:00:00;706;0,000000;;;2,907000;0,299370
2025-05-03 22:00:00;2025-05-04 00:00:00;706;0,000000;;;2,833675;0,299570
2025-05-03 23:00:00;2025-05-04 01:00:00;706;0,000000;;;2,896166;0,299390
2025-05-04 00:00:00;2025-05-04 02:00:00;706;0,000000;;;2,594229;0,299310
2025-05-04 01:00:00;2025-05-04 03:00:00;706;0,000000;;;2,851812;0,299500
2025-05-04 02:00:00;2025-05-04 04:00:00;706;0,000000;;;2,641577;0,299500
2025-05-04 03:00:00;2025-05-04 05:00:00;706;0,001000;;;3,664149;0,299230
2025-05-04 04:00:00;2025-05-04 06:00:00;706;0,235000;;;3,299804;0,299370
2025-05-04 05:00:00;2025-05-04 07:00:00;706;1,089000;;;2,939896;0,299500
2025-05-04 06:00:00;2025-05-04 08:00:00;706;2,729000;;;5,023382;0,299400
2025-05-04 07:00:00;2025-05-04 09:00:00;706;5,026000;;;7,303641;0,298840
2025-05-04 08:00:00;2025-05-04 10:00:00;706;7,542000;;;7,915992;0,299100
2025-05-04 09:00:00;2025-05-04 11:00:00;706;9,315000;;;7,088253;0,299140
2025-05-04 10:00:00;2025-05-04 12:00:00;706;9,050000;;;6,095195;0,299200
2025-05-04 11:00:00;2025-05-04 13:00:00;706;8,103000;;;6,353590;0,298770
2025-05-04 12:00:00;2025-05-04 14:00:00;706;9,207000;;;6,281230;0,299070
2025-05-04 13:00:00;2025-05-04 15:00:00;706;7,928000;;;6,905493;0,298930
2025-05-04 14:00:00;2025-05-04 16:00:00;706;6,954000;;;6,388764;0,299700
2025-05-04 15:00:00;2025-05-04 17:00:00;706;5,307000;;;5,701938;0,299420
2025-05-04 16:00:00;2025-05-04 18:00:00;706;3,237000;;;5,413477;0,299220
2025-05-04 17:00:00;2025-05-04 19:00:00;706;1,017000;;;3,680441;0,299390
2025-05-04 18:00:00;2025-05-04 20:00:00;706;0,153000;;;1,650072;0,299350
2025-05-04 19:00:00;2025-05-04 21:00:00;706;0,000000;;;1,013980;0,299640
2025-05-04 20:00:00;2025-05-04 22:00:00;706;0,000000;;;1,195503;0,299330
2025-05-04 21:00:00;2025-05-04 23:00:00;706;0,000000;;;1,787087;0,299350
2025-05-04 22:00:00;2025-05-05 00:00:00;706;0,000000;;;1,395957;0,299260
2025-05-04 23:00:00;2025-05-05 01:00:00;706;0,000000;;;1,057735;0,299190
2025-05-05 00:00:00;2025-05-05 02:00:00;706;0,000000;;;0,771037;0,299670
2025-05-05 01:00:00;2025-05-05 03:00:00;706;0,000000;;;0,657327;0,299290
2025-05-05 02:00:00;2025-05-05 04:00:00;706;0,000000;;;0,482417;0,299530
2025-05-05 03:00:00;2025-05-05 05:00:00;706;0,002000;;;0,558563;0,299280
2025-05-05 04:00:00;2025-05-05 06:00:00;706;0,506000;;;0,250199;0,302160
2025-05-05 05:00:00;2025-05-05 07:00:00;706;2,408000;;;0,092346;0,324490
2025-05-05 06:00:00;2025-05-05 08:00:00;706;4,862000;;;0,008156;0,324278
2025-05-05 07:00:00;2025-05-05 09:00:00;706;7,130000;;;0,005617;0,324787
2025-05-05 08:00:00;2025-05-05 10:00:00;706;8,710000;;;0,079365;0,325400
2025-05-05 09:00:00;2025-05-05 11:00:00;706;9,022000;;;0,387709;0,324100
2025-05-05 10:00:00;2025-05-05 12:00:00;706;9,369000;;;0,873161;0,324745
2025-05-05 11:00:00;2025-05-05 13:00:00;706;10,004000;;;1,496912;0,237900
2025-05-05 12:00:00;2025-05-05 14:00:00;706;8,976000;;;2,318620;0,150335
2025-05-05 13:00:00;2025-05-05 15:00:00;706;8,448000;;;3,440531;0,150666
2025-05-05 14:00:00;2025-05-05 16:00:00;706;7,421000;;;4,767546;0,149535
2025-05-05 15:00:00;2025-05-05 17:00:00;706;5,322000;;;5,135081;0,151679
2025-05-05 16:00:00;2025-05-05 18:00:00;706;2,966000;;;5,024934;0,318883
2025-05-05 17:00:00;2025-05-05 19:00:00;706;1,029000;;;6,420789;0,325853
2025-05-05 18:00:00;2025-05-05 20:00:00;706;0,111000;;;6,966020;0,325812
2025-05-05 19:00:00;2025-05-05 21:00:00;706;0,000000;;;6,854443;0,325014
2025-05-05 20:00:00;2025-05-05 22:00:00;706;0,000000;;;5,459860;0,324380
2025-05-05 21:00:00;2025-05-05 23:00:00;706;0,000000;;;5,528955;0,324320
2025-05-05 22:00:00;2025-05-06 00:00:00;706;0,000000;;;5,271939;0,324110
2025-05-05 23:00:00;2025-05-06 01:00:00;706;0,000000;;;4,646877;0,324100
2025-05-06 00:00:00;2025-05-06 02:00:00;706;0,000000;;;3,842514;0,324390
2025-05-06 01:00:00;2025-05-06 03:00:00;706;0,000000;;;3,716342;0,324420
2025-05-06 02:00:00;2025-05-06 04:00:00;706;0,000000;;;3,712637;0,325749
2025-05-06 03:00:00;2025-05-06 05:00:00;706;0,003000;;;3,017355;0,325218
2025-05-06 04:00:00;2025-05-06 06:00:00;706;0,448000;;;1,693381;0,324648
2025-05-06 05:00:00;2025-05-06 07:00:00;706;2,248000;;;1,008277;0,325183
2025-05-06 06:00:00;2025-05-06 08:00:00;706;4,651000;;;4,508637;0,324787
2025-05-06 07:00:00;2025-05-06 09:00:00;706;6,927000;;;6,082436;0,325671
2025-05-06 08:00:00;2025-05-06 10:00:00;706;8,816000;;;4,427883;0,324621
2025-05-06 09:00:00;2025-05-06 11:00:00;706;10,062000;;;3,226354;0,324100
2025-05-06 10:00:00;2025-05-06 12:00:00;706;10,651000;;;2,761291;0,324829
2025-05-06 11:00:00;2025-05-06 13:00:00;706;10,683000;;;2,393483;0,324911
2025-05-06 12:00:00;2025-05-06 14:00:00;706;10,038000;;;2,173430;0,324130
2025-05-06 13:00:00;2025-05-06 15:00:00;706;9,037000;;;1,815400;0,324939
2025-05-06 14:00:00;2025-05-06 16:00:00;706;7,222000;;;1,627874;0,324915
2025-05-06 15:00:00;2025-05-06 17:00:00;706;5,034000;;;1,660546;0,325034
2025-05-06 16:00:00;2025-05-06 18:00:00;706;2,833000;;;1,493487;0,325596
2025-05-06 17:00:00;2025-05-06 19:00:00;706;1,248000;;;0,919709;0,326079
2025-05-06 18:00:00;2025-05-06 20:00:00;706;0,263000;;;0,312420;0,325677
2025-05-06 19:00:00;2025-05-06 21:00:00;706;0,000000;;;0,598115;0,326124
2025-05-06 20:00:00;2025-05-06 22:00:00;706;0,000000;;;0,740878;0,325194
2025-05-06 21:00:00;2025-05-06 23:00:00;706;0,000000;;;0,816158;0,324190
2025-05-06 22:00:00;2025-05-07 00:00:00;706;0,000000;;;0,768726;0,324280
2025-05-06 23:00:00;2025-05-07 01:00:00;706;0,000000;;;0,871568;0,324510
2025-05-07 00:00:00;2025-05-07 02:00:00;706;0,000000;;;0,605939;0,324270
2025-05-07 01:00:00;2025-05-07 03:00:00;706;0,000000;;;0,612613;0,325048
2025-05-07 02:00:00;2025-05-07 04:00:00;706;0,000000;;;0,855864;0,325186
2025-05-07 03:00:00;2025-05-07 05:00:00;706;0,003000;;;0,820898;0,324260
2025-05-07 04:00:00;2025-05-07 06:00:00;706;0,452000;;;0,746858;0,325054
2025-05-07 05:00:00;2025-05-07 07:00:00;706;2,358000;;;0,376913;0,324320
2025-05-07 06:00:00;2025-05-07 08:00:00;706;4,547000;;;0,145621;0,324479
2025-05-07 07:00:00;2025-05-07 09:00:00;706;6,757000;;;0,030777;0,325306
2025-05-07 08:00:00;2025-05-07 10:00:00;706;8,538000;;;0,053754;0,325496
2025-05-07 09:00:00;2025-05-07 11:00:00;706;9,050000;;;0,166416;0,324453
2025-05-07 10:00:00;2025-05-07 12:00:00;706;8,953000;;;0,268653;0,324734
2025-05-07 11:00:00;2025-05-07 13:00:00;706;10,242000;;;0,382259;0,324641
2025-05-07 12:00:00;2025-05-07 14:00:00;706;8,872000;;;0,270319;0,324122
2025-05-07 13:00:00;2025-05-07 15:00:00;706;7,497000;;;0,128596;0,325098
2025-05-07 14:00:00;2025-05-07 16:00:00;706;5,792000;;;0,127336;0,325218
2025-05-07 15:00:00;2025-05-07 17:00:00;706;4,174000;;;0,103623;0,325762
2025-05-07 16:00:00;2025-05-07 18:00:00;706;2,728000;;;0,032100;0,325547
2025-05-07 17:00:00;2025-05-07 19:00:00;706;1,065000;;;0,047618;0,325791
2025-05-07 18:00:00;2025-05-07 20:00:00;706;0,207000;;;0,050977;0,325591
2025-05-07 19:00:00;2025-05-07 21:00:00;706;0,000000;;;0,000000;0,325261
2025-05-07 20:00:00;2025-05-07 22:00:00;706;0,000000;;;0,000079;0,324230
2025-05-07 21:00:00;2025-05-07 23:00:00;706;0,000000;;;0,000000;0,324310
2025-05-07 22:00:00;2025-05-08 00:00:00;706;0,000000;;;0,000000;0,324360
2025-05-07 23:00:00;2025-05-08 01:00:00;706;0,000000;;;0,000000;0,324060
2025-05-08 00:00:00;2025-05-08 02:00:00;706;0,000000;;;0,000000;0,324390
2025-05-08 01:00:00;2025-05-08 03:00:00;706;0,000000;;;0,000079;0,324852
2025-05-08 02:00:00;2025-05-08 04:00:00;706;0,000000;;;0,000000;0,324250
2025-05-08 03:00:00;2025-05-08 05:00:00;706;0,005000;;;0,005506;0,324380
2025-05-08 04:00:00;2025-05-08 06:00:00;706;0,695000;;;0,011645;0,325111
2025-05-08 05:00:00;2025-05-08 07:00:00;706;2,511000;;;0,007371;0,324680
2025-05-08 06:00:00;2025-05-08 08:00:00;706;4,680000;;;0,037758;0,324937
2025-05-08 07:00:00;2025-05-08 09:00:00;706;6,829000;;;0,142345;0,325813
2025-05-08 08:00:00;2025-05-08 10:00:00;706;8,558000;;;0,301011;0,326129
2025-05-08 09:00:00;2025-05-08 11:00:00;706;9,778000;;;0,362655;0,325061
2025-05-08 10:00:00;2025-05-08 12:00:00;706;10,384000;;;0,471841;0,323972
2025-05-08 11:00:00;2025-05-08 13:00:00;706;9,319000;;;0,475404;0,325534
2025-05-08 12:00:00;2025-05-08 14:00:00;706;8,226000;;;0,266547;0,325557
2025-05-08 13:00:00;2025-05-08 15:00:00;706;8,286000;;;0,230863;0,325391
2025-05-08 14:00:00;2025-05-08 16:00:00;706;6,913000;;;0,220325;0,325625
2025-05-08 15:00:00;2025-05-08 17:00:00;706;4,722000;;;0,151382;0,324385
2025-05-08 16:00:00;2025-05-08 18:00:00;706;2,858000;;;0,036860;0,324320
2025-05-08 17:00:00;2025-05-08 19:00:00;706;1,051000;;;0,035773;0,324370
2025-05-08 18:00:00;2025-05-08 20:00:00;706;0,184000;;;0,103896;0,324320
2025-05-08 19:00:00;2025-05-08 21:00:00;706;0,000000;;;0,163219;0,324300
2025-05-08 20:00:00;2025-05-08 22:00:00;706;0,000000;;;0,627067;0,324230
2025-05-08 21:00:00;2025-05-08 23:00:00;706;0,000000;;;0,503958;0,324230
2025-05-08 22:00:00;2025-05-09 00:00:00;706;0,000000;;;0,743704;0,324380
2025-05-08 23:00:00;2025-05-09 01:00:00;706;0,000000;;;1,231931;0,325109
2025-05-09 00:00:00;2025-05-09 02:00:00;706;0,000000;;;1,496674;0,324250
2025-05-09 01:00:00;2025-05-09 03:00:00;706;0,000000;;;1,711879;0,324400
2025-05-09 02:00:00;2025-05-09 04:00:00;706;0,000000;;;2,034529;0,325519
2025-05-09 03:00:00;2025-05-09 05:00:00;706;0,007000;;;1,673799;0,324708
2025-05-09 04:00:00;2025-05-09 06:00:00;706;0,747000;;;2,116195;0,325823
2025-05-09 05:00:00;2025-05-09 07:00:00;706;1,995000;;;2,839005;0,324230
2025-05-09 06:00:00;2025-05-09 08:00:00;706;3,353000;;;3,695889;0,324300
2025-05-09 07:00:00;2025-05-09 09:00:00;706;3,935000;;;4,745168;0,325921
2025-05-09 08:00:00;2025-05-09 10:00:00;706;2,494000;;;5,323145;0,324190
2025-05-09 09:00:00;2025-05-09 11:00:00;706;2,925000;;;4,925993;0,263088
2025-05-09 10:00:00;2025-05-09 12:00:00;706;4,065000;;;5,695955;0,149449
2025-05-09 11:00:00;2025-05-09 13:00:00;706;4,266000;;;6,040941;0,149740
2025-05-09 12:00:00;2025-05-09 14:00:00;706;4,130000;;;6,473516;0,149978
2025-05-09 13:00:00;2025-05-09 15:00:00;706;4,003000;;;6,833826;0,150270
2025-05-09 14:00:00;2025-05-09 16:00:00;706;4,156000;;;7,386230;0,149520
2025-05-09 15:00:00;2025-05-09 17:00:00;706;3,672000;;;6,904632;0,155169
2025-05-09 16:00:00;2025-05-09 18:00:00;706;2,287000;;;6,336091;0,322390
2025-05-09 17:00:00;2025-05-09 19:00:00;706;1,331000;;;5,623909;0,325943
2025-05-09 18:00:00;2025-05-09 20:00:00;706;0,182000;;;4,271958;0,324240
2025-05-09 19:00:00;2025-05-09 21:00:00;706;0,000000;;;2,866842;0,325655
2025-05-09 20:00:00;2025-05-09 22:00:00;706;0,000000;;;2,025959;0,324622
2025-05-09 21:00:00;2025-05-09 23:00:00;706;0,000000;;;1,749034;0,324789
2025-05-09 22:00:00;2025-05-10 00:00:00;706;0,000000;;;1,018157;0,325420
2025-05-09 23:00:00;2025-05-10 01:00:00;706;0,000000;;;1,135645;0,325097
2025-05-10 00:00:00;2025-05-10 02:00:00;706;0,000000;;;0,852789;0,325937
2025-05-10 01:00:00;2025-05-10 03:00:00;706;0,000000;;;0,696681;0,325151
2025-05-10 02:00:00;2025-05-10 04:00:00;706;0,000000;;;0,805374;0,325032
2025-05-10 03:00:00;2025-05-10 05:00:00;706;0,009000;;;0,551535;0,324324
2025-05-10 04:00:00;2025-05-10 06:00:00;706;0,637000;;;0,191272;0,325769
2025-05-10 05:00:00;2025-05-10 07:00:00;706;1,655000;;;0,060164;0,325206
2025-05-10 06:00:00;2025-05-10 08:00:00;706;3,097000;;;0,156789;0,324987
2025-05-10 07:00:00;2025-05-10 09:00:00;706;3,797000;;;0,081899;0,323801
2025-05-10 08:00:00;2025-05-10 10:00:00;706;4,003000;;;0,011844;0,027227
2025-05-10 09:00:00;2025-05-10 11:00:00;706;5,075000;;;0,012316;0,000893
2025-05-10 10:00:00;2025-05-10 12:00:00;706;6,990000;;;0,128490;0,000810
2025-05-10 11:00:00;2025-05-10 13:00:00;706;9,387000;;;0,393456;0,001538
2025-05-10 12:00:00;2025-05-10 14:00:00;706;9,050000;;;0,833665;0,000115
2025-05-10 13:00:00;2025-05-10 15:00:00;706;8,714000;;;1,043918;0,001667
2025-05-10 14:00:00;2025-05-10 16:00:00;706;7,325000;;;1,071268;0,000651
2025-05-10 15:00:00;2025-05-10 17:00:00;706;4,994000;;;1,150815;0,005368
2025-05-10 16:00:00;2025-05-10 18:00:00;706;2,655000;;;0,927304;0,315485
2025-05-10 17:00:00;2025-05-10 19:00:00;706;1,198000;;;0,975943;0,324411
2025-05-10 18:00:00;2025-05-10 20:00:00;706;0,299000;;;0,732791;0,325121
2025-05-10 19:00:00;2025-05-10 21:00:00;706;0,001000;;;0,940155;0,325177
2025-05-10 20:00:00;2025-05-10 22:00:00;706;0,000000;;;1,575657;0,324523
2025-05-10 21:00:00;2025-05-10 23:00:00;706;0,000000;;;1,574105;0,324920
2025-05-10 22:00:00;2025-05-11 00:00:00;706;0,000000;;;1,740487;0,324692
2025-05-10 23:00:00;2025-05-11 01:00:00;706;0,000000;;;2,308512;0,324672
2025-05-11 00:00:00;2025-05-11 02:00:00;706;0,000000;;;2,505284;0,325574
2025-05-11 01:00:00;2025-05-11 03:00:00;706;0,000000;;;2,952952;0,324538
2025-05-11 02:00:00;2025-05-11 04:00:00;706;0,000000;;;2,822378;0,324500
2025-05-11 03:00:00;2025-05-11 05:00:00;706;0,073000;;;2,738419;0,324821
2025-05-11 04:00:00;2025-05-11 06:00:00;706;3,739000;;;1,961849;0,325870
2025-05-11 05:00:00;2025-05-11 07:00:00;706;11,125000;;;1,283910;0,325004
2025-05-11 06:00:00;2025-05-11 08:00:00;706;18,825000;;;0,964569;0,324310
2025-05-11 07:00:00;2025-05-11 09:00:00;706;36,071000;;;1,182755;0,220330
2025-05-11 08:00:00;2025-05-11 10:00:00;706;54,679000;;;1,096421;0,149720
2025-05-11 09:00:00;2025-05-11 11:00:00;706;66,916000;;;0,970795;0,150667
2025-05-11 10:00:00;2025-05-11 12:00:00;706;71,176000;;;0,865567;0,151078
2025-05-11 11:00:00;2025-05-11 13:00:00;706;77,324000;;;0,837103;0,149832
2025-05-11 12:00:00;2025-05-11 14:00:00;706;74,132000;;;0,769461;0,149400
2025-05-11 13:00:00;2025-05-11 15:00:00;706;65,866000;;;0,752706;0,149430
2025-05-11 14:00:00;2025-05-11 16:00:00;706;54,863000;;;0,933032;0,149360
2025-05-11 15:00:00;2025-05-11 17:00:00;706;39,481000;;;1,282869;0,149610
2025-05-11 16:00:00;2025-05-11 18:00:00;706;21,156000;;;1,492407;0,151022
2025-05-11 17:00:00;2025-05-11 19:00:00;706;8,969000;;;0,935314;0,150327
2025-05-11 18:00:00;2025-05-11 20:00:00;706;1,958000;;;0,317409;0,149520
2025-05-11 19:00:00;2025-05-11 21:00:00;706;0,009000;;;0,362191;0,237030
2025-05-11 20:00:00;2025-05-11 22:00:00;706;0,000000;;;0,271331;0,325851
2025-05-11 21:00:00;2025-05-11 23:00:00;706;0,000000;;;0,309488;0,325771
2025-05-11 22:00:00;2025-05-12 00:00:00;706;0,000000;;;0,584167;0,325705
2025-05-11 23:00:00;2025-05-12 01:00:00;706;0,000000;;;0,795715;0,324343
2025-05-12 00:00:00;2025-05-12 02:00:00;706;0,000000;;;0,708318;0,324300
2025-05-12 01:00:00;2025-05-12 03:00:00;706;0,000000;;;1,029378;0,324775
2025-05-12 02:00:00;2025-05-12 04:00:00;706;0,000000;;;0,973611;0,325484
2025-05-12 03:00:00;2025-05-12 05:00:00;706;0,082000;;;0,202145;0,324812
2025-05-12 04:00:00;2025-05-12 06:00:00;706;4,872000;;;0,328756;0,325950
2025-05-12 05:00:00;2025-05-12 07:00:00;706;16,491000;;;0,283044;0,324453
2025-05-12 06:00:00;2025-05-12 08:00:00;706;32,685000;;;0,199131;0,324880
2025-05-12 07:00:00;2025-05-12 09:00:00;706;50,601000;;;0,050151;0,320110
2025-05-12 08:00:00;2025-05-12 10:00:00;706;61,017000;;;0,044832;0,023010
2025-05-12 09:00:00;2025-05-12 11:00:00;706;61,131000;;;0,036540;0,000762
2025-05-12 10:00:00;2025-05-12 12:00:00;706;67,046000;;;0,160180;0,001559
2025-05-12 11:00:00;2025-05-12 13:00:00;706;68,340000;;;0,240461;0,001145
2025-05-12 12:00:00;2025-05-12 14:00:00;706;58,972000;;;0,247791;0,000506
2025-05-12 13:00:00;2025-05-12 15:00:00;706;62,554000;;;0,222779;0,001392
2025-05-12 14:00:00;2025-05-12 16:00:00;706;56,351000;;;0,229929;0,000541
2025-05-12 15:00:00;2025-05-12 17:00:00;706;39,524000;;;0,103483;0,001628
2025-05-12 16:00:00;2025-05-12 18:00:00;706;22,482000;;;0,153596;0,420920
2025-05-12 17:00:00;2025-05-12 19:00:00;706;8,858000;;;0,119110;0,599739
2025-05-12 18:00:00;2025-05-12 20:00:00;706;1,828000;;;0,235474;0,636806
2025-05-12 19:00:00;2025-05-12 21:00:00;706;0,006000;;;0,395488;0,639590
2025-05-12 20:00:00;2025-05-12 22:00:00;706;0,000000;;;0,448368;0,631056
2025-05-12 21:00:00;2025-05-12 23:00:00;706;0,000000;;;0,649155;0,465000
2025-05-12 22:00:00;2025-05-13 00:00:00;706;0,000000;;;0,874751;0,399930
2025-05-12 23:00:00;2025-05-13 01:00:00;706;0,000000;;;1,144317;0,399660
2025-05-13 00:00:00;2025-05-13 02:00:00;706;0,000000;;;0,953164;0,399800
2025-05-13 01:00:00;2025-05-13 03:00:00;706;0,000000;;;1,110942;0,399950
2025-05-13 02:00:00;2025-05-13 04:00:00;706;0,000000;;;0,941856;0,399560
2025-05-13 03:00:00;2025-05-13 05:00:00;706;0,111000;;;1,278639;0,485611
2025-05-13 04:00:00;2025-05-13 06:00:00;706;5,140000;;;1,744110;0,599522
2025-05-13 05:00:00;2025-05-13 07:00:00;706;19,080000;;;1,582027;0,599460
2025-05-13 06:00:00;2025-05-13 08:00:00;706;35,615000;;;1,854740;0,597090
2025-05-13 07:00:00;2025-05-13 09:00:00;706;51,579000;;;3,734242;0,256560
2025-05-13 08:00:00;2025-05-13 10:00:00;706;65,602000;;;5,343985;0,013329
2025-05-13 09:00:00;2025-05-13 11:00:00;706;72,680000;;;6,517707;0,000094
2025-05-13 10:00:00;2025-05-13 12:00:00;706;76,529000;;;6,881622;0,000998
2025-05-13 11:00:00;2025-05-13 13:00:00;706;79,042000;;;8,478824;0,000000
2025-05-13 12:00:00;2025-05-13 14:00:00;706;75,744000;;;9,168644;0,000000
2025-05-13 13:00:00;2025-05-13 15:00:00;706;66,193000;;;9,386694;0,000773
2025-05-13 14:00:00;2025-05-13 16:00:00;706;49,378000;;;9,884804;0,000749
2025-05-13 15:00:00;2025-05-13 17:00:00;706;33,469000;;;8,995824;0,173357
2025-05-13 16:00:00;2025-05-13 18:00:00;706;19,256000;;;9,367708;0,377946
2025-05-13 17:00:00;2025-05-13 19:00:00;706;7,356000;;;7,873511;0,605234
2025-05-13 18:00:00;2025-05-13 20:00:00;706;2,139000;;;5,881348;0,620289
2025-05-13 19:00:00;2025-05-13 21:00:00;706;0,005000;;;3,900854;0,619107
2025-05-13 20:00:00;2025-05-13 22:00:00;706;0,000000;;;4,150270;0,596071
2025-05-13 21:00:00;2025-05-13 23:00:00;706;0,000000;;;4,545698;0,249600
2025-05-13 22:00:00;2025-05-14 00:00:00;706;0,000000;;;4,775516;0,249380
2025-05-13 23:00:00;2025-05-14 01:00:00;706;0,000000;;;4,455289;0,249540
2025-05-14 00:00:00;2025-05-14 02:00:00;706;0,000000;;;4,837187;0,249470
2025-05-14 01:00:00;2025-05-14 03:00:00;706;0,000000;;;4,013260;0,249340
2025-05-14 02:00:00;2025-05-14 04:00:00;706;0,000000;;;3,258435;0,249450
2025-05-14 03:00:00;2025-05-14 05:00:00;706;0,140000;;;3,015382;0,261140
2025-05-14 04:00:00;2025-05-14 06:00:00;706;6,207000;;;2,629672;0,321877
2025-05-14 05:00:00;2025-05-14 07:00:00;706;19,748000;;;1,198381;0,325518
2025-05-14 06:00:00;2025-05-14 08:00:00;706;31,603000;;;0,908977;0,313730
2025-05-14 07:00:00;2025-05-14 09:00:00;706;44,218000;;;3,810618;0,309131
2025-05-14 08:00:00;2025-05-14 10:00:00;706;61,505000;;;7,344654;0,105776
2025-05-14 09:00:00;2025-05-14 11:00:00;706;68,457000;;;8,267326;0,001567
2025-05-14 10:00:00;2025-05-14 12:00:00;706;69,263000;;;7,654445;0,000510
2025-05-14 11:00:00;2025-05-14 13:00:00;706;68,257000;;;6,357732;0,000533
2025-05-14 12:00:00;2025-05-14 14:00:00;706;66,529000;;;6,423696;0,000337
2025-05-14 13:00:00;2025-05-14 15:00:00;706;58,435000;;;4,608082;0,000000
2025-05-14 14:00:00;2025-05-14 16:00:00;706;41,793000;;;3,109740;0,000180
2025-05-14 15:00:00;2025-05-14 17:00:00;706;27,062000;;;3,333914;0,064770
2025-05-14 16:00:00;2025-05-14 18:00:00;706;11,890000;;;3,161243;0,205343
2025-05-14 17:00:00;2025-05-14 19:00:00;706;8,133000;;;1,911185;0,299520
2025-05-14 18:00:00;2025-05-14 20:00:00;706;2,712000;;;1,898608;0,300309
2025-05-14 19:00:00;2025-05-14 21:00:00;706;0,014000;;;2,183933;0,300244
2025-05-14 20:00:00;2025-05-14 22:00:00;706;0,000000;;;2,227880;0,291028
2025-05-14 21:00:00;2025-05-14 23:00:00;706;0,000000;;;2,056037;0,249180
2025-05-14 22:00:00;2025-05-15 00:00:00;706;0,000000;;;2,902203;0,249310
2025-05-14 23:00:00;2025-05-15 01:00:00;706;0,000000;;;5,022865;0,249200
2025-05-15 00:00:00;2025-05-15 02:00:00;706;0,000000;;;4,156242;0,249230
2025-05-15 01:00:00;2025-05-15 03:00:00;706;0,000000;;;3,325288;0,249170
2025-05-15 02:00:00;2025-05-15 04:00:00;706;0,000000;;;3,187574;0,249280
2025-05-15 03:00:00;2025-05-15 05:00:00;706;0,153000;;;4,016156;0,249130
2025-05-15 04:00:00;2025-05-15 06:00:00;706;5,440000;;;4,340024;0,258775
2025-05-15 05:00:00;2025-05-15 07:00:00;706;20,353000;;;6,491813;0,312330
2025-05-15 06:00:00;2025-05-15 08:00:00;706;38,213000;;;8,411642;0,322335
2025-05-15 07:00:00;2025-05-15 09:00:00;706;54,996000;;;8,269128;0,212441
2025-05-15 08:00:00;2025-05-15 10:00:00;706;68,386000;;;7,328470;0,001407
2025-05-15 09:00:00;2025-05-15 11:00:00;706;77,698000;;;7,086135;0,000502
2025-05-15 10:00:00;2025-05-15 12:00:00;706;81,746000;;;6,649480;0,000000
2025-05-15 11:00:00;2025-05-15 13:00:00;706;82,237000;;;6,197582;0,000000
2025-05-15 12:00:00;2025-05-15 14:00:00;706;77,860000;;;5,871961;0,000225
2025-05-15 13:00:00;2025-05-15 15:00:00;706;70,566000;;;5,784841;0,001511
2025-05-15 14:00:00;2025-05-15 16:00:00;706;57,627000;;;5,724847;0,001283
2025-05-15 15:00:00;2025-05-15 17:00:00;706;41,520000;;;5,270306;0,055100
2025-05-15 16:00:00;2025-05-15 18:00:00;706;24,558000;;;5,350706;0,149560
2025-05-15 17:00:00;2025-05-15 19:00:00;706;9,800000;;;3,260997;0,239330
2025-05-15 18:00:00;2025-05-15 20:00:00;706;2,179000;;;1,463136;0,307170
2025-05-15 19:00:00;2025-05-15 21:00:00;706;0,037000;;;1,294672;0,309771
2025-05-15 20:00:00;2025-05-15 22:00:00;706;0,000000;;;1,796237;0,314443
2025-05-15 21:00:00;2025-05-15 23:00:00;706;0,000000;;;3,251239;0,318626
2025-05-15 22:00:00;2025-05-16 00:00:00;706;0,000000;;;3,443318;0,321310
2025-05-15 23:00:00;2025-05-16 01:00:00;706;0,000000;;;2,331558;0,321740
2025-05-16 00:00:00;2025-05-16 02:00:00;706;0,000000;;;1,626729;0,321791
2025-05-16 01:00:00;2025-05-16 03:00:00;706;0,000000;;;2,070812;0,320586
2025-05-16 02:00:00;2025-05-16 04:00:00;706;0,000000;;;1,632533;0,322650
2025-05-16 03:00:00;2025-05-16 05:00:00;706;0,168000;;;1,988024;0,323190
2025-05-16 04:00:00;2025-05-16 06:00:00;706;6,141000;;;2,958268;0,319805
2025-05-16 05:00:00;2025-05-16 07:00:00;706;20,010000;;;6,203308;0,315824
2025-05-16 06:00:00;2025-05-16 08:00:00;706;38,153000;;;8,764252;0,315583
2025-05-16 07:00:00;2025-05-16 09:00:00;706;49,565000;;;8,364572;0,316000
2025-05-16 08:00:00;2025-05-16 10:00:00;706;52,873000;;;7,491478;0,243935
2025-05-16 09:00:00;2025-05-16 11:00:00;706;73,681000;;;6,979997;0,150111
2025-05-16 10:00:00;2025-05-16 12:00:00;706;80,201000;;;6,353071;0,149100
2025-05-16 11:00:00;2025-05-16 13:00:00;706;81,328000;;;7,372044;0,150473
2025-05-16 12:00:00;2025-05-16 14:00:00;706;78,410000;;;7,519837;0,150234
2025-05-16 13:00:00;2025-05-16 15:00:00;706;69,865000;;;7,028060;0,149350
2025-05-16 14:00:00;2025-05-16 16:00:00;706;58,003000;;;6,534787;0,150036
2025-05-16 15:00:00;2025-05-16 17:00:00;706;41,792000;;;7,040757;0,152924
2025-05-16 16:00:00;2025-05-16 18:00:00;706;24,276000;;;6,035970;0,307942
2025-05-16 17:00:00;2025-05-16 19:00:00;706;9,932000;;;4,615165;0,311172
2025-05-16 18:00:00;2025-05-16 20:00:00;706;2,206000;;;2,001533;0,312085
2025-05-16 19:00:00;2025-05-16 21:00:00;706;0,033000;;;1,296123;0,312634
2025-05-16 20:00:00;2025-05-16 22:00:00;706;0,000000;;;1,488486;0,313908
2025-05-16 21:00:00;2025-05-16 23:00:00;706;0,000000;;;3,803524;0,318916
2025-05-16 22:00:00;2025-05-17 00:00:00;706;0,000000;;;3,234059;0,319301
2025-05-16 23:00:00;2025-05-17 01:00:00;706;0,000000;;;3,594778;0,320812
2025-05-17 00:00:00;2025-05-17 02:00:00;706;0,000000;;;3,956104;0,319760
2025-05-17 01:00:00;2025-05-17 03:00:00;706;0,000000;;;2,861243;0,318070
2025-05-17 02:00:00;2025-05-17 04:00:00;706;0,000000;;;2,361240;0,314587
2025-05-17 03:00:00;2025-05-17 05:00:00;706;0,187000;;;1,564942;0,316352
2025-05-17 04:00:00;2025-05-17 06:00:00;706;4,707000;;;1,454329;0,314546
2025-05-17 05:00:00;2025-05-17 07:00:00;706;12,014000;;;1,077178;0,314479
2025-05-17 06:00:00;2025-05-17 08:00:00;706;26,510000;;;1,511489;0,312500
2025-05-17 07:00:00;2025-05-17 09:00:00;706;42,000000;;;2,376145;0,312869
2025-05-17 08:00:00;2025-05-17 10:00:00;706;52,673000;;;3,017929;0,224724
2025-05-17 09:00:00;2025-05-17 11:00:00;706;57,832000;;;5,239930;0,199390
2025-05-17 10:00:00;2025-05-17 12:00:00;706;58,442000;;;4,942163;0,199410
2025-05-17 11:00:00;2025-05-17 13:00:00;706;59,878000;;;4,763594;0,199520
2025-05-17 12:00:00;2025-05-17 14:00:00;706;76,938000;;;5,188847;0,199628
2025-05-17 13:00:00;2025-05-17 15:00:00;706;71,472000;;;5,896143;0,200699
2025-05-17 14:00:00;2025-05-17 16:00:00;706;60,916000;;;6,301118;0,200141
2025-05-17 15:00:00;2025-05-17 17:00:00;706;32,712000;;;6,328434;0,199660
2025-05-17 16:00:00;2025-05-17 18:00:00;706;10,268000;;;5,197545;0,261264
2025-05-17 17:00:00;2025-05-17 19:00:00;706;5,485000;;;3,904315;0,314234
2025-05-17 18:00:00;2025-05-17 20:00:00;706;1,755000;;;1,594133;0,313934
2025-05-17 19:00:00;2025-05-17 21:00:00;706;0,016000;;;0,647960;0,315497
2025-05-17 20:00:00;2025-05-17 22:00:00;706;0,000000;;;1,274590;0,317368
2025-05-17 21:00:00;2025-05-17 23:00:00;706;0,000000;;;1,165008;0,310598
2025-05-17 22:00:00;2025-05-18 00:00:00;706;0,000000;;;0,962302;0,312499
2025-05-17 23:00:00;2025-05-18 01:00:00;706;0,000000;;;0,443448;0,314766
2025-05-18 00:00:00;2025-05-18 02:00:00;706;0,000000;;;0,382187;0,313020
2025-05-18 01:00:00;2025-05-18 03:00:00;706;0,000000;;;0,545895;0,311080
2025-05-18 02:00:00;2025-05-18 04:00:00;706;0,000000;;;0,577262;0,310150
2025-05-18 03:00:00;2025-05-18 05:00:00;706;0,181000;;;0,407280;0,309400
2025-05-18 04:00:00;2025-05-18 06:00:00;706;5,634000;;;0,539762;0,310778
2025-05-18 05:00:00;2025-05-18 07:00:00;706;17,016000;;;0,479237;0,309520
2025-05-18 06:00:00;2025-05-18 08:00:00;706;27,900000;;;2,327563;0,309520
2025-05-18 07:00:00;2025-05-18 09:00:00;706;46,671000;;;4,455846;0,137948
2025-05-18 08:00:00;2025-05-18 10:00:00;706;62,916000;;;5,008166;0,001017
2025-05-18 09:00:00;2025-05-18 11:00:00;706;74,622000;;;5,526309;0,000833
2025-05-18 10:00:00;2025-05-18 12:00:00;706;81,204000;;;5,013579;0,000000
2025-05-18 11:00:00;2025-05-18 13:00:00;706;79,375000;;;3,832948;0,000000
2025-05-18 12:00:00;2025-05-18 14:00:00;706;76,861000;;;3,057184;0,000754
2025-05-18 13:00:00;2025-05-18 15:00:00;706;58,188000;;;2,754769;0,000000
2025-05-18 14:00:00;2025-05-18 16:00:00;706;57,174000;;;3,670176;0,000000
2025-05-18 15:00:00;2025-05-18 17:00:00;706;35,299000;;;4,520704;0,011455
2025-05-18 16:00:00;2025-05-18 18:00:00;706;22,582000;;;3,600336;0,381632
2025-05-18 17:00:00;2025-05-18 19:00:00;706;11,284000;;;2,503679;0,500418
2025-05-18 18:00:00;2025-05-18 20:00:00;706;3,316000;;;1,125650;0,499571
2025-05-18 19:00:00;2025-05-18 21:00:00;706;0,044000;;;1,375568;0,498890
2025-05-18 20:00:00;2025-05-18 22:00:00;706;0,000000;;;1,674802;0,499150
2025-05-18 21:00:00;2025-05-18 23:00:00;706;0,000000;;;1,305868;0,499110
2025-05-18 22:00:00;2025-05-19 00:00:00;706;0,000000;;;0,835406;0,500257
2025-05-18 23:00:00;2025-05-19 01:00:00;706;0,000000;;;0,502215;0,499871
2025-05-19 00:00:00;2025-05-19 02:00:00;706;0,000000;;;0,578394;0,498970
2025-05-19 01:00:00;2025-05-19 03:00:00;706;0,000000;;;0,812946;0,499040
2025-05-19 02:00:00;2025-05-19 04:00:00;706;0,000000;;;1,010136;0,499408
2025-05-19 03:00:00;2025-05-19 05:00:00;706;0,244000;;;1,170225;0,533262
2025-05-19 04:00:00;2025-05-19 06:00:00;706;7,384000;;;0,793030;0,600967
2025-05-19 05:00:00;2025-05-19 07:00:00;706;20,752000;;;1,745446;0,644144
2025-05-19 06:00:00;2025-05-19 08:00:00;706;33,631000;;;3,524316;0,641100
2025-05-19 07:00:00;2025-05-19 09:00:00;706;52,037000;;;3,366318;0,623676
2025-05-19 08:00:00;2025-05-19 10:00:00;706;66,699000;;;3,713938;0,192506
2025-05-19 09:00:00;2025-05-19 11:00:00;706;76,549000;;;4,798142;0,000000
2025-05-19 10:00:00;2025-05-19 12:00:00;706;80,074000;;;5,978356;0,000000
2025-05-19 11:00:00;2025-05-19 13:00:00;706;80,586000;;;5,217032;0,000630
2025-05-19 12:00:00;2025-05-19 14:00:00;706;77,510000;;;2,369704;0,001077
2025-05-19 13:00:00;2025-05-19 15:00:00;706;69,239000;;;1,409534;0,001462
2025-05-19 14:00:00;2025-05-19 16:00:00;706;57,022000;;;1,333384;0,000519
2025-05-19 15:00:00;2025-05-19 17:00:00;706;41,368000;;;0,711185;0,001651
2025-05-19 16:00:00;2025-05-19 18:00:00;706;24,291000;;;0,342061;0,311857
2025-05-19 17:00:00;2025-05-19 19:00:00;706;10,380000;;;0,129081;0,599140
2025-05-19 18:00:00;2025-05-19 20:00:00;706;2,583000;;;0,715990;0,599024
2025-05-19 19:00:00;2025-05-19 21:00:00;706;0,056000;;;0,779983;0,598570
2025-05-19 20:00:00;2025-05-19 22:00:00;706;0,000000;;;0,913796;0,563810
2025-05-19 21:00:00;2025-05-19 23:00:00;706;0,000000;;;1,643804;0,498980
2025-05-19 22:00:00;2025-05-20 00:00:00;706;0,000000;;;2,963418;0,499090
2025-05-19 23:00:00;2025-05-20 01:00:00;706;0,000000;;;3,511106;0,498900
2025-05-20 00:00:00;2025-05-20 02:00:00;706;0,000000;;;4,485861;0,499295
2025-05-20 01:00:00;2025-05-20 03:00:00;706;0,000000;;;4,669268;0,500397
2025-05-20 02:00:00;2025-05-20 04:00:00;706;0,000000;;;4,238876;0,499826
2025-05-20 03:00:00;2025-05-20 05:00:00;706;0,250000;;;5,224071;0,499020
2025-05-20 04:00:00;2025-05-20 06:00:00;706;6,483000;;;4,539901;0,499407
2025-05-20 05:00:00;2025-05-20 07:00:00;706;21,260000;;;3,330637;0,549790
2025-05-20 06:00:00;2025-05-20 08:00:00;706;38,172000;;;2,906592;0,327640
2025-05-20 07:00:00;2025-05-20 09:00:00;706;53,807000;;;3,559344;0,000775
2025-05-20 08:00:00;2025-05-20 10:00:00;706;66,812000;;;4,932758;0,001017
2025-05-20 09:00:00;2025-05-20 11:00:00;706;74,335000;;;5,675158;0,000173
2025-05-20 10:00:00;2025-05-20 12:00:00;706;78,392000;;;5,803930;0,000000
2025-05-20 11:00:00;2025-05-20 13:00:00;706;78,896000;;;6,053888;0,000181
2025-05-20 12:00:00;2025-05-20 14:00:00;706;75,846000;;;5,449164;0,001349
2025-05-20 13:00:00;2025-05-20 15:00:00;706;68,398000;;;5,795003;0,000000
2025-05-20 14:00:00;2025-05-20 16:00:00;706;56,493000;;;5,357974;0,000750
2025-05-20 15:00:00;2025-05-20 17:00:00;706;41,416000;;;5,495616;0,440890
2025-05-20 16:00:00;2025-05-20 18:00:00;706;24,806000;;;4,496747;0,595438
2025-05-20 17:00:00;2025-05-20 19:00:00;706;10,716000;;;3,867060;0,612297
2025-05-20 18:00:00;2025-05-20 20:00:00;706;2,866000;;;3,739270;0,617424
2025-05-20 19:00:00;2025-05-20 21:00:00;706;0,067000;;;3,598724;0,599028
2025-05-20 20:00:00;2025-05-20 22:00:00;706;0,000000;;;3,913978;0,460950
2025-05-20 21:00:00;2025-05-20 23:00:00;706;0,000000;;;4,291439;0,450098
2025-05-20 22:00:00;2025-05-21 00:00:00;706;0,000000;;;4,788864;0,450080
2025-05-20 23:00:00;2025-05-21 01:00:00;706;0,000000;;;4,759651;0,449140
2025-05-21 00:00:00;2025-05-21 02:00:00;706;0,000000;;;3,837462;0,449440
2025-05-21 01:00:00;2025-05-21 03:00:00;706;0,000000;;;4,438363;0,449300
2025-05-21 02:00:00;2025-05-21 04:00:00;706;0,000000;;;4,426379;0,449420
2025-05-21 03:00:00;2025-05-21 05:00:00;706;0,231000;;;4,080310;0,449400
2025-05-21 04:00:00;2025-05-21 06:00:00;706;3,830000;;;5,739069;0,477081
2025-05-21 05:00:00;2025-05-21 07:00:00;706;6,532000;;;7,249217;0,499273
2025-05-21 06:00:00;2025-05-21 08:00:00;706;12,163000;;;6,555201;0,072686
2025-05-21 07:00:00;2025-05-21 09:00:00;706;30,390000;;;8,127531;0,001176
2025-05-21 08:00:00;2025-05-21 10:00:00;706;46,979000;;;9,160017;0,000583
2025-05-21 09:00:00;2025-05-21 11:00:00;706;54,544000;;;8,823650;0,000000
2025-05-21 10:00:00;2025-05-21 12:00:00;706;39,606000;;;8,407126;0,000000
2025-05-21 11:00:00;2025-05-21 13:00:00;706;33,151000;;;6,058135;0,000000
2025-05-21 12:00:00;2025-05-21 14:00:00;706;23,220000;;;4,919160;0,000000
2025-05-21 13:00:00;2025-05-21 15:00:00;706;31,812000;;;3,395887;0,000432
2025-05-21 14:00:00;2025-05-21 16:00:00;706;24,988000;;;2,353789;0,000383
2025-05-21 15:00:00;2025-05-21 17:00:00;706;27,057000;;;1,554427;0,000000
2025-05-21 16:00:00;2025-05-21 18:00:00;706;16,594000;;;3,064840;0,000000
2025-05-21 17:00:00;2025-05-21 19:00:00;706;6,866000;;;5,971283;0,000363
2025-05-21 18:00:00;2025-05-21 20:00:00;706;3,217000;;;9,673475;0,003044
2025-05-21 19:00:00;2025-05-21 21:00:00;706;0,078000;;;9,653587;0,279011
2025-05-21 20:00:00;2025-05-21 22:00:00;706;0,000000;;;8,318829;0,299120
2025-05-21 21:00:00;2025-05-21 23:00:00;706;0,000000;;;9,049364;0,299040
2025-05-21 22:00:00;2025-05-22 00:00:00;706;0,000000;;;8,570953;0,299090
2025-05-21 23:00:00;2025-05-22 01:00:00;706;0,000000;;;8,081562;0,299270
2025-05-22 00:00:00;2025-05-22 02:00:00;706;0,000000;;;7,702723;0,299070
2025-05-22 01:00:00;2025-05-22 03:00:00;706;0,000000;;;7,254369;0,298970
2025-05-22 02:00:00;2025-05-22 04:00:00;706;0,000000;;;4,147459;0,299210
2025-05-22 03:00:00;2025-05-22 05:00:00;706;0,308000;;;0,992395;0,298920
2025-05-22 04:00:00;2025-05-22 06:00:00;706;5,228000;;;3,241663;0,303370
2025-05-22 05:00:00;2025-05-22 07:00:00;706;15,024000;;;7,697498;0,324513
2025-05-22 06:00:00;2025-05-22 08:00:00;706;26,839000;;;10,661936;0,322770
2025-05-22 07:00:00;2025-05-22 09:00:00;706;27,019000;;;11,587151;0,323239
2025-05-22 08:00:00;2025-05-22 10:00:00;706;25,397000;;;12,176427;0,324372
2025-05-22 09:00:00;2025-05-22 11:00:00;706;35,716000;;;11,928953;0,312864
2025-05-22 10:00:00;2025-05-22 12:00:00;706;42,967000;;;11,418681;0,119820
2025-05-22 11:00:00;2025-05-22 13:00:00;706;38,948000;;;9,304473;0,000000
2025-05-22 12:00:00;2025-05-22 14:00:00;706;45,477000;;;7,928993;0,059062
2025-05-22 13:00:00;2025-05-22 15:00:00;706;32,520000;;;7,212120;0,149840
2025-05-22 14:00:00;2025-05-22 16:00:00;706;37,134000;;;5,531192;0,149070
2025-05-22 15:00:00;2025-05-22 17:00:00;706;28,242000;;;2,382806;0,149940
2025-05-22 16:00:00;2025-05-22 18:00:00;706;18,988000;;;1,976684;0,180340
2025-05-22 17:00:00;2025-05-22 19:00:00;706;5,616000;;;5,654065;0,437820
2025-05-22 18:00:00;2025-05-22 20:00:00;706;2,679000;;;6,846858;0,596310
2025-05-22 19:00:00;2025-05-22 21:00:00;706;0,074000;;;3,761837;0,335370
2025-05-22 20:00:00;2025-05-22 22:00:00;706;0,000000;;;1,748510;0,299330
2025-05-22 21:00:00;2025-05-22 23:00:00;706;0,000000;;;4,093647;0,299510
2025-05-22 22:00:00;2025-05-23 00:00:00;706;0,000000;;;4,004820;0,299380
2025-05-22 23:00:00;2025-05-23 01:00:00;706;0,000000;;;3,410379;0,299360
2025-05-23 00:00:00;2025-05-23 02:00:00;706;0,000000;;;2,658922;0,299300
2025-05-23 01:00:00;2025-05-23 03:00:00;706;0,000000;;;3,406167;0,299520
2025-05-23 02:00:00;2025-05-23 04:00:00;706;0,000000;;;3,540133;0,299390
2025-05-23 03:00:00;2025-05-23 05:00:00;706;0,278000;;;1,989953;0,299240
2025-05-23 04:00:00;2025-05-23 06:00:00;706;5,529000;;;1,429420;0,299953
2025-05-23 05:00:00;2025-05-23 07:00:00;706;12,367000;;;2,319706;0,331920
2025-05-23 06:00:00;2025-05-23 08:00:00;706;22,184000;;;0,757263;0,633460
2025-05-23 07:00:00;2025-05-23 09:00:00;706;27,011000;;;0,351703;0,573780
2025-05-23 08:00:00;2025-05-23 10:00:00;706;31,136000;;;1,732934;0,308223
2025-05-23 09:00:00;2025-05-23 11:00:00;706;16,114000;;;4,459434;0,036587
2025-05-23 10:00:00;2025-05-23 12:00:00;706;25,719000;;;1,064486;0,001427
2025-05-23 11:00:00;2025-05-23 13:00:00;706;37,340000;;;0,659572;0,000671
2025-05-23 12:00:00;2025-05-23 14:00:00;706;20,876000;;;5,029125;0,001006
2025-05-23 13:00:00;2025-05-23 15:00:00;706;36,590000;;;2,697532;0,000000
2025-05-23 14:00:00;2025-05-23 16:00:00;706;28,737000;;;1,349097;0,000000
2025-05-23 15:00:00;2025-05-23 17:00:00;706;25,782000;;;2,355375;0,023180
2025-05-23 16:00:00;2025-05-23 18:00:00;706;8,942000;;;2,898029;0,560590
2025-05-23 17:00:00;2025-05-23 19:00:00;706;6,570000;;;2,299256;0,600670
2025-05-23 18:00:00;2025-05-23 20:00:00;706;2,119000;;;0,774625;0,612280
2025-05-23 19:00:00;2025-05-23 21:00:00;706;0,032000;;;0,562055;0,395450
2025-05-23 20:00:00;2025-05-23 22:00:00;706;0,000000;;;1,305236;0,310790
2025-05-23 21:00:00;2025-05-23 23:00:00;706;0,000000;;;0,464045;0,313050
2025-05-23 22:00:00;2025-05-24 00:00:00;706;0,000000;;;0,265176;0,313660
2025-05-23 23:00:00;2025-05-24 01:00:00;706;0,000000;;;1,008920;0,317610
2025-05-24 00:00:00;2025-05-24 02:00:00;706;0,000000;;;1,639927;0,317620
2025-05-24 01:00:00;2025-05-24 03:00:00;706;0,000000;;;1,753828;0,317730
2025-05-24 02:00:00;2025-05-24 04:00:00;706;0,000000;;;1,477441;0,319870
2025-05-24 03:00:00;2025-05-24 05:00:00;706;0,330000;;;1,263212;0,317750
2025-05-24 04:00:00;2025-05-24 06:00:00;706;6,385000;;;0,992807;0,317470
2025-05-24 05:00:00;2025-05-24 07:00:00;706;19,081000;;;0,907354;0,317131
2025-05-24 06:00:00;2025-05-24 08:00:00;706;23,683000;;;1,272238;0,314520
2025-05-24 07:00:00;2025-05-24 09:00:00;706;32,930000;;;1,775477;0,295720
2025-05-24 08:00:00;2025-05-24 10:00:00;706;41,755000;;;1,127042;0,199580
2025-05-24 09:00:00;2025-05-24 11:00:00;706;43,197000;;;1,710313;0,200886
2025-05-24 10:00:00;2025-05-24 12:00:00;706;37,585000;;;2,267925;0,200608
2025-05-24 11:00:00;2025-05-24 13:00:00;706;34,204000;;;1,993448;0,200893
2025-05-24 12:00:00;2025-05-24 14:00:00;706;61,675000;;;2,071946;0,199976
2025-05-24 13:00:00;2025-05-24 15:00:00;706;63,196000;;;2,310753;0,199570
2025-05-24 14:00:00;2025-05-24 16:00:00;706;55,338000;;;2,627509;0,199700
2025-05-24 15:00:00;2025-05-24 17:00:00;706;37,714000;;;3,517838;0,282700
2025-05-24 16:00:00;2025-05-24 18:00:00;706;22,469000;;;2,256932;0,545730
2025-05-24 17:00:00;2025-05-24 19:00:00;706;9,021000;;;1,799074;0,623300
2025-05-24 18:00:00;2025-05-24 20:00:00;706;2,199000;;;1,493277;0,623320
2025-05-24 19:00:00;2025-05-24 21:00:00;706;0,029000;;;2,719159;0,623080
2025-05-24 20:00:00;2025-05-24 22:00:00;706;0,000000;;;2,665514;0,623200
2025-05-24 21:00:00;2025-05-24 23:00:00;706;0,000000;;;2,601591;0,623260
2025-05-24 22:00:00;2025-05-25 00:00:00;706;0,000000;;;3,125382;0,384010
2025-05-24 23:00:00;2025-05-25 01:00:00;706;0,000000;;;4,579172;0,150710
2025-05-25 00:00:00;2025-05-25 02:00:00;706;0,000000;;;5,150634;0,149730
2025-05-25 01:00:00;2025-05-25 03:00:00;706;0,000000;;;4,771298;0,149510
2025-05-25 02:00:00;2025-05-25 04:00:00;706;0,000000;;;6,049234;0,149800
2025-05-25 03:00:00;2025-05-25 05:00:00;706;0,129000;;;5,374176;0,149570
2025-05-25 04:00:00;2025-05-25 06:00:00;706;1,057000;;;5,029471;0,149620
2025-05-25 05:00:00;2025-05-25 07:00:00;706;2,615000;;;4,681081;0,149912
2025-05-25 06:00:00;2025-05-25 08:00:00;706;4,203000;;;4,205041;0,150039
2025-05-25 07:00:00;2025-05-25 09:00:00;706;7,973000;;;3,257565;0,149570
2025-05-25 08:00:00;2025-05-25 10:00:00;706;12,752000;;;3,806225;0,142850
2025-05-25 09:00:00;2025-05-25 11:00:00;706;11,167000;;;4,425283;0,000000
2025-05-25 10:00:00;2025-05-25 12:00:00;706;17,361000;;;4,112216;0,000000
2025-05-25 11:00:00;2025-05-25 13:00:00;706;19,666000;;;3,502520;0,000000
2025-05-25 12:00:00;2025-05-25 14:00:00;706;20,347000;;;6,154310;0,000000
2025-05-25 13:00:00;2025-05-25 15:00:00;706;17,033000;;;5,411032;0,000000
2025-05-25 14:00:00;2025-05-25 16:00:00;706;12,511000;;;5,315771;0,000000
2025-05-25 15:00:00;2025-05-25 17:00:00;706;13,114000;;;5,754200;0,000167
2025-05-25 16:00:00;2025-05-25 18:00:00;706;13,588000;;;5,009170;0,001417
2025-05-25 17:00:00;2025-05-25 19:00:00;706;8,843000;;;4,935357;0,001440
2025-05-25 18:00:00;2025-05-25 20:00:00;706;1,871000;;;4,692437;0,087459
2025-05-25 19:00:00;2025-05-25 21:00:00;706;0,032000;;;5,395676;0,249410
2025-05-25 20:00:00;2025-05-25 22:00:00;706;0,000000;;;5,666229;0,249220
2025-05-25 21:00:00;2025-05-25 23:00:00;706;0,000000;;;4,097888;0,277090
2025-05-25 22:00:00;2025-05-26 00:00:00;706;0,000000;;;2,753465;0,298940
2025-05-25 23:00:00;2025-05-26 01:00:00;706;0,000000;;;2,524086;0,298920
2025-05-26 00:00:00;2025-05-26 02:00:00;706;0,000000;;;2,583203;0,299170
2025-05-26 01:00:00;2025-05-26 03:00:00;706;0,000000;;;2,016711;0,298980
2025-05-26 02:00:00;2025-05-26 04:00:00;706;0,000000;;;2,282423;0,298860
2025-05-26 03:00:00;2025-05-26 05:00:00;706;0,361000;;;3,642347;0,299030
2025-05-26 04:00:00;2025-05-26 06:00:00;706;7,042000;;;2,924581;0,300590
2025-05-26 05:00:00;2025-05-26 07:00:00;706;21,337000;;;3,247981;0,300099
2025-05-26 06:00:00;2025-05-26 08:00:00;706;37,526000;;;3,304037;0,298940
2025-05-26 07:00:00;2025-05-26 09:00:00;706;50,186000;;;3,626908;0,298970
2025-05-26 08:00:00;2025-05-26 10:00:00;706;41,111000;;;3,949535;0,195350
2025-05-26 09:00:00;2025-05-26 11:00:00;706;53,629000;;;5,624199;0,000000
2025-05-26 10:00:00;2025-05-26 12:00:00;706;43,835000;;;7,096966;0,000000
2025-05-26 11:00:00;2025-05-26 13:00:00;706;62,275000;;;6,004501;0,000000
2025-05-26 12:00:00;2025-05-26 14:00:00;706;65,596000;;;7,383902;0,000654
2025-05-26 13:00:00;2025-05-26 15:00:00;706;52,601000;;;8,211688;0,000000
2025-05-26 14:00:00;2025-05-26 16:00:00;706;48,739000;;;6,982803;0,000000
2025-05-26 15:00:00;2025-05-26 17:00:00;706;37,101000;;;6,799949;0,071950
2025-05-26 16:00:00;2025-05-26 18:00:00;706;21,579000;;;5,991805;0,154680
2025-05-26 17:00:00;2025-05-26 19:00:00;706;10,819000;;;4,642996;0,301070
2025-05-26 18:00:00;2025-05-26 20:00:00;706;4,891000;;;3,907881;0,302040
2025-05-26 19:00:00;2025-05-26 21:00:00;706;0,142000;;;3,583637;0,308864
2025-05-26 20:00:00;2025-05-26 22:00:00;706;0,000000;;;3,891357;0,311491
2025-05-26 21:00:00;2025-05-26 23:00:00;706;0,000000;;;4,543022;0,274300
2025-05-26 22:00:00;2025-05-27 00:00:00;706;0,000000;;;4,940877;0,274130
2025-05-26 23:00:00;2025-05-27 01:00:00;706;0,000000;;;4,162584;0,274090
2025-05-27 00:00:00;2025-05-27 02:00:00;706;0,000000;;;4,226599;0,274090
2025-05-27 01:00:00;2025-05-27 03:00:00;706;0,000000;;;4,051162;0,274410
2025-05-27 02:00:00;2025-05-27 04:00:00;706;0,000000;;;6,187480;0,274060
2025-05-27 03:00:00;2025-05-27 05:00:00;706;0,369000;;;5,845662;0,274160
2025-05-27 04:00:00;2025-05-27 06:00:00;706;5,359000;;;7,920254;0,274030
2025-05-27 05:00:00;2025-05-27 07:00:00;706;8,151000;;;7,969154;0,280076
2025-05-27 06:00:00;2025-05-27 08:00:00;706;10,017000;;;9,967547;0,298930
2025-05-27 07:00:00;2025-05-27 09:00:00;706;11,705000;;;10,848659;0,298940
2025-05-27 08:00:00;2025-05-27 10:00:00;706;17,022000;;;11,893275;0,096270
2025-05-27 09:00:00;2025-05-27 11:00:00;706;13,686000;;;12,838503;0,000111
2025-05-27 10:00:00;2025-05-27 12:00:00;706;17,242000;;;13,019028;0,000000
2025-05-27 11:00:00;2025-05-27 13:00:00;706;29,439000;;;12,337115;0,000000
2025-05-27 12:00:00;2025-05-27 14:00:00;706;60,470000;;;11,074353;0,000000
2025-05-27 13:00:00;2025-05-27 15:00:00;706;60,713000;;;8,754180;0,001357
2025-05-27 14:00:00;2025-05-27 16:00:00;706;51,571000;;;8,285925;0,001111
2025-05-27 15:00:00;2025-05-27 17:00:00;706;38,566000;;;7,491891;0,000000
2025-05-27 16:00:00;2025-05-27 18:00:00;706;23,136000;;;5,809237;0,213111
2025-05-27 17:00:00;2025-05-27 19:00:00;706;9,937000;;;5,122699;0,303626
2025-05-27 18:00:00;2025-05-27 20:00:00;706;3,335000;;;3,233019;0,306350
2025-05-27 19:00:00;2025-05-27 21:00:00;706;0,070000;;;1,817102;0,310450
2025-05-27 20:00:00;2025-05-27 22:00:00;706;0,000000;;;1,016802;0,311388
2025-05-27 21:00:00;2025-05-27 23:00:00;706;0,000000;;;0,690096;0,211390
2025-05-27 22:00:00;2025-05-28 00:00:00;706;0,000000;;;0,547910;0,199720
2025-05-27 23:00:00;2025-05-28 01:00:00;706;0,000000;;;0,471036;0,199470
2025-05-28 00:00:00;2025-05-28 02:00:00;706;0,000000;;;0,701180;0,199660
2025-05-28 01:00:00;2025-05-28 03:00:00;706;0,000000;;;0,495460;0,199060
2025-05-28 02:00:00;2025-05-28 04:00:00;706;0,000000;;;0,140721;0,199200
2025-05-28 03:00:00;2025-05-28 05:00:00;706;0,363000;;;0,005144;0,200510
2025-05-28 04:00:00;2025-05-28 06:00:00;706;5,228000;;;0,000000;0,301409
2025-05-28 05:00:00;2025-05-28 07:00:00;706;12,537000;;;0,007160;0,313420
2025-05-28 06:00:00;2025-05-28 08:00:00;706;20,312000;;;0,006497;0,310920
2025-05-28 07:00:00;2025-05-28 09:00:00;706;29,182000;;;0,013982;0,308935
2025-05-28 08:00:00;2025-05-28 10:00:00;706;37,251000;;;0,016250;0,307922
2025-05-28 09:00:00;2025-05-28 11:00:00;706;40,100000;;;0,020578;0,304770
2025-05-28 10:00:00;2025-05-28 12:00:00;706;55,918000;;;0,022448;0,299620
2025-05-28 11:00:00;2025-05-28 13:00:00;706;52,248000;;;0,285877;0,150861
2025-05-28 12:00:00;2025-05-28 14:00:00;706;29,076000;;;0,219492;0,149186
2025-05-28 13:00:00;2025-05-28 15:00:00;706;44,597000;;;0,380795;0,148990
2025-05-28 14:00:00;2025-05-28 16:00:00;706;27,225000;;;0,634015;0,149810
2025-05-28 15:00:00;2025-05-28 17:00:00;706;21,573000;;;0,704319;0,158580
2025-05-28 16:00:00;2025-05-28 18:00:00;706;17,365000;;;0,687250;0,297360
2025-05-28 17:00:00;2025-05-28 19:00:00;706;12,263000;;;1,588753;0,299837
2025-05-28 18:00:00;2025-05-28 20:00:00;706;4,683000;;;1,517746;0,309765
2025-05-28 19:00:00;2025-05-28 21:00:00;706;0,187000;;;2,537310;0,314672
2025-05-28 20:00:00;2025-05-28 22:00:00;706;0,000000;;;2,554207;0,313940
2025-05-28 21:00:00;2025-05-28 23:00:00;706;0,000000;;;4,129133;0,264480
2025-05-28 22:00:00;2025-05-29 00:00:00;706;0,000000;;;4,474845;0,245440
2025-05-28 23:00:00;2025-05-29 01:00:00;706;0,000000;;;3,932293;0,199590
2025-05-29 00:00:00;2025-05-29 02:00:00;706;0,000000;;;5,181696;0,199570
2025-05-29 01:00:00;2025-05-29 03:00:00;706;0,000000;;;5,371998;0,199660
2025-05-29 02:00:00;2025-05-29 04:00:00;706;0,000000;;;3,962582;0,199470
2025-05-29 03:00:00;2025-05-29 05:00:00;706;0,392000;;;3,458521;0,199420
2025-05-29 04:00:00;2025-05-29 06:00:00;706;7,972000;;;2,776579;0,199710
2025-05-29 05:00:00;2025-05-29 07:00:00;706;22,810000;;;3,113213;0,199310
2025-05-29 06:00:00;2025-05-29 08:00:00;706;40,582000;;;3,477800;0,199690
2025-05-29 07:00:00;2025-05-29 09:00:00;706;55,337000;;;2,665100;0,199783
2025-05-29 08:00:00;2025-05-29 10:00:00;706;66,471000;;;1,861183;0,194630
2025-05-29 09:00:00;2025-05-29 11:00:00;706;67,233000;;;0,993737;0,149660
2025-05-29 10:00:00;2025-05-29 12:00:00;706;67,753000;;;1,076735;0,149240
2025-05-29 11:00:00;2025-05-29 13:00:00;706;67,401000;;;1,327619;0,150286
2025-05-29 12:00:00;2025-05-29 14:00:00;706;51,359000;;;1,853442;0,150034
2025-05-29 13:00:00;2025-05-29 15:00:00;706;35,741000;;;2,659580;0,149494
2025-05-29 14:00:00;2025-05-29 16:00:00;706;24,270000;;;3,928465;0,149010
2025-05-29 15:00:00;2025-05-29 17:00:00;706;25,378000;;;4,797614;0,149650
2025-05-29 16:00:00;2025-05-29 18:00:00;706;12,509000;;;3,158408;0,224750
2025-05-29 17:00:00;2025-05-29 19:00:00;706;5,686000;;;2,895881;0,309153
2025-05-29 18:00:00;2025-05-29 20:00:00;706;1,626000;;;4,061539;0,309768
2025-05-29 19:00:00;2025-05-29 21:00:00;706;0,016000;;;6,108154;0,278795
2025-05-29 20:00:00;2025-05-29 22:00:00;706;0,000000;;;8,666114;0,200543
2025-05-29 21:00:00;2025-05-29 23:00:00;706;0,000000;;;8,181757;0,199470
2025-05-29 22:00:00;2025-05-30 00:00:00;706;0,000000;;;7,576725;0,199560
2025-05-29 23:00:00;2025-05-30 01:00:00;706;0,000000;;;5,656630;0,199470
2025-05-30 00:00:00;2025-05-30 02:00:00;706;0,000000;;;5,076856;0,199560
2025-05-30 01:00:00;2025-05-30 03:00:00;706;0,000000;;;4,822472;0,199530
2025-05-30 02:00:00;2025-05-30 04:00:00;706;0,000000;;;4,311334;0,199640
2025-05-30 03:00:00;2025-05-30 05:00:00;706;0,246000;;;4,767379;0,199480
2025-05-30 04:00:00;2025-05-30 06:00:00;706;4,603000;;;5,520551;0,199600
2025-05-30 05:00:00;2025-05-30 07:00:00;706;20,230000;;;6,199295;0,199360
2025-05-30 06:00:00;2025-05-30 08:00:00;706;39,017000;;;6,314019;0,258230
2025-05-30 07:00:00;2025-05-30 09:00:00;706;53,342000;;;7,071633;0,298880
2025-05-30 08:00:00;2025-05-30 10:00:00;706;56,543000;;;7,242548;0,142215
2025-05-30 09:00:00;2025-05-30 11:00:00;706;60,896000;;;6,323686;0,000399
2025-05-30 10:00:00;2025-05-30 12:00:00;706;29,655000;;;6,563572;0,000136
2025-05-30 11:00:00;2025-05-30 13:00:00;706;18,464000;;;2,832539;0,000000
2025-05-30 12:00:00;2025-05-30 14:00:00;706;18,173000;;;0,809044;0,000281
2025-05-30 13:00:00;2025-05-30 15:00:00;706;25,897000;;;1,107708;0,000000
2025-05-30 14:00:00;2025-05-30 16:00:00;706;32,829000;;;4,239622;0,000000
2025-05-30 15:00:00;2025-05-30 17:00:00;706;28,506000;;;5,079019;0,119383
2025-05-30 16:00:00;2025-05-30 18:00:00;706;16,559000;;;5,806784;0,150055
2025-05-30 17:00:00;2025-05-30 19:00:00;706;10,014000;;;5,754651;0,226700
2025-05-30 18:00:00;2025-05-30 20:00:00;706;3,779000;;;5,529778;0,303693
2025-05-30 19:00:00;2025-05-30 21:00:00;706;0,080000;;;5,551403;0,305469
2025-05-30 20:00:00;2025-05-30 22:00:00;706;0,000000;;;5,113900;0,307990
2025-05-30 21:00:00;2025-05-30 23:00:00;706;0,000000;;;5,425701;0,308850
2025-05-30 22:00:00;2025-05-31 00:00:00;706;0,000000;;;5,223415;0,249520
2025-05-30 23:00:00;2025-05-31 01:00:00;706;0,000000;;;3,764666;0,249748
2025-05-31 00:00:00;2025-05-31 02:00:00;706;0,000000;;;2,810819;0,249330
2025-05-31 01:00:00;2025-05-31 03:00:00;706;0,000000;;;2,208629;0,249190
2025-05-31 02:00:00;2025-05-31 04:00:00;706;0,000000;;;3,089782;0,249574
2025-05-31 03:00:00;2025-05-31 05:00:00;706;0,363000;;;3,775018;0,249290
2025-05-31 04:00:00;2025-05-31 06:00:00;706;6,999000;;;3,826242;0,249420
2025-05-31 05:00:00;2025-05-31 07:00:00;706;15,562000;;;3,679557;0,249359
2025-05-31 06:00:00;2025-05-31 08:00:00;706;31,058000;;;3,397947;0,248570
2025-05-31 07:00:00;2025-05-31 09:00:00;706;47,196000;;;2,118651;0,009680
2025-05-31 08:00:00;2025-05-31 10:00:00;706;60,084000;;;1,399737;0,000251
2025-05-31 09:00:00;2025-05-31 11:00:00;706;71,083000;;;1,111575;0,000000
2025-05-31 10:00:00;2025-05-31 12:00:00;706;75,685000;;;0,998506;0,000000
2025-05-31 11:00:00;2025-05-31 13:00:00;706;70,252000;;;0,881629;0,000281
2025-05-31 12:00:00;2025-05-31 14:00:00;706;67,031000;;;1,040562;0,000000
2025-05-31 13:00:00;2025-05-31 15:00:00;706;52,032000;;;0,680890;0,000000
2025-05-31 14:00:00;2025-05-31 16:00:00;706;46,537000;;;0,370596;0,000295
2025-05-31 15:00:00;2025-05-31 17:00:00;706;33,973000;;;0,246372;0,000000
2025-05-31 16:00:00;2025-05-31 18:00:00;706;21,559000;;;0,297601;0,275960
2025-05-31 17:00:00;2025-05-31 19:00:00;706;11,602000;;;0,352656;0,294347
2025-05-31 18:00:00;2025-05-31 20:00:00;706;3,911000;;;0,513716;0,298660
2025-05-31 19:00:00;2025-05-31 21:00:00;706;0,265000;;;0,478673;0,304670
2025-05-31 20:00:00;2025-05-31 22:00:00;706;0,000000;;;0,608972;0,292570
2025-05-31 21:00:00;2025-05-31 23:00:00;706;0,000000;;;0,266338;0,150120
2025-05-31 22:00:00;2025-06-01 00:00:00;706;0,000000;;;1,100654;0,149600
2025-05-31 23:00:00;2025-06-01 01:00:00;706;0,000000;;;0,993760;0,149510
2025-06-01 00:00:00;2025-06-01 02:00:00;706;0,000000;;;0,574890;0,150157
2025-06-01 01:00:00;2025-06-01 03:00:00;706;0,000000;;;0,682472;0,149470
2025-06-01 02:00:00;2025-06-01 04:00:00;706;0,000000;;;1,348437;0,149580
2025-06-01 03:00:00;2025-06-01 05:00:00;706;0,386000;;;1,601478;0,150151
2025-06-01 04:00:00;2025-06-01 06:00:00;706;8,019000;;;1,754057;0,149630
2025-06-01 05:00:00;2025-06-01 07:00:00;706;12,716000;;;2,355547;0,149470
2025-06-01 06:00:00;2025-06-01 08:00:00;706;10,541000;;;1,785628;0,135784
2025-06-01 07:00:00;2025-06-01 09:00:00;706;13,675000;;;2,580714;0,000000
2025-06-01 08:00:00;2025-06-01 10:00:00;706;18,071000;;;1,428938;0,000000
2025-06-01 09:00:00;2025-06-01 11:00:00;706;48,834000;;;1,413277;0,000308
2025-06-01 10:00:00;2025-06-01 12:00:00;706;58,711000;;;1,557074;0,000000
2025-06-01 11:00:00;2025-06-01 13:00:00;706;63,365000;;;2,950803;0,000000
2025-06-01 12:00:00;2025-06-01 14:00:00;706;56,585000;;;6,809178;0,000268
2025-06-01 13:00:00;2025-06-01 15:00:00;706;39,595000;;;6,417965;0,000000
2025-06-01 14:00:00;2025-06-01 16:00:00;706;11,802000;;;5,435828;0,000000
2025-06-01 15:00:00;2025-06-01 17:00:00;706;13,633000;;;2,706897;0,000687
2025-06-01 16:00:00;2025-06-01 18:00:00;706;8,437000;;;2,155412;0,107038
2025-06-01 17:00:00;2025-06-01 19:00:00;706;5,181000;;;3,985535;0,149865
2025-06-01 18:00:00;2025-06-01 20:00:00;706;3,880000;;;3,587017;0,217950
2025-06-01 19:00:00;2025-06-01 21:00:00;706;0,330000;;;3,693848;0,297260
2025-06-01 20:00:00;2025-06-01 22:00:00;706;0,000000;;;4,809588;0,252150
2025-06-01 21:00:00;2025-06-01 23:00:00;706;0,000000;;;4,227914;0,224260
2025-06-01 22:00:00;2025-06-02 00:00:00;706;0,000000;;;3,382346;0,224420
2025-06-01 23:00:00;2025-06-02 01:00:00;706;0,000000;;;2,855101;0,224270
2025-06-02 00:00:00;2025-06-02 02:00:00;706;0,000000;;;2,371247;0,224310
2025-06-02 01:00:00;2025-06-02 03:00:00;706;0,000000;;;2,039084;0,224540
2025-06-02 02:00:00;2025-06-02 04:00:00;706;0,000000;;;1,943340;0,224320
2025-06-02 03:00:00;2025-06-02 05:00:00;706;0,362000;;;2,607931;0,224582
2025-06-02 04:00:00;2025-06-02 06:00:00;706;7,786000;;;4,255805;0,249640
2025-06-02 05:00:00;2025-06-02 07:00:00;706;18,712000;;;5,080752;0,299392
2025-06-02 06:00:00;2025-06-02 08:00:00;706;32,240000;;;4,908726;0,299376
2025-06-02 07:00:00;2025-06-02 09:00:00;706;48,798000;;;4,239975;0,299559
2025-06-02 08:00:00;2025-06-02 10:00:00;706;50,153000;;;4,611231;0,130459
2025-06-02 09:00:00;2025-06-02 11:00:00;706;54,165000;;;4,982085;0,000000
2025-06-02 10:00:00;2025-06-02 12:00:00;706;54,519000;;;5,584056;0,000515
2025-06-02 11:00:00;2025-06-02 13:00:00;706;60,942000;;;5,607829;0,000000
2025-06-02 12:00:00;2025-06-02 14:00:00;706;63,328000;;;5,609870;0,000594
2025-06-02 13:00:00;2025-06-02 15:00:00;706;53,611000;;;5,116909;0,000270
2025-06-02 14:00:00;2025-06-02 16:00:00;706;49,285000;;;4,478501;0,000000
2025-06-02 15:00:00;2025-06-02 17:00:00;706;38,707000;;;4,446052;0,033810
2025-06-02 16:00:00;2025-06-02 18:00:00;706;28,888000;;;4,137507;0,277470
2025-06-02 17:00:00;2025-06-02 19:00:00;706;13,534000;;;3,288774;0,575040
2025-06-02 18:00:00;2025-06-02 20:00:00;706;4,134000;;;2,918342;0,623992
2025-06-02 19:00:00;2025-06-02 21:00:00;706;0,299000;;;2,481365;0,624163
2025-06-02 20:00:00;2025-06-02 22:00:00;706;0,000000;;;3,154298;0,418970
2025-06-02 21:00:00;2025-06-02 23:00:00;706;0,000000;;;2,163979;0,199420
2025-06-02 22:00:00;2025-06-03 00:00:00;706;0,000000;;;1,401861;0,199570
2025-06-02 23:00:00;2025-06-03 01:00:00;706;0,000000;;;1,672348;0,199550
2025-06-03 00:00:00;2025-06-03 02:00:00;706;0,000000;;;1,686319;0,199410
2025-06-03 01:00:00;2025-06-03 03:00:00;706;0,000000;;;1,217352;0,199550
2025-06-03 02:00:00;2025-06-03 04:00:00;706;0,000000;;;0,890098;0,199410
2025-06-03 03:00:00;2025-06-03 05:00:00;706;0,382000;;;1,048103;0,199440
2025-06-03 04:00:00;2025-06-03 06:00:00;706;8,593000;;;0,974209;0,199520
2025-06-03 05:00:00;2025-06-03 07:00:00;706;22,955000;;;0,929470;0,277289
2025-06-03 06:00:00;2025-06-03 08:00:00;706;39,385000;;;1,607671;0,309558
2025-06-03 07:00:00;2025-06-03 09:00:00;706;57,274000;;;2,019502;0,275859
2025-06-03 08:00:00;2025-06-03 10:00:00;706;69,037000;;;2,977935;0,000000
2025-06-03 09:00:00;2025-06-03 11:00:00;706;78,107000;;;4,290260;0,000000
2025-06-03 10:00:00;2025-06-03 12:00:00;706;82,100000;;;5,836723;0,000000
2025-06-03 11:00:00;2025-06-03 13:00:00;706;80,390000;;;6,997782;0,000000
2025-06-03 12:00:00;2025-06-03 14:00:00;706;69,399000;;;6,845783;0,000000
2025-06-03 13:00:00;2025-06-03 15:00:00;706;58,904000;;;6,514761;0,000000
2025-06-03 14:00:00;2025-06-03 16:00:00;706;50,414000;;;6,108649;0,000000
2025-06-03 15:00:00;2025-06-03 17:00:00;706;31,251000;;;5,011437;0,000000
2025-06-03 16:00:00;2025-06-03 18:00:00;706;19,272000;;;4,431864;0,135570
2025-06-03 17:00:00;2025-06-03 19:00:00;706;9,247000;;;4,631203;0,196680
2025-06-03 18:00:00;2025-06-03 20:00:00;706;3,665000;;;5,918315;0,282160
2025-06-03 19:00:00;2025-06-03 21:00:00;706;0,129000;;;7,694685;0,309699
2025-06-03 20:00:00;2025-06-03 22:00:00;706;0,000000;;;7,954207;0,307322
2025-06-03 21:00:00;2025-06-03 23:00:00;706;0,000000;;;6,241536;0,227170
2025-06-03 22:00:00;2025-06-04 00:00:00;706;0,000000;;;5,107732;0,199490
2025-06-03 23:00:00;2025-06-04 01:00:00;706;0,000000;;;4,234052;0,199460
2025-06-04 00:00:00;2025-06-04 02:00:00;706;0,000000;;;2,456125;0,199630
2025-06-04 01:00:00;2025-06-04 03:00:00;706;0,000000;;;1,965941;0,199400
2025-06-04 02:00:00;2025-06-04 04:00:00;706;0,000000;;;1,935792;0,199390
2025-06-04 03:00:00;2025-06-04 05:00:00;706;0,280000;;;2,660635;0,229370
2025-06-04 04:00:00;2025-06-04 06:00:00;706;7,793000;;;4,272326;0,307846
2025-06-04 05:00:00;2025-06-04 07:00:00;706;15,384000;;;5,145459;0,309212
2025-06-04 06:00:00;2025-06-04 08:00:00;706;16,681000;;;5,987500;0,308417
2025-06-04 07:00:00;2025-06-04 09:00:00;706;27,412000;;;6,539323;0,299858
2025-06-04 08:00:00;2025-06-04 10:00:00;706;34,561000;;;6,179725;0,203695
2025-06-04 09:00:00;2025-06-04 11:00:00;706;26,836000;;;4,367424;0,198680
2025-06-04 10:00:00;2025-06-04 12:00:00;706;26,639000;;;3,728188;0,189570
2025-06-04 11:00:00;2025-06-04 13:00:00;706;21,355000;;;3,573437;0,000033
2025-06-04 12:00:00;2025-06-04 14:00:00;706;22,407000;;;5,736093;0,000000
2025-06-04 13:00:00;2025-06-04 15:00:00;706;35,332000;;;5,759132;0,000000
2025-06-04 14:00:00;2025-06-04 16:00:00;706;37,072000;;;5,038929;0,000000
2025-06-04 15:00:00;2025-06-04 17:00:00;706;35,006000;;;5,971398;0,000000
2025-06-04 16:00:00;2025-06-04 18:00:00;706;17,291000;;;5,302868;0,417950
2025-06-04 17:00:00;2025-06-04 19:00:00;706;9,977000;;;3,952103;0,552158
2025-06-04 18:00:00;2025-06-04 20:00:00;706;4,111000;;;2,672502;0,599611
2025-06-04 19:00:00;2025-06-04 21:00:00;706;0,339000;;;2,384198;0,591870
2025-06-04 20:00:00;2025-06-04 22:00:00;706;0,000000;;;2,393547;0,575800
2025-06-04 21:00:00;2025-06-04 23:00:00;706;0,000000;;;2,263828;0,539230
2025-06-04 22:00:00;2025-06-05 00:00:00;706;0,000000;;;1,950751;0,303340
2025-06-04 23:00:00;2025-06-05 01:00:00;706;0,000000;;;1,254710;0,252940
2025-06-05 00:00:00;2025-06-05 02:00:00;706;0,000000;;;1,020547;0,251780
2025-06-05 01:00:00;2025-06-05 03:00:00;706;0,000000;;;1,033390;0,247320
2025-06-05 02:00:00;2025-06-05 04:00:00;706;0,000000;;;1,328064;0,232260
2025-06-05 03:00:00;2025-06-05 05:00:00;706;0,369000;;;1,275120;0,226350
2025-06-05 04:00:00;2025-06-05 06:00:00;706;9,289000;;;2,067692;0,220820
2025-06-05 05:00:00;2025-06-05 07:00:00;706;20,324000;;;1,233931;0,274130
2025-06-05 06:00:00;2025-06-05 08:00:00;706;37,076000;;;2,090057;0,273930
2025-06-05 07:00:00;2025-06-05 09:00:00;706;29,933000;;;3,715571;0,272490
2025-06-05 08:00:00;2025-06-05 10:00:00;706;34,292000;;;1,266473;0,274090
2025-06-05 09:00:00;2025-06-05 11:00:00;706;67,929000;;;2,502695;0,273570
2025-06-05 10:00:00;2025-06-05 12:00:00;706;47,927000;;;2,809443;0,273820
2025-06-05 11:00:00;2025-06-05 13:00:00;706;40,329000;;;2,710742;0,009170
2025-06-05 12:00:00;2025-06-05 14:00:00;706;27,884000;;;1,767372;0,000000
2025-06-05 13:00:00;2025-06-05 15:00:00;706;26,854000;;;1,845043;0,000578
2025-06-05 14:00:00;2025-06-05 16:00:00;706;18,004000;;;4,674254;0,001364
2025-06-05 15:00:00;2025-06-05 17:00:00;706;15,501000;;;4,383861;0,000000
2025-06-05 16:00:00;2025-06-05 18:00:00;706;14,299000;;;3,113996;0,264210
2025-06-05 17:00:00;2025-06-05 19:00:00;706;8,909000;;;1,882432;0,535870
2025-06-05 18:00:00;2025-06-05 20:00:00;706;3,315000;;;0,659797;0,485630
2025-06-05 19:00:00;2025-06-05 21:00:00;706;0,115000;;;1,120352;0,484070
2025-06-05 20:00:00;2025-06-05 22:00:00;706;0,000000;;;2,069362;0,484320
2025-06-05 21:00:00;2025-06-05 23:00:00;706;0,000000;;;4,475986;0,441000
2025-06-05 22:00:00;2025-06-06 00:00:00;706;0,000000;;;3,857799;0,409710
2025-06-05 23:00:00;2025-06-06 01:00:00;706;0,000000;;;1,505151;0,409590
2025-06-06 00:00:00;2025-06-06 02:00:00;706;0,000000;;;2,052068;0,409750
2025-06-06 01:00:00;2025-06-06 03:00:00;706;0,000000;;;1,522008;0,409943
2025-06-06 02:00:00;2025-06-06 04:00:00;706;0,000000;;;1,393486;0,409851
2025-06-06 03:00:00;2025-06-06 05:00:00;706;0,296000;;;1,816591;0,409670
2025-06-06 04:00:00;2025-06-06 06:00:00;706;3,798000;;;2,772024;0,416300
2025-06-06 05:00:00;2025-06-06 07:00:00;706;5,297000;;;5,034370;0,563020
2025-06-06 06:00:00;2025-06-06 08:00:00;706;1,961000;;;6,807511;0,579485
2025-06-06 07:00:00;2025-06-06 09:00:00;706;4,002000;;;7,659159;0,580104
2025-06-06 08:00:00;2025-06-06 10:00:00;706;19,447000;;;8,328907;0,096981
2025-06-06 09:00:00;2025-06-06 11:00:00;706;37,070000;;;9,337198;0,000000
2025-06-06 10:00:00;2025-06-06 12:00:00;706;42,685000;;;11,673866;0,000000
2025-06-06 11:00:00;2025-06-06 13:00:00;706;50,245000;;;12,949845;0,000000
2025-06-06 12:00:00;2025-06-06 14:00:00;706;47,890000;;;13,810949;0,000000
2025-06-06 13:00:00;2025-06-06 15:00:00;706;35,618000;;;13,093410;0,000539
2025-06-06 14:00:00;2025-06-06 16:00:00;706;29,065000;;;11,357836;0,000000
2025-06-06 15:00:00;2025-06-06 17:00:00;706;25,776000;;;11,987228;0,000000
2025-06-06 16:00:00;2025-06-06 18:00:00;706;16,745000;;;10,488794;0,000000
2025-06-06 17:00:00;2025-06-06 19:00:00;706;9,527000;;;7,985261;0,000000
2025-06-06 18:00:00;2025-06-06 20:00:00;706;3,426000;;;8,043727;0,000000
2025-06-06 19:00:00;2025-06-06 21:00:00;706;0,284000;;;7,658179;0,460560
2025-06-06 20:00:00;2025-06-06 22:00:00;706;0,000000;;;5,320478;0,632090
2025-06-06 21:00:00;2025-06-06 23:00:00;706;0,000000;;;4,795744;0,601930
2025-06-06 22:00:00;2025-06-07 00:00:00;706;0,000000;;;5,045876;0,602040
2025-06-06 23:00:00;2025-06-07 01:00:00;706;0,000000;;;4,559716;0,602450
2025-06-07 00:00:00;2025-06-07 02:00:00;706;0,000000;;;4,504713;0,603700
2025-06-07 01:00:00;2025-06-07 03:00:00;706;0,000000;;;4,168248;0,604327
2025-06-07 02:00:00;2025-06-07 04:00:00;706;0,000000;;;4,074232;0,604325
2025-06-07 03:00:00;2025-06-07 05:00:00;706;0,354000;;;2,748564;0,603010
2025-06-07 04:00:00;2025-06-07 06:00:00;706;9,825000;;;1,962634;0,601490
2025-06-07 05:00:00;2025-06-07 07:00:00;706;19,646000;;;1,504903;0,600862
2025-06-07 06:00:00;2025-06-07 08:00:00;706;33,711000;;;1,152013;0,595352
2025-06-07 07:00:00;2025-06-07 09:00:00;706;43,372000;;;1,078949;0,455751
2025-06-07 08:00:00;2025-06-07 10:00:00;706;36,996000;;;1,069757;0,283920
2025-06-07 09:00:00;2025-06-07 11:00:00;706;51,693000;;;1,556551;0,211630
2025-06-07 10:00:00;2025-06-07 12:00:00;706;60,124000;;;1,957050;0,006880
2025-06-07 11:00:00;2025-06-07 13:00:00;706;60,682000;;;1,959052;0,000327
2025-06-07 12:00:00;2025-06-07 14:00:00;706;58,749000;;;1,553708;0,000000
2025-06-07 13:00:00;2025-06-07 15:00:00;706;43,017000;;;0,824264;0,000000
2025-06-07 14:00:00;2025-06-07 16:00:00;706;41,730000;;;0,740238;0,000000
2025-06-07 15:00:00;2025-06-07 17:00:00;706;16,867000;;;0,657725;0,125109
2025-06-07 16:00:00;2025-06-07 18:00:00;706;10,844000;;;0,588980;0,324850
2025-06-07 17:00:00;2025-06-07 19:00:00;706;5,312000;;;1,061106;0,519010
2025-06-07 18:00:00;2025-06-07 20:00:00;706;1,547000;;;0,623614;0,578150
2025-06-07 19:00:00;2025-06-07 21:00:00;706;0,069000;;;0,836078;0,588777
2025-06-07 20:00:00;2025-06-07 22:00:00;706;0,000000;;;0,388031;0,588900
2025-06-07 21:00:00;2025-06-07 23:00:00;706;0,000000;;;0,374092;0,583090
2025-06-07 22:00:00;2025-06-08 00:00:00;706;0,000000;;;0,395717;0,574580
2025-06-07 23:00:00;2025-06-08 01:00:00;706;0,000000;;;0,135853;0,509121
2025-06-08 00:00:00;2025-06-08 02:00:00;706;0,000000;;;0,000088;0,508930
2025-06-08 01:00:00;2025-06-08 03:00:00;706;0,000000;;;0,005166;0,508910
2025-06-08 02:00:00;2025-06-08 04:00:00;706;0,000000;;;0,000192;0,509148
2025-06-08 03:00:00;2025-06-08 05:00:00;706;0,259000;;;0,000115;0,509058
2025-06-08 04:00:00;2025-06-08 06:00:00;706;3,543000;;;0,000079;0,509140
2025-06-08 05:00:00;2025-06-08 07:00:00;706;15,263000;;;0,000000;0,434220
2025-06-08 06:00:00;2025-06-08 08:00:00;706;28,191000;;;0,000000;0,232515
2025-06-08 07:00:00;2025-06-08 09:00:00;706;41,188000;;;0,000302;0,093239
2025-06-08 08:00:00;2025-06-08 10:00:00;706;28,749000;;;0,000010;0,000000
2025-06-08 09:00:00;2025-06-08 11:00:00;706;23,325000;;;0,000087;0,000000
2025-06-08 10:00:00;2025-06-08 12:00:00;706;23,533000;;;0,001324;0,000234
2025-06-08 11:00:00;2025-06-08 13:00:00;706;31,630000;;;0,049889;0,000000
2025-06-08 12:00:00;2025-06-08 14:00:00;706;19,246000;;;0,009295;0,000000
2025-06-08 13:00:00;2025-06-08 15:00:00;706;17,956000;;;0,190397;0,000000
2025-06-08 14:00:00;2025-06-08 16:00:00;706;22,255000;;;0,053384;0,000212
2025-06-08 15:00:00;2025-06-08 17:00:00;706;33,517000;;;0,228697;0,247670
2025-06-08 16:00:00;2025-06-08 18:00:00;706;21,473000;;;1,456795;0,399950
2025-06-08 17:00:00;2025-06-08 19:00:00;706;13,777000;;;3,149669;0,424466
2025-06-08 18:00:00;2025-06-08 20:00:00;706;5,244000;;;5,685638;0,579829
2025-06-08 19:00:00;2025-06-08 21:00:00;706;0,417000;;;6,608814;0,585852
2025-06-08 20:00:00;2025-06-08 22:00:00;706;0,000000;;;6,770249;0,592557
2025-06-08 21:00:00;2025-06-08 23:00:00;706;0,000000;;;8,264075;0,591628
2025-06-08 22:00:00;2025-06-09 00:00:00;706;0,000000;;;8,394600;0,569970
2025-06-08 23:00:00;2025-06-09 01:00:00;706;0,000000;;;7,778239;0,548950
2025-06-09 00:00:00;2025-06-09 02:00:00;706;0,000000;;;8,390024;0,549100
2025-06-09 01:00:00;2025-06-09 03:00:00;706;0,000000;;;8,614208;0,549080
2025-06-09 02:00:00;2025-06-09 04:00:00;706;0,000000;;;7,693515;0,549080
2025-06-09 03:00:00;2025-06-09 05:00:00;706;0,353000;;;6,444771;0,549110
2025-06-09 04:00:00;2025-06-09 06:00:00;706;8,176000;;;7,086618;0,549040
2025-06-09 05:00:00;2025-06-09 07:00:00;706;20,193000;;;7,839886;0,464540
2025-06-09 06:00:00;2025-06-09 08:00:00;706;32,243000;;;8,982811;0,000000
2025-06-09 07:00:00;2025-06-09 09:00:00;706;44,680000;;;9,273722;0,000000
2025-06-09 08:00:00;2025-06-09 10:00:00;706;57,495000;;;10,609297;0,000577
2025-06-09 09:00:00;2025-06-09 11:00:00;706;60,002000;;;10,812542;0,000559
2025-06-09 10:00:00;2025-06-09 12:00:00;706;53,315000;;;9,766301;0,000000
2025-06-09 11:00:00;2025-06-09 13:00:00;706;55,863000;;;9,621762;0,000000
2025-06-09 12:00:00;2025-06-09 14:00:00;706;69,559000;;;9,586589;0,000000
2025-06-09 13:00:00;2025-06-09 15:00:00;706;64,225000;;;8,754162;0,000000
2025-06-09 14:00:00;2025-06-09 16:00:00;706;57,036000;;;7,115184;0,000000
2025-06-09 15:00:00;2025-06-09 17:00:00;706;44,770000;;;5,629103;0,208140
2025-06-09 16:00:00;2025-06-09 18:00:00;706;24,609000;;;6,603854;0,438480
2025-06-09 17:00:00;2025-06-09 19:00:00;706;13,519000;;;4,924280;0,584152
2025-06-09 18:00:00;2025-06-09 20:00:00;706;4,901000;;;2,901363;0,599595
2025-06-09 19:00:00;2025-06-09 21:00:00;706;0,313000;;;2,702983;0,587788
2025-06-09 20:00:00;2025-06-09 22:00:00;706;0,000000;;;1,347307;0,537497
2025-06-09 21:00:00;2025-06-09 23:00:00;706;0,000000;;;1,279417;0,499030
2025-06-09 22:00:00;2025-06-10 00:00:00;706;0,000000;;;1,287159;0,499360
2025-06-09 23:00:00;2025-06-10 01:00:00;706;0,000000;;;1,666331;0,499180
2025-06-10 00:00:00;2025-06-10 02:00:00;706;0,000000;;;1,604489;0,499100
2025-06-10 01:00:00;2025-06-10 03:00:00;706;0,000000;;;1,352645;0,499220
2025-06-10 02:00:00;2025-06-10 04:00:00;706;0,000000;;;0,942476;0,499240
2025-06-10 03:00:00;2025-06-10 05:00:00;706;0,313000;;;1,289928;0,517170
2025-06-10 04:00:00;2025-06-10 06:00:00;706;3,007000;;;1,848766;0,550120
2025-06-10 05:00:00;2025-06-10 07:00:00;706;3,895000;;;2,488237;0,577840
2025-06-10 06:00:00;2025-06-10 08:00:00;706;7,120000;;;2,399931;0,359248
2025-06-10 07:00:00;2025-06-10 09:00:00;706;7,248000;;;2,098882;0,293897
2025-06-10 08:00:00;2025-06-10 10:00:00;706;15,773000;;;4,897288;0,049860
2025-06-10 09:00:00;2025-06-10 11:00:00;706;30,164000;;;2,648458;0,000000
2025-06-10 10:00:00;2025-06-10 12:00:00;706;30,116000;;;1,899940;0,000000
2025-06-10 11:00:00;2025-06-10 13:00:00;706;18,970000;;;2,957119;0,000000
2025-06-10 12:00:00;2025-06-10 14:00:00;706;19,412000;;;4,330316;0,000000
2025-06-10 13:00:00;2025-06-10 15:00:00;706;12,400000;;;3,153674;0,000000
2025-06-10 14:00:00;2025-06-10 16:00:00;706;13,330000;;;2,169264;0,000000
2025-06-10 15:00:00;2025-06-10 17:00:00;706;15,763000;;;1,816223;0,152790
2025-06-10 16:00:00;2025-06-10 18:00:00;706;13,961000;;;0,733498;0,356090
2025-06-10 17:00:00;2025-06-10 19:00:00;706;10,028000;;;0,902552;0,499150
2025-06-10 18:00:00;2025-06-10 20:00:00;706;4,750000;;;3,393526;0,500132
2025-06-10 19:00:00;2025-06-10 21:00:00;706;0,320000;;;4,398641;0,500750
2025-06-10 20:00:00;2025-06-10 22:00:00;706;0,000000;;;4,146082;0,499713
2025-06-10 21:00:00;2025-06-10 23:00:00;706;0,000000;;;4,184081;0,498950
2025-06-10 22:00:00;2025-06-11 00:00:00;706;0,000000;;;4,855741;0,499130
2025-06-10 23:00:00;2025-06-11 01:00:00;706;0,000000;;;7,081923;0,499050
2025-06-11 00:00:00;2025-06-11 02:00:00;706;0,000000;;;5,382115;0,499270
2025-06-11 01:00:00;2025-06-11 03:00:00;706;0,000000;;;4,443361;0,499040
2025-06-11 02:00:00;2025-06-11 04:00:00;706;0,000000;;;5,381002;0,498960
2025-06-11 03:00:00;2025-06-11 05:00:00;706;0,357000;;;7,139120;0,525050
2025-06-11 04:00:00;2025-06-11 06:00:00;706;8,186000;;;7,500094;0,598660
2025-06-11 05:00:00;2025-06-11 07:00:00;706;20,802000;;;7,832473;0,598330
2025-06-11 06:00:00;2025-06-11 08:00:00;706;37,380000;;;8,769059;0,596956
2025-06-11 07:00:00;2025-06-11 09:00:00;706;52,183000;;;9,061054;0,596014
2025-06-11 08:00:00;2025-06-11 10:00:00;706;64,668000;;;9,670395;0,142730
2025-06-11 09:00:00;2025-06-11 11:00:00;706;71,971000;;;9,314233;0,000000
2025-06-11 10:00:00;2025-06-11 12:00:00;706;76,248000;;;9,779327;0,000000
2025-06-11 11:00:00;2025-06-11 13:00:00;706;77,245000;;;9,435500;0,000000
2025-06-11 12:00:00;2025-06-11 14:00:00;706;75,122000;;;9,528554;0,000000
2025-06-11 13:00:00;2025-06-11 15:00:00;706;69,115000;;;9,445844;0,000000
2025-06-11 14:00:00;2025-06-11 16:00:00;706;59,215000;;;7,963085;0,000000
2025-06-11 15:00:00;2025-06-11 17:00:00;706;44,519000;;;6,394764;0,042710
2025-06-11 16:00:00;2025-06-11 18:00:00;706;27,537000;;;5,292908;0,578070
2025-06-11 17:00:00;2025-06-11 19:00:00;706;13,639000;;;4,744658;0,589058
2025-06-11 18:00:00;2025-06-11 20:00:00;706;4,700000;;;2,914904;0,592668
2025-06-11 19:00:00;2025-06-11 21:00:00;706;0,462000;;;2,031415;0,593993
2025-06-11 20:00:00;2025-06-11 22:00:00;706;0,000000;;;2,061347;0,595720
2025-06-11 21:00:00;2025-06-11 23:00:00;706;0,000000;;;2,066349;0,597020
2025-06-11 22:00:00;2025-06-12 00:00:00;706;0,000000;;;2,360822;0,598150
2025-06-11 23:00:00;2025-06-12 01:00:00;706;0,000000;;;1,835714;0,597880
2025-06-12 00:00:00;2025-06-12 02:00:00;706;0,000000;;;1,129324;0,598160
2025-06-12 01:00:00;2025-06-12 03:00:00;706;0,000000;;;1,031541;0,598240
2025-06-12 02:00:00;2025-06-12 04:00:00;706;0,000000;;;0,517044;0,598280
2025-06-12 03:00:00;2025-06-12 05:00:00;706;0,402000;;;0,177343;0,598260
2025-06-12 04:00:00;2025-06-12 06:00:00;706;8,647000;;;0,026539;0,598100
2025-06-12 05:00:00;2025-06-12 07:00:00;706;22,783000;;;0,000000;0,597990
2025-06-12 06:00:00;2025-06-12 08:00:00;706;39,372000;;;0,000079;0,464783
2025-06-12 07:00:00;2025-06-12 09:00:00;706;55,163000;;;0,030566;0,002492
2025-06-12 08:00:00;2025-06-12 10:00:00;706;67,187000;;;0,187447;0,000000
2025-06-12 09:00:00;2025-06-12 11:00:00;706;74,836000;;;0,209067;0,000000
2025-06-12 10:00:00;2025-06-12 12:00:00;706;79,481000;;;0,389147;0,000000
2025-06-12 11:00:00;2025-06-12 13:00:00;706;80,152000;;;0,441105;0,000411
2025-06-12 12:00:00;2025-06-12 14:00:00;706;77,310000;;;0,328011;0,001565
2025-06-12 13:00:00;2025-06-12 15:00:00;706;68,453000;;;0,178980;0,000791
2025-06-12 14:00:00;2025-06-12 16:00:00;706;58,789000;;;0,163029;0,000000
2025-06-12 15:00:00;2025-06-12 17:00:00;706;44,650000;;;0,209699;0,095610
2025-06-12 16:00:00;2025-06-12 18:00:00;706;27,935000;;;0,382690;0,597950
2025-06-12 17:00:00;2025-06-12 19:00:00;706;14,084000;;;0,596202;0,598110
2025-06-12 18:00:00;2025-06-12 20:00:00;706;4,758000;;;0,777539;0,598320
2025-06-12 19:00:00;2025-06-12 21:00:00;706;0,433000;;;1,190068;0,598377
2025-06-12 20:00:00;2025-06-12 22:00:00;706;0,000000;;;1,635704;0,599548
2025-06-12 21:00:00;2025-06-12 23:00:00;706;0,000000;;;1,809871;0,520421
2025-06-12 22:00:00;2025-06-13 00:00:00;706;0,000000;;;1,561149;0,249190
2025-06-12 23:00:00;2025-06-13 01:00:00;706;0,000000;;;1,459080;0,249190
2025-06-13 00:00:00;2025-06-13 02:00:00;706;0,000000;;;0,920579;0,249350
2025-06-13 01:00:00;2025-06-13 03:00:00;706;0,000000;;;0,944902;0,249270
2025-06-13 02:00:00;2025-06-13 04:00:00;706;0,000000;;;0,968117;0,249010
2025-06-13 03:00:00;2025-06-13 05:00:00;706;0,395000;;;1,642153;0,262230
2025-06-13 04:00:00;2025-06-13 06:00:00;706;8,585000;;;1,460753;0,301206
2025-06-13 05:00:00;2025-06-13 07:00:00;706;23,350000;;;2,406577;0,308886
2025-06-13 06:00:00;2025-06-13 08:00:00;706;40,223000;;;3,209577;0,308187
2025-06-13 07:00:00;2025-06-13 09:00:00;706;56,130000;;;4,099188;0,303029
2025-06-13 08:00:00;2025-06-13 10:00:00;706;68,743000;;;4,788367;0,192560
2025-06-13 09:00:00;2025-06-13 11:00:00;706;76,831000;;;4,478829;0,000000
2025-06-13 10:00:00;2025-06-13 12:00:00;706;80,467000;;;4,863677;0,000000
2025-06-13 11:00:00;2025-06-13 13:00:00;706;81,819000;;;5,427940;0,000000
2025-06-13 12:00:00;2025-06-13 14:00:00;706;79,377000;;;6,178533;0,000467
2025-06-13 13:00:00;2025-06-13 15:00:00;706;70,293000;;;7,324040;0,000602
2025-06-13 14:00:00;2025-06-13 16:00:00;706;57,838000;;;7,632973;0,106930
2025-06-13 15:00:00;2025-06-13 17:00:00;706;43,203000;;;5,883213;0,300250
2025-06-13 16:00:00;2025-06-13 18:00:00;706;28,179000;;;4,874418;0,519800
2025-06-13 17:00:00;2025-06-13 19:00:00;706;14,718000;;;3,987035;0,598100
2025-06-13 18:00:00;2025-06-13 20:00:00;706;5,029000;;;3,225663;0,598600
2025-06-13 19:00:00;2025-06-13 21:00:00;706;0,484000;;;2,748050;0,598510
2025-06-13 20:00:00;2025-06-13 22:00:00;706;0,000000;;;2,278935;0,598290
2025-06-13 21:00:00;2025-06-13 23:00:00;706;0,000000;;;3,151733;0,598400
2025-06-13 22:00:00;2025-06-14 00:00:00;706;0,000000;;;2,950691;0,582120
2025-06-13 23:00:00;2025-06-14 01:00:00;706;0,000000;;;2,894874;0,499150
2025-06-14 00:00:00;2025-06-14 02:00:00;706;0,000000;;;3,573226;0,499340
2025-06-14 01:00:00;2025-06-14 03:00:00;706;0,000000;;;3,417726;0,499100
2025-06-14 02:00:00;2025-06-14 04:00:00;706;0,000000;;;3,758661;0,499352
2025-06-14 03:00:00;2025-06-14 05:00:00;706;0,409000;;;3,676208;0,499263
2025-06-14 04:00:00;2025-06-14 06:00:00;706;8,577000;;;2,639936;0,510540
2025-06-14 05:00:00;2025-06-14 07:00:00;706;22,304000;;;2,920109;0,598540
2025-06-14 06:00:00;2025-06-14 08:00:00;706;38,859000;;;4,274991;0,598390
2025-06-14 07:00:00;2025-06-14 09:00:00;706;55,126000;;;4,918265;0,598132
2025-06-14 08:00:00;2025-06-14 10:00:00;706;66,784000;;;5,136942;0,329290
2025-06-14 09:00:00;2025-06-14 11:00:00;706;72,997000;;;5,388934;0,297620
2025-06-14 10:00:00;2025-06-14 12:00:00;706;77,108000;;;5,436063;0,288510
2025-06-14 11:00:00;2025-06-14 13:00:00;706;79,552000;;;6,692457;0,199876
2025-06-14 12:00:00;2025-06-14 14:00:00;706;74,916000;;;8,587755;0,199360
2025-06-14 13:00:00;2025-06-14 15:00:00;706;68,056000;;;9,359344;0,199490
2025-06-14 14:00:00;2025-06-14 16:00:00;706;55,522000;;;8,520458;0,199650
2025-06-14 15:00:00;2025-06-14 17:00:00;706;38,491000;;;6,962801;0,199875
2025-06-14 16:00:00;2025-06-14 18:00:00;706;26,968000;;;6,917131;0,206830
2025-06-14 17:00:00;2025-06-14 19:00:00;706;12,804000;;;7,680118;0,298030
2025-06-14 18:00:00;2025-06-14 20:00:00;706;4,726000;;;6,093702;0,298970
2025-06-14 19:00:00;2025-06-14 21:00:00;706;0,289000;;;4,236497;0,299290
2025-06-14 20:00:00;2025-06-14 22:00:00;706;0,000000;;;3,467928;0,299100
2025-06-14 21:00:00;2025-06-14 23:00:00;706;0,000000;;;3,379733;0,299040
2025-06-14 22:00:00;2025-06-15 00:00:00;706;0,000000;;;2,486738;0,298810
2025-06-14 23:00:00;2025-06-15 01:00:00;706;0,000000;;;1,875762;0,299242
2025-06-15 00:00:00;2025-06-15 02:00:00;706;0,000000;;;1,521554;0,299121
2025-06-15 01:00:00;2025-06-15 03:00:00;706;0,000000;;;0,894021;0,298990
2025-06-15 02:00:00;2025-06-15 04:00:00;706;0,000000;;;0,987798;0,299060
2025-06-15 03:00:00;2025-06-15 05:00:00;706;0,448000;;;0,378662;0,299368
2025-06-15 04:00:00;2025-06-15 06:00:00;706;8,221000;;;0,155441;0,298837
2025-06-15 05:00:00;2025-06-15 07:00:00;706;13,382000;;;0,210206;0,298920
2025-06-15 06:00:00;2025-06-15 08:00:00;706;21,947000;;;0,165285;0,299020
2025-06-15 07:00:00;2025-06-15 09:00:00;706;37,828000;;;0,243169;0,220221
2025-06-15 08:00:00;2025-06-15 10:00:00;706;33,327000;;;0,307787;0,149740
2025-06-15 09:00:00;2025-06-15 11:00:00;706;40,367000;;;0,128819;0,149590
2025-06-15 10:00:00;2025-06-15 12:00:00;706;55,534000;;;0,053290;0,149540
2025-06-15 11:00:00;2025-06-15 13:00:00;706;59,011000;;;0,261327;0,149851
2025-06-15 12:00:00;2025-06-15 14:00:00;706;48,881000;;;0,179796;0,149560
2025-06-15 13:00:00;2025-06-15 15:00:00;706;51,252000;;;1,397436;0,149320
2025-06-15 14:00:00;2025-06-15 16:00:00;706;22,085000;;;2,646162;0,149570
2025-06-15 15:00:00;2025-06-15 17:00:00;706;8,857000;;;1,482964;0,150246
2025-06-15 16:00:00;2025-06-15 18:00:00;706;4,557000;;;0,350734;0,527640
2025-06-15 17:00:00;2025-06-15 19:00:00;706;3,551000;;;0,933804;0,598390
2025-06-15 18:00:00;2025-06-15 20:00:00;706;3,422000;;;0,618461;0,613520
2025-06-15 19:00:00;2025-06-15 21:00:00;706;0,486000;;;0,683305;0,612683
2025-06-15 20:00:00;2025-06-15 22:00:00;706;0,000000;;;0,825744;0,614960
2025-06-15 21:00:00;2025-06-15 23:00:00;706;0,000000;;;1,512116;0,564180
2025-06-15 22:00:00;2025-06-16 00:00:00;706;0,000000;;;2,803642;0,499364
2025-06-15 23:00:00;2025-06-16 01:00:00;706;0,000000;;;1,706727;0,499414
2025-06-16 00:00:00;2025-06-16 02:00:00;706;0,000000;;;1,979418;0,498950
2025-06-16 01:00:00;2025-06-16 03:00:00;706;0,000000;;;3,068963;0,499220
2025-06-16 02:00:00;2025-06-16 04:00:00;706;0,000000;;;3,914637;0,499372
2025-06-16 03:00:00;2025-06-16 05:00:00;706;0,385000;;;4,482645;0,499120
2025-06-16 04:00:00;2025-06-16 06:00:00;706;8,519000;;;4,633729;0,506460
2025-06-16 05:00:00;2025-06-16 07:00:00;706;16,593000;;;5,700130;0,598890
2025-06-16 06:00:00;2025-06-16 08:00:00;706;23,033000;;;7,246885;0,598792
2025-06-16 07:00:00;2025-06-16 09:00:00;706;49,632000;;;9,026005;0,598440
2025-06-16 08:00:00;2025-06-16 10:00:00;706;61,300000;;;9,112973;0,114797
2025-06-16 09:00:00;2025-06-16 11:00:00;706;69,290000;;;8,513408;0,000557
2025-06-16 10:00:00;2025-06-16 12:00:00;706;69,162000;;;9,143553;0,000305
2025-06-16 11:00:00;2025-06-16 13:00:00;706;68,832000;;;10,341556;0,000896
2025-06-16 12:00:00;2025-06-16 14:00:00;706;74,189000;;;10,089278;0,000457
2025-06-16 13:00:00;2025-06-16 15:00:00;706;69,354000;;;11,670065;0,000000
2025-06-16 14:00:00;2025-06-16 16:00:00;706;64,612000;;;12,123545;0,000000
2025-06-16 15:00:00;2025-06-16 17:00:00;706;50,437000;;;13,793125;0,000000
2025-06-16 16:00:00;2025-06-16 18:00:00;706;29,442000;;;11,772404;0,000000
2025-06-16 17:00:00;2025-06-16 19:00:00;706;16,808000;;;11,766243;0,082813
2025-06-16 18:00:00;2025-06-16 20:00:00;706;6,078000;;;10,483042;0,599877
2025-06-16 19:00:00;2025-06-16 21:00:00;706;0,583000;;;9,346234;0,598671
2025-06-16 20:00:00;2025-06-16 22:00:00;706;0,000000;;;7,254042;0,598470
2025-06-16 21:00:00;2025-06-16 23:00:00;706;0,000000;;;6,868259;0,598991
2025-06-16 22:00:00;2025-06-17 00:00:00;706;0,000000;;;7,085277;0,598730
2025-06-16 23:00:00;2025-06-17 01:00:00;706;0,000000;;;6,786868;0,598360
2025-06-17 00:00:00;2025-06-17 02:00:00;706;0,000000;;;6,235720;0,598350
2025-06-17 01:00:00;2025-06-17 03:00:00;706;0,000000;;;4,222931;0,598390
2025-06-17 02:00:00;2025-06-17 04:00:00;706;0,000000;;;2,710008;0,598390
2025-06-17 03:00:00;2025-06-17 05:00:00;706;0,458000;;;1,955729;0,598470
2025-06-17 04:00:00;2025-06-17 06:00:00;706;10,484000;;;1,672769;0,602241
2025-06-17 05:00:00;2025-06-17 07:00:00;706;23,632000;;;1,950574;0,618340
2025-06-17 06:00:00;2025-06-17 08:00:00;706;38,108000;;;2,600635;0,618070
2025-06-17 07:00:00;2025-06-17 09:00:00;706;55,344000;;;3,316006;0,610440
2025-06-17 08:00:00;2025-06-17 10:00:00;706;60,749000;;;4,841378;0,047490
2025-06-17 09:00:00;2025-06-17 11:00:00;706;73,757000;;;7,572399;0,000000
2025-06-17 10:00:00;2025-06-17 12:00:00;706;81,613000;;;8,877902;0,000000
2025-06-17 11:00:00;2025-06-17 13:00:00;706;62,152000;;;7,998628;0,000000
2025-06-17 12:00:00;2025-06-17 14:00:00;706;54,886000;;;8,190350;0,000000
2025-06-17 13:00:00;2025-06-17 15:00:00;706;54,816000;;;8,479954;0,242005
2025-06-17 14:00:00;2025-06-17 16:00:00;706;44,966000;;;9,344011;0,352160
2025-06-17 15:00:00;2025-06-17 17:00:00;706;34,730000;;;9,148114;0,498980
2025-06-17 16:00:00;2025-06-17 18:00:00;706;27,246000;;;7,990007;0,499170
2025-06-17 17:00:00;2025-06-17 19:00:00;706;15,893000;;;8,610066;0,499189
2025-06-17 18:00:00;2025-06-17 20:00:00;706;6,465000;;;6,235587;0,499224
2025-06-17 19:00:00;2025-06-17 21:00:00;706;0,604000;;;5,819442;0,546840
2025-06-17 20:00:00;2025-06-17 22:00:00;706;0,000000;;;6,119239;0,598320
2025-06-17 21:00:00;2025-06-17 23:00:00;706;0,000000;;;5,526674;0,598554
2025-06-17 22:00:00;2025-06-18 00:00:00;706;0,000000;;;5,609403;0,598455
2025-06-17 23:00:00;2025-06-18 01:00:00;706;0,000000;;;5,887295;0,598440
2025-06-18 00:00:00;2025-06-18 02:00:00;706;0,000000;;;4,850987;0,598130
2025-06-18 01:00:00;2025-06-18 03:00:00;706;0,000000;;;6,537664;0,598624
2025-06-18 02:00:00;2025-06-18 04:00:00;706;0,000000;;;7,004790;0,598363
2025-06-18 03:00:00;2025-06-18 05:00:00;706;0,440000;;;5,923191;0,598330
2025-06-18 04:00:00;2025-06-18 06:00:00;706;10,947000;;;6,617437;0,598484
2025-06-18 05:00:00;2025-06-18 07:00:00;706;25,824000;;;5,726969;0,598718
2025-06-18 06:00:00;2025-06-18 08:00:00;706;40,461000;;;5,581136;0,598360
2025-06-18 07:00:00;2025-06-18 09:00:00;706;58,755000;;;5,411324;0,598904
2025-06-18 08:00:00;2025-06-18 10:00:00;706;70,312000;;;5,000955;0,585720
2025-06-18 09:00:00;2025-06-18 11:00:00;706;71,781000;;;3,938684;0,300910
2025-06-18 10:00:00;2025-06-18 12:00:00;706;66,181000;;;3,886950;0,299930
2025-06-18 11:00:00;2025-06-18 13:00:00;706;63,092000;;;6,910136;0,300254
2025-06-18 12:00:00;2025-06-18 14:00:00;706;77,485000;;;9,448842;0,300183
2025-06-18 13:00:00;2025-06-18 15:00:00;706;78,493000;;;10,243547;0,300000
2025-06-18 14:00:00;2025-06-18 16:00:00;706;59,197000;;;10,733460;0,299860
2025-06-18 15:00:00;2025-06-18 17:00:00;706;46,828000;;;11,445795;0,490932
2025-06-18 16:00:00;2025-06-18 18:00:00;706;29,481000;;;11,345264;0,598490
2025-06-18 17:00:00;2025-06-18 19:00:00;706;16,970000;;;11,340512;0,598802
2025-06-18 18:00:00;2025-06-18 20:00:00;706;7,345000;;;9,714216;0,599421
2025-06-18 19:00:00;2025-06-18 21:00:00;706;0,570000;;;7,214929;0,599022
2025-06-18 20:00:00;2025-06-18 22:00:00;706;0,000000;;;6,377274;0,598310
2025-06-18 21:00:00;2025-06-18 23:00:00;706;0,000000;;;7,027853;0,598370
2025-06-18 22:00:00;2025-06-19 00:00:00;706;0,000000;;;7,922010;0,598330
2025-06-18 23:00:00;2025-06-19 01:00:00;706;0,000000;;;7,490034;0,598400
2025-06-19 00:00:00;2025-06-19 02:00:00;706;0,000000;;;7,950131;0,598250
2025-06-19 01:00:00;2025-06-19 03:00:00;706;0,000000;;;8,382511;0,598350
2025-06-19 02:00:00;2025-06-19 04:00:00;706;0,000000;;;8,085470;0,598590
2025-06-19 03:00:00;2025-06-19 05:00:00;706;0,434000;;;8,078572;0,598210
2025-06-19 04:00:00;2025-06-19 06:00:00;706;9,977000;;;8,684262;0,598280
2025-06-19 05:00:00;2025-06-19 07:00:00;706;24,472000;;;10,973468;0,598430
2025-06-19 06:00:00;2025-06-19 08:00:00;706;40,357000;;;12,999911;0,598706
2025-06-19 07:00:00;2025-06-19 09:00:00;706;55,369000;;;12,550468;0,599105
2025-06-19 08:00:00;2025-06-19 10:00:00;706;68,019000;;;11,572499;0,598937
2025-06-19 09:00:00;2025-06-19 11:00:00;706;76,262000;;;9,809335;0,199240
2025-06-19 10:00:00;2025-06-19 12:00:00;706;73,505000;;;9,886027;0,000000
2025-06-19 11:00:00;2025-06-19 13:00:00;706;79,126000;;;10,505681;0,000865
2025-06-19 12:00:00;2025-06-19 14:00:00;706;74,011000;;;10,142538;0,001430
2025-06-19 13:00:00;2025-06-19 15:00:00;706;68,219000;;;10,424004;0,001100
2025-06-19 14:00:00;2025-06-19 16:00:00;706;53,476000;;;9,644588;0,001146
2025-06-19 15:00:00;2025-06-19 17:00:00;706;49,589000;;;9,065481;0,000000
2025-06-19 16:00:00;2025-06-19 18:00:00;706;28,803000;;;8,007922;0,015550
2025-06-19 17:00:00;2025-06-19 19:00:00;706;15,439000;;;7,423179;0,579810
2025-06-19 18:00:00;2025-06-19 20:00:00;706;6,110000;;;7,476485;0,613310
2025-06-19 19:00:00;2025-06-19 21:00:00;706;0,599000;;;6,003038;0,613420
2025-06-19 20:00:00;2025-06-19 22:00:00;706;0,000000;;;5,314776;0,613910
2025-06-19 21:00:00;2025-06-19 23:00:00;706;0,000000;;;4,454374;0,613192
2025-06-19 22:00:00;2025-06-20 00:00:00;706;0,000000;;;4,754964;0,613440
2025-06-19 23:00:00;2025-06-20 01:00:00;706;0,000000;;;5,234634;0,613470
2025-06-20 00:00:00;2025-06-20 02:00:00;706;0,000000;;;3,522495;0,613180
2025-06-20 01:00:00;2025-06-20 03:00:00;706;0,000000;;;2,741804;0,613330
2025-06-20 02:00:00;2025-06-20 04:00:00;706;0,000000;;;3,078506;0,613370
2025-06-20 03:00:00;2025-06-20 05:00:00;706;0,407000;;;3,353044;0,613120
2025-06-20 04:00:00;2025-06-20 06:00:00;706;9,191000;;;2,745668;0,613390
2025-06-20 05:00:00;2025-06-20 07:00:00;706;25,696000;;;2,086978;0,622220
2025-06-20 06:00:00;2025-06-20 08:00:00;706;43,356000;;;1,408341;0,623290
2025-06-20 07:00:00;2025-06-20 09:00:00;706;61,515000;;;1,690577;0,622719
2025-06-20 08:00:00;2025-06-20 10:00:00;706;76,217000;;;1,401627;0,216700
2025-06-20 09:00:00;2025-06-20 11:00:00;706;84,941000;;;1,233221;0,000000
2025-06-20 10:00:00;2025-06-20 12:00:00;706;88,858000;;;1,369709;0,000527
2025-06-20 11:00:00;2025-06-20 13:00:00;706;90,184000;;;1,959502;0,000000
2025-06-20 12:00:00;2025-06-20 14:00:00;706;87,245000;;;2,221503;0,000000
2025-06-20 13:00:00;2025-06-20 15:00:00;706;78,406000;;;1,537978;0,000000
2025-06-20 14:00:00;2025-06-20 16:00:00;706;65,221000;;;1,745305;0,000319
2025-06-20 15:00:00;2025-06-20 17:00:00;706;48,062000;;;1,318386;0,000000
2025-06-20 16:00:00;2025-06-20 18:00:00;706;30,968000;;;1,228978;0,271080
2025-06-20 17:00:00;2025-06-20 19:00:00;706;15,772000;;;0,899747;0,599600
2025-06-20 18:00:00;2025-06-20 20:00:00;706;5,508000;;;0,684778;0,606797
2025-06-20 19:00:00;2025-06-20 21:00:00;706;0,561000;;;0,493055;0,616118
2025-06-20 20:00:00;2025-06-20 22:00:00;706;0,000000;;;0,588426;0,618080
2025-06-20 21:00:00;2025-06-20 23:00:00;706;0,000000;;;0,902687;0,618070
2025-06-20 22:00:00;2025-06-21 00:00:00;706;0,000000;;;1,796092;0,618190
2025-06-20 23:00:00;2025-06-21 01:00:00;706;0,000000;;;2,293560;0,618260
2025-06-21 00:00:00;2025-06-21 02:00:00;706;0,000000;;;2,503532;0,618050
2025-06-21 01:00:00;2025-06-21 03:00:00;706;0,000000;;;2,085961;0,618206
2025-06-21 02:00:00;2025-06-21 04:00:00;706;0,000000;;;2,251499;0,618215
2025-06-21 03:00:00;2025-06-21 05:00:00;706;0,449000;;;1,724371;0,573410
2025-06-21 04:00:00;2025-06-21 06:00:00;706;9,053000;;;2,219674;0,308930
2025-06-21 05:00:00;2025-06-21 07:00:00;706;23,813000;;;1,913370;0,308780
2025-06-21 06:00:00;2025-06-21 08:00:00;706;42,244000;;;2,140684;0,309027
2025-06-21 07:00:00;2025-06-21 09:00:00;706;54,772000;;;2,815591;0,318560
2025-06-21 08:00:00;2025-06-21 10:00:00;706;68,950000;;;2,297678;0,519183
2025-06-21 09:00:00;2025-06-21 11:00:00;706;79,184000;;;2,725849;0,339014
2025-06-21 10:00:00;2025-06-21 12:00:00;706;84,745000;;;4,545923;0,300671
2025-06-21 11:00:00;2025-06-21 13:00:00;706;85,947000;;;4,414953;0,299830
2025-06-21 12:00:00;2025-06-21 14:00:00;706;81,315000;;;5,288528;0,300210
2025-06-21 13:00:00;2025-06-21 15:00:00;706;72,477000;;;6,333265;0,300090
2025-06-21 14:00:00;2025-06-21 16:00:00;706;59,937000;;;5,630019;0,300120
2025-06-21 15:00:00;2025-06-21 17:00:00;706;46,816000;;;6,030596;0,309340
2025-06-21 16:00:00;2025-06-21 18:00:00;706;29,657000;;;5,196453;0,499290
2025-06-21 17:00:00;2025-06-21 19:00:00;706;14,871000;;;3,371387;0,499090
2025-06-21 18:00:00;2025-06-21 20:00:00;706;5,567000;;;2,607593;0,498950
2025-06-21 19:00:00;2025-06-21 21:00:00;706;0,542000;;;2,524884;0,499090
2025-06-21 20:00:00;2025-06-21 22:00:00;706;0,000000;;;3,114285;0,498990
2025-06-21 21:00:00;2025-06-21 23:00:00;706;0,000000;;;2,694054;0,499270
2025-06-21 22:00:00;2025-06-22 00:00:00;706;0,000000;;;2,151313;0,498970
2025-06-21 23:00:00;2025-06-22 01:00:00;706;0,000000;;;1,149149;0,498960
2025-06-22 00:00:00;2025-06-22 02:00:00;706;0,000000;;;0,729917;0,533240
2025-06-22 01:00:00;2025-06-22 03:00:00;706;0,000000;;;0,384618;0,549153
2025-06-22 02:00:00;2025-06-22 04:00:00;706;0,000000;;;0,049683;0,548620
2025-06-22 03:00:00;2025-06-22 05:00:00;706;0,443000;;;0,149597;0,358490
2025-06-22 04:00:00;2025-06-22 06:00:00;706;8,311000;;;0,237815;0,274140
2025-06-22 05:00:00;2025-06-22 07:00:00;706;21,420000;;;0,194772;0,274554
2025-06-22 06:00:00;2025-06-22 08:00:00;706;42,728000;;;0,466395;0,289472
2025-06-22 07:00:00;2025-06-22 09:00:00;706;60,655000;;;1,333887;0,298830
2025-06-22 08:00:00;2025-06-22 10:00:00;706;73,678000;;;1,773875;0,204220
2025-06-22 09:00:00;2025-06-22 11:00:00;706;78,765000;;;2,451756;0,000000
2025-06-22 10:00:00;2025-06-22 12:00:00;706;73,767000;;;2,832072;0,000393
2025-06-22 11:00:00;2025-06-22 13:00:00;706;71,517000;;;2,468478;0,001279
2025-06-22 12:00:00;2025-06-22 14:00:00;706;50,059000;;;1,778589;0,000800
2025-06-22 13:00:00;2025-06-22 15:00:00;706;23,097000;;;1,762390;0,000000
2025-06-22 14:00:00;2025-06-22 16:00:00;706;10,042000;;;2,918855;0,000000
2025-06-22 15:00:00;2025-06-22 17:00:00;706;10,349000;;;7,289199;0,000000
2025-06-22 16:00:00;2025-06-22 18:00:00;706;14,824000;;;8,030614;0,001140
2025-06-22 17:00:00;2025-06-22 19:00:00;706;9,832000;;;7,605392;0,525700
2025-06-22 18:00:00;2025-06-22 20:00:00;706;3,300000;;;5,501223;0,594730
2025-06-22 19:00:00;2025-06-22 21:00:00;706;0,206000;;;1,595985;0,593690
2025-06-22 20:00:00;2025-06-22 22:00:00;706;0,000000;;;1,461337;0,597600
2025-06-22 21:00:00;2025-06-22 23:00:00;706;0,000000;;;1,092380;0,509140
2025-06-22 22:00:00;2025-06-23 00:00:00;706;0,000000;;;2,070569;0,498980
2025-06-22 23:00:00;2025-06-23 01:00:00;706;0,000000;;;2,628188;0,499200
2025-06-23 00:00:00;2025-06-23 02:00:00;706;0,000000;;;2,244402;0,498920
2025-06-23 01:00:00;2025-06-23 03:00:00;706;0,000000;;;0,707925;0,499200
2025-06-23 02:00:00;2025-06-23 04:00:00;706;0,000000;;;1,523902;0,499060
2025-06-23 03:00:00;2025-06-23 05:00:00;706;0,338000;;;1,665386;0,499428
2025-06-23 04:00:00;2025-06-23 06:00:00;706;8,324000;;;1,884881;0,562199
2025-06-23 05:00:00;2025-06-23 07:00:00;706;15,310000;;;2,896503;0,597967
2025-06-23 06:00:00;2025-06-23 08:00:00;706;10,571000;;;3,757972;0,595940
2025-06-23 07:00:00;2025-06-23 09:00:00;706;19,641000;;;3,539933;0,593800
2025-06-23 08:00:00;2025-06-23 10:00:00;706;41,234000;;;4,514022;0,424110
2025-06-23 09:00:00;2025-06-23 11:00:00;706;49,992000;;;6,158731;0,298980
2025-06-23 10:00:00;2025-06-23 12:00:00;706;18,359000;;;5,527618;0,298940
2025-06-23 11:00:00;2025-06-23 13:00:00;706;24,291000;;;2,867841;0,261810
2025-06-23 12:00:00;2025-06-23 14:00:00;706;50,053000;;;7,166613;0,150400
2025-06-23 13:00:00;2025-06-23 15:00:00;706;40,444000;;;7,483043;0,149330
2025-06-23 14:00:00;2025-06-23 16:00:00;706;43,983000;;;8,974281;0,149630
2025-06-23 15:00:00;2025-06-23 17:00:00;706;37,815000;;;10,482650;0,149550
2025-06-23 16:00:00;2025-06-23 18:00:00;706;24,883000;;;10,430219;0,149630
2025-06-23 17:00:00;2025-06-23 19:00:00;706;15,934000;;;12,690592;0,245214
2025-06-23 18:00:00;2025-06-23 20:00:00;706;6,423000;;;10,950474;0,300379
2025-06-23 19:00:00;2025-06-23 21:00:00;706;0,619000;;;10,283915;0,299367
2025-06-23 20:00:00;2025-06-23 22:00:00;706;0,000000;;;10,402952;0,299150
2025-06-23 21:00:00;2025-06-23 23:00:00;706;0,000000;;;8,511608;0,298880
2025-06-23 22:00:00;2025-06-24 00:00:00;706;0,000000;;;9,967713;0,299070
2025-06-23 23:00:00;2025-06-24 01:00:00;706;0,000000;;;10,921192;0,298820
2025-06-24 00:00:00;2025-06-24 02:00:00;706;0,000000;;;11,702337;0,298990
2025-06-24 01:00:00;2025-06-24 03:00:00;706;0,000000;;;9,697865;0,298910
2025-06-24 02:00:00;2025-06-24 04:00:00;706;0,000000;;;10,297794;0,299210
2025-06-24 03:00:00;2025-06-24 05:00:00;706;0,353000;;;8,111564;0,298750
2025-06-24 04:00:00;2025-06-24 06:00:00;706;9,254000;;;8,527393;0,299599
2025-06-24 05:00:00;2025-06-24 07:00:00;706;13,693000;;;8,379772;0,298859
2025-06-24 06:00:00;2025-06-24 08:00:00;706;24,230000;;;7,269217;0,299140
2025-06-24 07:00:00;2025-06-24 09:00:00;706;29,335000;;;9,940568;0,265830
2025-06-24 08:00:00;2025-06-24 10:00:00;706;34,183000;;;9,811198;0,000000
2025-06-24 09:00:00;2025-06-24 11:00:00;706;22,431000;;;9,983744;0,000000
2025-06-24 10:00:00;2025-06-24 12:00:00;706;32,732000;;;7,492543;0,000000
2025-06-24 11:00:00;2025-06-24 13:00:00;706;33,196000;;;8,310094;0,000542
2025-06-24 12:00:00;2025-06-24 14:00:00;706;33,932000;;;9,890032;0,000000
2025-06-24 13:00:00;2025-06-24 15:00:00;706;51,457000;;;10,818070;0,000000
2025-06-24 14:00:00;2025-06-24 16:00:00;706;42,352000;;;10,311799;0,000000
2025-06-24 15:00:00;2025-06-24 17:00:00;706;20,266000;;;8,670822;0,001000
2025-06-24 16:00:00;2025-06-24 18:00:00;706;9,293000;;;6,481672;0,284320
2025-06-24 17:00:00;2025-06-24 19:00:00;706;4,643000;;;4,776019;0,304230
2025-06-24 18:00:00;2025-06-24 20:00:00;706;2,087000;;;2,672831;0,305792
2025-06-24 19:00:00;2025-06-24 21:00:00;706;0,214000;;;1,955291;0,307422
2025-06-24 20:00:00;2025-06-24 22:00:00;706;0,000000;;;1,892630;0,308106
2025-06-24 21:00:00;2025-06-24 23:00:00;706;0,000000;;;2,084694;0,307933
2025-06-24 22:00:00;2025-06-25 00:00:00;706;0,000000;;;1,395723;0,307645
2025-06-24 23:00:00;2025-06-25 01:00:00;706;0,000000;;;1,940366;0,307180
2025-06-25 00:00:00;2025-06-25 02:00:00;706;0,000000;;;3,436249;0,305760
2025-06-25 01:00:00;2025-06-25 03:00:00;706;0,000000;;;3,462710;0,306760
2025-06-25 02:00:00;2025-06-25 04:00:00;706;0,000000;;;2,234763;0,307450
2025-06-25 03:00:00;2025-06-25 05:00:00;706;0,306000;;;2,808184;0,308370
2025-06-25 04:00:00;2025-06-25 06:00:00;706;4,582000;;;4,200811;0,308006
2025-06-25 05:00:00;2025-06-25 07:00:00;706;17,922000;;;6,997111;0,306521
2025-06-25 06:00:00;2025-06-25 08:00:00;706;23,035000;;;7,677457;0,305930
2025-06-25 07:00:00;2025-06-25 09:00:00;706;30,969000;;;8,912783;0,130414
2025-06-25 08:00:00;2025-06-25 10:00:00;706;41,721000;;;10,206358;0,000924
2025-06-25 09:00:00;2025-06-25 11:00:00;706;48,069000;;;11,133680;0,000000
2025-06-25 10:00:00;2025-06-25 12:00:00;706;61,382000;;;12,221221;0,000604
2025-06-25 11:00:00;2025-06-25 13:00:00;706;72,050000;;;11,944106;0,000208
2025-06-25 12:00:00;2025-06-25 14:00:00;706;80,819000;;;9,413182;0,000000
2025-06-25 13:00:00;2025-06-25 15:00:00;706;77,764000;;;6,918447;0,000000
2025-06-25 14:00:00;2025-06-25 16:00:00;706;66,768000;;;5,597873;0,000000
2025-06-25 15:00:00;2025-06-25 17:00:00;706;49,810000;;;5,080259;0,251220
2025-06-25 16:00:00;2025-06-25 18:00:00;706;32,440000;;;4,162968;0,510750
2025-06-25 17:00:00;2025-06-25 19:00:00;706;16,598000;;;4,535750;0,623966
2025-06-25 18:00:00;2025-06-25 20:00:00;706;5,619000;;;2,448960;0,624707
2025-06-25 19:00:00;2025-06-25 21:00:00;706;0,535000;;;1,049770;0,623681
2025-06-25 20:00:00;2025-06-25 22:00:00;706;0,000000;;;0,860768;0,623210
2025-06-25 21:00:00;2025-06-25 23:00:00;706;0,000000;;;0,624960;0,614340
2025-06-25 22:00:00;2025-06-26 00:00:00;706;0,000000;;;0,969136;0,598510
2025-06-25 23:00:00;2025-06-26 01:00:00;706;0,000000;;;0,973633;0,598200
2025-06-26 00:00:00;2025-06-26 02:00:00;706;0,000000;;;0,768255;0,598460
2025-06-26 01:00:00;2025-06-26 03:00:00;706;0,000000;;;0,214912;0,598570
2025-06-26 02:00:00;2025-06-26 04:00:00;706;0,000000;;;0,300936;0,598420
2025-06-26 03:00:00;2025-06-26 05:00:00;706;0,365000;;;0,121137;0,598350
2025-06-26 04:00:00;2025-06-26 06:00:00;706;11,024000;;;0,008858;0,604470
2025-06-26 05:00:00;2025-06-26 07:00:00;706;25,428000;;;0,032295;0,633110
2025-06-26 06:00:00;2025-06-26 08:00:00;706;33,789000;;;0,227125;0,633390
2025-06-26 07:00:00;2025-06-26 09:00:00;706;49,501000;;;0,694304;0,630410
2025-06-26 08:00:00;2025-06-26 10:00:00;706;64,102000;;;0,324695;0,616750
2025-06-26 09:00:00;2025-06-26 11:00:00;706;77,434000;;;0,481620;0,607390
2025-06-26 10:00:00;2025-06-26 12:00:00;706;88,620000;;;0,409818;0,600230
2025-06-26 11:00:00;2025-06-26 13:00:00;706;77,069000;;;0,800612;0,447490
2025-06-26 12:00:00;2025-06-26 14:00:00;706;48,257000;;;0,572845;0,300080
2025-06-26 13:00:00;2025-06-26 15:00:00;706;35,869000;;;0,256291;0,300950
2025-06-26 14:00:00;2025-06-26 16:00:00;706;17,591000;;;0,274725;0,301571
2025-06-26 15:00:00;2025-06-26 17:00:00;706;9,520000;;;0,164378;0,300130
2025-06-26 16:00:00;2025-06-26 18:00:00;706;4,365000;;;0,023341;0,349930
2025-06-26 17:00:00;2025-06-26 19:00:00;706;3,134000;;;0,000590;0,599110
2025-06-26 18:00:00;2025-06-26 20:00:00;706;0,866000;;;0,000000;0,599472
2025-06-26 19:00:00;2025-06-26 21:00:00;706;0,029000;;;0,000079;0,599571
2025-06-26 20:00:00;2025-06-26 22:00:00;706;0,000000;;;0,000000;0,584084
2025-06-26 21:00:00;2025-06-26 23:00:00;706;0,000000;;;0,000000;0,214860
2025-06-26 22:00:00;2025-06-27 00:00:00;706;0,000000;;;0,045694;0,199610
2025-06-26 23:00:00;2025-06-27 01:00:00;706;0,000000;;;0,625074;0,199580
2025-06-27 00:00:00;2025-06-27 02:00:00;706;0,000000;;;2,139421;0,199590
2025-06-27 01:00:00;2025-06-27 03:00:00;706;0,000000;;;3,023876;0,199770
2025-06-27 02:00:00;2025-06-27 04:00:00;706;0,000000;;;3,954882;0,199560
2025-06-27 03:00:00;2025-06-27 05:00:00;706;0,304000;;;4,997265;0,199740
2025-06-27 04:00:00;2025-06-27 06:00:00;706;4,832000;;;6,813901;0,290300
2025-06-27 05:00:00;2025-06-27 07:00:00;706;9,660000;;;6,453904;0,298880
2025-06-27 06:00:00;2025-06-27 08:00:00;706;25,801000;;;6,565902;0,299110
2025-06-27 07:00:00;2025-06-27 09:00:00;706;43,707000;;;7,778194;0,298490
2025-06-27 08:00:00;2025-06-27 10:00:00;706;45,462000;;;9,217809;0,220760
2025-06-27 09:00:00;2025-06-27 11:00:00;706;74,751000;;;10,343815;0,000000
2025-06-27 10:00:00;2025-06-27 12:00:00;706;87,042000;;;12,155737;0,000537
2025-06-27 11:00:00;2025-06-27 13:00:00;706;83,602000;;;12,617131;0,000000
2025-06-27 12:00:00;2025-06-27 14:00:00;706;70,675000;;;11,536858;0,000000
2025-06-27 13:00:00;2025-06-27 15:00:00;706;59,385000;;;12,012722;0,000000
2025-06-27 14:00:00;2025-06-27 16:00:00;706;55,207000;;;12,498304;0,000000
2025-06-27 15:00:00;2025-06-27 17:00:00;706;47,669000;;;12,180063;0,045040
2025-06-27 16:00:00;2025-06-27 18:00:00;706;30,162000;;;10,659346;0,315430
2025-06-27 17:00:00;2025-06-27 19:00:00;706;14,299000;;;9,297504;0,590012
2025-06-27 18:00:00;2025-06-27 20:00:00;706;6,564000;;;7,087118;0,598240
2025-06-27 19:00:00;2025-06-27 21:00:00;706;0,662000;;;5,456894;0,598490
2025-06-27 20:00:00;2025-06-27 22:00:00;706;0,000000;;;3,424541;0,598320
2025-06-27 21:00:00;2025-06-27 23:00:00;706;0,000000;;;2,464567;0,589399
2025-06-27 22:00:00;2025-06-28 00:00:00;706;0,000000;;;3,515891;0,499060
2025-06-27 23:00:00;2025-06-28 01:00:00;706;0,000000;;;4,044333;0,498970
2025-06-28 00:00:00;2025-06-28 02:00:00;706;0,000000;;;2,533653;0,499230
2025-06-28 01:00:00;2025-06-28 03:00:00;706;0,000000;;;1,397342;0,499395
2025-06-28 02:00:00;2025-06-28 04:00:00;706;0,000000;;;1,588321;0,499210
2025-06-28 03:00:00;2025-06-28 05:00:00;706;0,286000;;;2,952632;0,499130
2025-06-28 04:00:00;2025-06-28 06:00:00;706;1,804000;;;3,242924;0,417340
2025-06-28 05:00:00;2025-06-28 07:00:00;706;9,716000;;;5,092555;0,249584
2025-06-28 06:00:00;2025-06-28 08:00:00;706;27,978000;;;6,170329;0,249410
2025-06-28 07:00:00;2025-06-28 09:00:00;706;51,738000;;;5,146297;0,141330
2025-06-28 08:00:00;2025-06-28 10:00:00;706;62,002000;;;6,328115;0,000096
2025-06-28 09:00:00;2025-06-28 11:00:00;706;45,662000;;;6,209630;0,000815
2025-06-28 10:00:00;2025-06-28 12:00:00;706;32,546000;;;7,104057;0,000000
2025-06-28 11:00:00;2025-06-28 13:00:00;706;37,697000;;;8,354442;0,000000
2025-06-28 12:00:00;2025-06-28 14:00:00;706;38,739000;;;7,917467;0,000000
2025-06-28 13:00:00;2025-06-28 15:00:00;706;40,512000;;;7,439004;0,000000
2025-06-28 14:00:00;2025-06-28 16:00:00;706;42,998000;;;8,415522;0,000276
2025-06-28 15:00:00;2025-06-28 17:00:00;706;29,319000;;;8,855953;0,046550
2025-06-28 16:00:00;2025-06-28 18:00:00;706;12,128000;;;7,381488;0,295990
2025-06-28 17:00:00;2025-06-28 19:00:00;706;5,937000;;;7,941149;0,298890
2025-06-28 18:00:00;2025-06-28 20:00:00;706;2,404000;;;6,599810;0,299168
2025-06-28 19:00:00;2025-06-28 21:00:00;706;0,242000;;;7,345710;0,299170
2025-06-28 20:00:00;2025-06-28 22:00:00;706;0,000000;;;7,671636;0,299140
2025-06-28 21:00:00;2025-06-28 23:00:00;706;0,000000;;;6,451414;0,298990
2025-06-28 22:00:00;2025-06-29 00:00:00;706;0,000000;;;5,831695;0,299349
2025-06-28 23:00:00;2025-06-29 01:00:00;706;0,000000;;;7,119899;0,298990
2025-06-29 00:00:00;2025-06-29 02:00:00;706;0,000000;;;5,365019;0,299290
2025-06-29 01:00:00;2025-06-29 03:00:00;706;0,000000;;;4,874608;0,298880
2025-06-29 02:00:00;2025-06-29 04:00:00;706;0,000000;;;3,551455;0,299356
2025-06-29 03:00:00;2025-06-29 05:00:00;706;0,332000;;;3,410658;0,299090
2025-06-29 04:00:00;2025-06-29 06:00:00;706;9,214000;;;4,547976;0,299040
2025-06-29 05:00:00;2025-06-29 07:00:00;706;25,067000;;;5,330898;0,299105
2025-06-29 06:00:00;2025-06-29 08:00:00;706;44,710000;;;4,677272;0,299385
2025-06-29 07:00:00;2025-06-29 09:00:00;706;59,885000;;;5,874975;0,158760
2025-06-29 08:00:00;2025-06-29 10:00:00;706;70,709000;;;8,634323;0,149690
2025-06-29 09:00:00;2025-06-29 11:00:00;706;78,874000;;;10,563722;0,150797
2025-06-29 10:00:00;2025-06-29 12:00:00;706;79,206000;;;11,531090;0,150258
2025-06-29 11:00:00;2025-06-29 13:00:00;706;89,177000;;;12,080743;0,149640
2025-06-29 12:00:00;2025-06-29 14:00:00;706;85,797000;;;12,583028;0,149200
2025-06-29 13:00:00;2025-06-29 15:00:00;706;81,912000;;;13,382196;0,149280
2025-06-29 14:00:00;2025-06-29 16:00:00;706;71,671000;;;13,062843;0,149230
2025-06-29 15:00:00;2025-06-29 17:00:00;706;54,982000;;;12,441853;0,149680
2025-06-29 16:00:00;2025-06-29 18:00:00;706;33,482000;;;12,524328;0,149660
2025-06-29 17:00:00;2025-06-29 19:00:00;706;17,316000;;;12,888832;0,185610
2025-06-29 18:00:00;2025-06-29 20:00:00;706;6,053000;;;12,644350;0,299100
2025-06-29 19:00:00;2025-06-29 21:00:00;706;0,518000;;;11,741587;0,299200
2025-06-29 20:00:00;2025-06-29 22:00:00;706;0,000000;;;11,200396;0,299110
2025-06-29 21:00:00;2025-06-29 23:00:00;706;0,000000;;;10,250851;0,299308
2025-06-29 22:00:00;2025-06-30 00:00:00;706;0,000000;;;9,907534;0,299070
2025-06-29 23:00:00;2025-06-30 01:00:00;706;0,000000;;;10,086587;0,298920
2025-06-30 00:00:00;2025-06-30 02:00:00;706;0,000000;;;9,232314;0,299110
2025-06-30 01:00:00;2025-06-30 03:00:00;706;0,000000;;;7,676597;0,299209
2025-06-30 02:00:00;2025-06-30 04:00:00;706;0,000000;;;6,309863;0,299070
2025-06-30 03:00:00;2025-06-30 05:00:00;706;0,324000;;;3,657517;0,299290
2025-06-30 04:00:00;2025-06-30 06:00:00;706;6,841000;;;2,499338;0,299485
2025-06-30 05:00:00;2025-06-30 07:00:00;706;26,038000;;;3,866031;0,298870
2025-06-30 06:00:00;2025-06-30 08:00:00;706;43,851000;;;4,324760;0,299130
2025-06-30 07:00:00;2025-06-30 09:00:00;706;52,923000;;;2,858176;0,299120
2025-06-30 08:00:00;2025-06-30 10:00:00;706;76,273000;;;1,860408;0,204834
2025-06-30 09:00:00;2025-06-30 11:00:00;706;83,819000;;;0,951830;0,123380
2025-06-30 10:00:00;2025-06-30 12:00:00;706;87,619000;;;0,937622;0,000000
2025-06-30 11:00:00;2025-06-30 13:00:00;706;86,819000;;;0,740883;0,000000
2025-06-30 12:00:00;2025-06-30 14:00:00;706;82,759000;;;0,639867;0,000330
2025-06-30 13:00:00;2025-06-30 15:00:00;706;75,983000;;;0,784772;0,000000
2025-06-30 14:00:00;2025-06-30 16:00:00;706;64,340000;;;0,760883;0,000000
2025-06-30 15:00:00;2025-06-30 17:00:00;706;48,141000;;;0,956477;0,465150
2025-06-30 16:00:00;2025-06-30 18:00:00;706;31,474000;;;0,656313;0,572170
2025-06-30 17:00:00;2025-06-30 19:00:00;706;15,299000;;;0,237816;0,627585
2025-06-30 18:00:00;2025-06-30 20:00:00;706;5,111000;;;0,004366;0,642485
2025-06-30 19:00:00;2025-06-30 21:00:00;706;0,451000;;;0,100790;0,644655
2025-06-30 20:00:00;2025-06-30 22:00:00;706;0,000000;;;0,084550;0,642730
2025-06-30 21:00:00;2025-06-30 23:00:00;706;0,000000;;;0,122117;0,539505
2025-06-30 22:00:00;2025-07-01 00:00:00;706;0,000000;;;0,201375;0,499383
2025-06-30 23:00:00;2025-07-01 01:00:00;706;0,000000;;;0,245791;0,499300
2025-07-01 00:00:00;2025-07-01 02:00:00;706;0,000000;;;0,399822;0,499400
2025-07-01 01:00:00;2025-07-01 03:00:00;706;0,000000;;;0,355386;0,499240
2025-07-01 02:00:00;2025-07-01 04:00:00;706;0,000000;;;0,898924;0,499070
2025-07-01 03:00:00;2025-07-01 05:00:00;706;0,284000;;;1,198696;0,499530
2025-07-01 04:00:00;2025-07-01 06:00:00;706;7,922000;;;0,794844;0,584850
2025-07-01 05:00:00;2025-07-01 07:00:00;706;23,139000;;;0,554901;0,598386
2025-07-01 06:00:00;2025-07-01 08:00:00;706;41,230000;;;0,823587;0,597923
2025-07-01 07:00:00;2025-07-01 09:00:00;706;59,507000;;;1,101955;0,595750
2025-07-01 08:00:00;2025-07-01 10:00:00;706;73,907000;;;0,896429;0,099480
2025-07-01 09:00:00;2025-07-01 11:00:00;706;83,533000;;;1,025744;0,000000
2025-07-01 10:00:00;2025-07-01 12:00:00;706;88,348000;;;1,363183;0,000000
2025-07-01 11:00:00;2025-07-01 13:00:00;706;88,856000;;;1,381971;0,000000
2025-07-01 12:00:00;2025-07-01 14:00:00;706;85,558000;;;1,305049;0,000000
2025-07-01 13:00:00;2025-07-01 15:00:00;706;77,483000;;;1,566202;0,262060
2025-07-01 14:00:00;2025-07-01 16:00:00;706;65,776000;;;1,349264;0,442540
2025-07-01 15:00:00;2025-07-01 17:00:00;706;50,295000;;;1,779550;0,577440
2025-07-01 16:00:00;2025-07-01 18:00:00;706;32,524000;;;1,732006;0,578430
2025-07-01 17:00:00;2025-07-01 19:00:00;706;14,723000;;;1,277556;0,585840
2025-07-01 18:00:00;2025-07-01 20:00:00;706;5,265000;;;1,384477;0,646003
2025-07-01 19:00:00;2025-07-01 21:00:00;706;0,426000;;;1,548454;0,640596
2025-07-01 20:00:00;2025-07-01 22:00:00;706;0,000000;;;1,709362;0,644168
2025-07-01 21:00:00;2025-07-01 23:00:00;706;0,000000;;;2,038810;0,505400
2025-07-01 22:00:00;2025-07-02 00:00:00;706;0,000000;;;2,648105;0,499110
2025-07-01 23:00:00;2025-07-02 01:00:00;706;0,000000;;;2,146124;0,498900
2025-07-02 00:00:00;2025-07-02 02:00:00;706;0,000000;;;1,516801;0,499240
2025-07-02 01:00:00;2025-07-02 03:00:00;706;0,000000;;;0,991300;0,499120
2025-07-02 02:00:00;2025-07-02 04:00:00;706;0,000000;;;1,261769;0,499060
2025-07-02 03:00:00;2025-07-02 05:00:00;706;0,323000;;;0,899333;0,574730
2025-07-02 04:00:00;2025-07-02 06:00:00;706;8,455000;;;0,632247;0,598410
2025-07-02 05:00:00;2025-07-02 07:00:00;706;17,385000;;;0,341113;0,603540
2025-07-02 06:00:00;2025-07-02 08:00:00;706;35,228000;;;0,095374;0,616970
2025-07-02 07:00:00;2025-07-02 09:00:00;706;39,690000;;;0,361445;0,614920
2025-07-02 08:00:00;2025-07-02 10:00:00;706;24,445000;;;1,001883;0,615955
2025-07-02 09:00:00;2025-07-02 11:00:00;706;43,059000;;;1,115674;0,218870
2025-07-02 10:00:00;2025-07-02 12:00:00;706;63,312000;;;0,383431;0,000000
2025-07-02 11:00:00;2025-07-02 13:00:00;706;46,140000;;;0,378765;0,000000
2025-07-02 12:00:00;2025-07-02 14:00:00;706;23,987000;;;0,351386;0,000000
2025-07-02 13:00:00;2025-07-02 15:00:00;706;52,156000;;;0,034774;0,112030
2025-07-02 14:00:00;2025-07-02 16:00:00;706;49,701000;;;0,066109;0,594550
2025-07-02 15:00:00;2025-07-02 17:00:00;706;42,865000;;;0,164779;0,596260
2025-07-02 16:00:00;2025-07-02 18:00:00;706;13,473000;;;0,494969;0,598520
2025-07-02 17:00:00;2025-07-02 19:00:00;706;8,200000;;;0,347931;0,598914
2025-07-02 18:00:00;2025-07-02 20:00:00;706;3,340000;;;0,424598;0,531282
2025-07-02 19:00:00;2025-07-02 21:00:00;706;0,134000;;;0,118120;0,476284
2025-07-02 20:00:00;2025-07-02 22:00:00;706;0,000000;;;0,061362;0,631021
2025-07-02 21:00:00;2025-07-02 23:00:00;706;0,000000;;;1,526685;0,575030
2025-07-02 22:00:00;2025-07-03 00:00:00;706;0,000000;;;6,447664;
2025-07-02 23:00:00;2025-07-03 01:00:00;706;0,000000;;;4,351883;
2025-07-03 00:00:00;2025-07-03 02:00:00;706;0,000000;;;7,166776;
2025-07-03 01:00:00;2025-07-03 03:00:00;706;0,000000;;;7,720857;
2025-07-03 02:00:00;2025-07-03 04:00:00;706;0,000000;;;8,082901;
2025-07-03 03:00:00;2025-07-03 05:00:00;706;0,228000;;;7,627632;
2025-07-03 04:00:00;2025-07-03 06:00:00;706;7,113000;;;10,135277;
2025-07-03 05:00:00;2025-07-03 07:00:00;706;21,274000;;;13,146500;
2025-07-03 06:00:00;2025-07-03 08:00:00;706;40,567000;;;14,327408;
2025-07-03 07:00:00;2025-07-03 09:00:00;706;57,844000;;;13,884814;
2025-07-03 08:00:00;2025-07-03 10:00:00;706;71,721000;;;14,610576;
2025-07-03 09:00:00;2025-07-03 11:00:00;706;82,143000;;;13,910901;
2025-07-03 10:00:00;2025-07-03 12:00:00;706;87,260000;;;14,575645;
2025-07-03 11:00:00;2025-07-03 13:00:00;706;89,343000;;;15,008941;
2025-07-03 12:00:00;2025-07-03 14:00:00;706;89,136000;;;14,409198;
2025-07-03 13:00:00;2025-07-03 15:00:00;706;82,962000;;;14,656610;
2025-07-03 14:00:00;2025-07-03 16:00:00;706;70,321000;;;13,382982;
2025-07-03 15:00:00;2025-07-03 17:00:00;706;53,749000;;;12,779934;
2025-07-03 16:00:00;2025-07-03 18:00:00;706;33,161000;;;12,189789;
2025-07-03 17:00:00;2025-07-03 19:00:00;706;17,176000;;;12,106542;
2025-07-03 18:00:00;2025-07-03 20:00:00;706;6,142000;;;10,964132;
2025-07-03 19:00:00;2025-07-03 21:00:00;706;0,584000;;;7,723050;
2025-07-03 20:00:00;2025-07-03 22:00:00;706;0,000000;;;5,422703;
2025-07-03 21:00:00;2025-07-03 23:00:00;706;0,000000;;;4,588171;
2025-07-03 22:00:00;2025-07-04 00:00:00;706;0,000000;;;5,143909;0,598200
2025-07-03 23:00:00;2025-07-04 01:00:00;706;0,000000;;;4,101946;0,598620
2025-07-04 00:00:00;2025-07-04 02:00:00;706;0,000000;;;3,144566;0,598450
2025-07-04 01:00:00;2025-07-04 03:00:00;706;0,000000;;;1,975566;0,598270
2025-07-04 02:00:00;2025-07-04 04:00:00;706;0,000000;;;1,186530;0,598460
2025-07-04 03:00:00;2025-07-04 05:00:00;706;0,243000;;;1,132956;0,598450
2025-07-04 04:00:00;2025-07-04 06:00:00;706;8,468000;;;0,952451;0,358450
2025-07-04 05:00:00;2025-07-04 07:00:00;706;22,275000;;;1,411561;0,636730
2025-07-04 06:00:00;2025-07-04 08:00:00;706;39,186000;;;1,862007;0,631900
2025-07-04 07:00:00;2025-07-04 09:00:00;706;55,250000;;;2,830943;0,627070
2025-07-04 08:00:00;2025-07-04 10:00:00;706;65,444000;;;2,893268;0,535020
2025-07-04 09:00:00;2025-07-04 11:00:00;706;51,054000;;;3,044719;0,300100
2025-07-04 10:00:00;2025-07-04 12:00:00;706;56,696000;;;3,464896;0,300090
2025-07-04 11:00:00;2025-07-04 13:00:00;706;42,200000;;;4,032574;0,299990
2025-07-04 12:00:00;2025-07-04 14:00:00;706;41,472000;;;3,756061;0,301209
2025-07-04 13:00:00;2025-07-04 15:00:00;706;28,070000;;;4,008427;0,300736
2025-07-04 14:00:00;2025-07-04 16:00:00;706;25,979000;;;3,397693;0,300030
2025-07-04 15:00:00;2025-07-04 17:00:00;706;15,046000;;;3,970420;0,300220
2025-07-04 16:00:00;2025-07-04 18:00:00;706;9,025000;;;5,959037;0,441260
2025-07-04 17:00:00;2025-07-04 19:00:00;706;6,252000;;;6,617180;0,598300
2025-07-04 18:00:00;2025-07-04 20:00:00;706;3,756000;;;3,664486;0,598410
2025-07-04 19:00:00;2025-07-04 21:00:00;706;0,500000;;;0,945981;0,598210
2025-07-04 20:00:00;2025-07-04 22:00:00;706;0,000000;;;1,912421;0,598320
2025-07-04 21:00:00;2025-07-04 23:00:00;706;0,000000;;;3,647329;0,598300
2025-07-04 22:00:00;2025-07-05 00:00:00;706;0,000000;;;5,551983;0,437070
2025-07-04 23:00:00;2025-07-05 01:00:00;706;0,000000;;;6,522855;0,350160
2025-07-05 00:00:00;2025-07-05 02:00:00;706;0,000000;;;6,698999;0,350100
2025-07-05 01:00:00;2025-07-05 03:00:00;706;0,000000;;;7,819642;0,350120
2025-07-05 02:00:00;2025-07-05 04:00:00;706;0,000000;;;10,886427;0,349960
2025-07-05 03:00:00;2025-07-05 05:00:00;706;0,071000;;;7,740484;0,350090
2025-07-05 04:00:00;2025-07-05 06:00:00;706;0,683000;;;3,989103;0,350110
2025-07-05 05:00:00;2025-07-05 07:00:00;706;5,373000;;;4,759045;0,350260
2025-07-05 06:00:00;2025-07-05 08:00:00;706;15,063000;;;8,330190;0,350080
2025-07-05 07:00:00;2025-07-05 09:00:00;706;20,553000;;;7,439852;0,350200
2025-07-05 08:00:00;2025-07-05 10:00:00;706;22,349000;;;8,594193;0,350130
2025-07-05 09:00:00;2025-07-05 11:00:00;706;27,453000;;;9,285303;0,350080
2025-07-05 10:00:00;2025-07-05 12:00:00;706;27,060000;;;9,677943;0,349920
2025-07-05 11:00:00;2025-07-05 13:00:00;706;30,118000;;;9,885764;0,349950
2025-07-05 12:00:00;2025-07-05 14:00:00;706;32,181000;;;8,271471;0,086730
2025-07-05 13:00:00;2025-07-05 15:00:00;706;19,420000;;;7,521752;0,000000
2025-07-05 14:00:00;2025-07-05 16:00:00;706;24,125000;;;7,457796;0,000000
2025-07-05 15:00:00;2025-07-05 17:00:00;706;12,922000;;;8,717314;0,000000
2025-07-05 16:00:00;2025-07-05 18:00:00;706;10,501000;;;7,202778;0,000000
2025-07-05 17:00:00;2025-07-05 19:00:00;706;7,428000;;;7,178323;0,042340
2025-07-05 18:00:00;2025-07-05 20:00:00;706;3,429000;;;6,099254;0,559690
2025-07-05 19:00:00;2025-07-05 21:00:00;706;0,498000;;;6,890687;0,595600
2025-07-05 20:00:00;2025-07-05 22:00:00;706;0,000000;;;5,378229;0,596120
2025-07-05 21:00:00;2025-07-05 23:00:00;706;0,000000;;;4,453528;0,429850
2025-07-05 22:00:00;2025-07-06 00:00:00;706;0,000000;;;3,031022;0,297760
2025-07-05 23:00:00;2025-07-06 01:00:00;706;0,000000;;;2,963515;0,298870
2025-07-06 00:00:00;2025-07-06 02:00:00;706;0,000000;;;3,008759;0,298890
2025-07-06 01:00:00;2025-07-06 03:00:00;706;0,000000;;;2,986255;0,299060
2025-07-06 02:00:00;2025-07-06 04:00:00;706;0,000000;;;2,192668;0,299159
2025-07-06 03:00:00;2025-07-06 05:00:00;706;0,158000;;;2,066390;0,299247
2025-07-06 04:00:00;2025-07-06 06:00:00;706;1,318000;;;2,367482;0,298950
2025-07-06 05:00:00;2025-07-06 07:00:00;706;9,845000;;;2,265234;0,298600
2025-07-06 06:00:00;2025-07-06 08:00:00;706;12,057000;;;3,992984;0,298150
2025-07-06 07:00:00;2025-07-06 09:00:00;706;14,023000;;;2,924562;0,298090
2025-07-06 08:00:00;2025-07-06 10:00:00;706;41,866000;;;4,638067;0,242854
2025-07-06 09:00:00;2025-07-06 11:00:00;706;43,775000;;;6,194910;0,175446
2025-07-06 10:00:00;2025-07-06 12:00:00;706;43,821000;;;4,900290;0,148990
2025-07-06 11:00:00;2025-07-06 13:00:00;706;46,339000;;;4,554377;0,149030
2025-07-06 12:00:00;2025-07-06 14:00:00;706;51,008000;;;3,731405;0,149030
2025-07-06 13:00:00;2025-07-06 15:00:00;706;59,117000;;;3,625030;0,149620
2025-07-06 14:00:00;2025-07-06 16:00:00;706;38,018000;;;2,353653;0,310180
2025-07-06 15:00:00;2025-07-06 17:00:00;706;42,139000;;;2,487950;0,500380
2025-07-06 16:00:00;2025-07-06 18:00:00;706;25,356000;;;1,614625;0,561090
2025-07-06 17:00:00;2025-07-06 19:00:00;706;15,447000;;;0,929700;0,568490
2025-07-06 18:00:00;2025-07-06 20:00:00;706;5,527000;;;0,709886;0,575047
2025-07-06 19:00:00;2025-07-06 21:00:00;706;0,704000;;;0,510148;0,581330
2025-07-06 20:00:00;2025-07-06 22:00:00;706;0,000000;;;0,329019;0,589740
2025-07-06 21:00:00;2025-07-06 23:00:00;706;0,000000;;;0,265081;0,547590
2025-07-06 22:00:00;2025-07-07 00:00:00;706;0,000000;;;0,288256;0,449290
2025-07-06 23:00:00;2025-07-07 01:00:00;706;0,000000;;;0,159639;0,449660
2025-07-07 00:00:00;2025-07-07 02:00:00;706;0,000000;;;0,057620;0,449721
2025-07-07 01:00:00;2025-07-07 03:00:00;706;0,000000;;;0,006641;0,449520
2025-07-07 02:00:00;2025-07-07 04:00:00;706;0,000000;;;0,016432;0,449500
2025-07-07 03:00:00;2025-07-07 05:00:00;706;0,155000;;;0,022202;0,449330
2025-07-07 04:00:00;2025-07-07 06:00:00;706;5,351000;;;0,114030;0,449420
2025-07-07 05:00:00;2025-07-07 07:00:00;706;10,466000;;;0,076621;0,459650
2025-07-07 06:00:00;2025-07-07 08:00:00;706;15,176000;;;0,053549;0,598648
2025-07-07 07:00:00;2025-07-07 09:00:00;706;26,184000;;;0,006979;0,596506
2025-07-07 08:00:00;2025-07-07 10:00:00;706;36,845000;;;0,002069;0,590630
2025-07-07 09:00:00;2025-07-07 11:00:00;706;43,416000;;;0,035471;0,588470
2025-07-07 10:00:00;2025-07-07 12:00:00;706;29,226000;;;0,326588;0,414700
2025-07-07 11:00:00;2025-07-07 13:00:00;706;37,541000;;;0,570577;0,300200
2025-07-07 12:00:00;2025-07-07 14:00:00;706;38,785000;;;0,257697;0,299791
2025-07-07 13:00:00;2025-07-07 15:00:00;706;29,625000;;;0,520272;0,299954
2025-07-07 14:00:00;2025-07-07 16:00:00;706;22,796000;;;0,527660;0,300268
2025-07-07 15:00:00;2025-07-07 17:00:00;706;18,538000;;;0,437983;0,299943
2025-07-07 16:00:00;2025-07-07 18:00:00;706;16,067000;;;0,259495;0,314050
2025-07-07 17:00:00;2025-07-07 19:00:00;706;6,325000;;;0,584560;0,346860
2025-07-07 18:00:00;2025-07-07 20:00:00;706;4,532000;;;0,879001;0,500009
2025-07-07 19:00:00;2025-07-07 21:00:00;706;0,567000;;;1,410046;0,500645
2025-07-07 20:00:00;2025-07-07 22:00:00;706;0,000000;;;1,243326;0,376333
2025-07-07 21:00:00;2025-07-07 23:00:00;706;0,000000;;;0,618739;0,299010
2025-07-07 22:00:00;2025-07-08 00:00:00;706;0,000000;;;0,624183;0,299010
2025-07-07 23:00:00;2025-07-08 01:00:00;706;0,000000;;;0,382582;0,299120
2025-07-08 00:00:00;2025-07-08 02:00:00;706;0,000000;;;0,377315;0,298760
2025-07-08 01:00:00;2025-07-08 03:00:00;706;0,000000;;;0,152334;0,298920
2025-07-08 02:00:00;2025-07-08 04:00:00;706;0,000000;;;0,006531;0,298910
2025-07-08 03:00:00;2025-07-08 05:00:00;706;0,151000;;;0,000161;0,298980
2025-07-08 04:00:00;2025-07-08 06:00:00;706;5,817000;;;0,000000;0,299050
2025-07-08 05:00:00;2025-07-08 07:00:00;706;17,107000;;;0,000372;0,316140
2025-07-08 06:00:00;2025-07-08 08:00:00;706;33,014000;;;0,000149;0,323810
2025-07-08 07:00:00;2025-07-08 09:00:00;706;41,933000;;;0,107849;0,323730
2025-07-08 08:00:00;2025-07-08 10:00:00;706;34,914000;;;0,522771;0,323640
2025-07-08 09:00:00;2025-07-08 11:00:00;706;34,815000;;;1,410473;0,293569
2025-07-08 10:00:00;2025-07-08 12:00:00;706;42,639000;;;1,985174;0,249090
2025-07-08 11:00:00;2025-07-08 13:00:00;706;41,594000;;;1,170169;0,248430
2025-07-08 12:00:00;2025-07-08 14:00:00;706;37,050000;;;2,248915;0,248770
2025-07-08 13:00:00;2025-07-08 15:00:00;706;43,360000;;;3,537777;0,248850
2025-07-08 14:00:00;2025-07-08 16:00:00;706;38,111000;;;3,385306;0,248990
2025-07-08 15:00:00;2025-07-08 17:00:00;706;27,253000;;;2,750226;0,273980
2025-07-08 16:00:00;2025-07-08 18:00:00;706;18,107000;;;2,675751;0,323887
2025-07-08 17:00:00;2025-07-08 19:00:00;706;5,574000;;;2,006298;0,323760
2025-07-08 18:00:00;2025-07-08 20:00:00;706;2,312000;;;1,063656;0,323860
2025-07-08 19:00:00;2025-07-08 21:00:00;706;0,398000;;;0,549105;0,323760
2025-07-08 20:00:00;2025-07-08 22:00:00;706;0,000000;;;1,077926;0,323870
2025-07-08 21:00:00;2025-07-08 23:00:00;706;0,000000;;;1,351937;0,323690
2025-07-08 22:00:00;2025-07-09 00:00:00;706;0,000000;;;0,955256;0,324464
2025-07-08 23:00:00;2025-07-09 01:00:00;706;0,000000;;;1,459809;0,323590
2025-07-09 00:00:00;2025-07-09 02:00:00;706;0,000000;;;0,835881;0,323720
2025-07-09 01:00:00;2025-07-09 03:00:00;706;0,000000;;;0,627251;0,323720
2025-07-09 02:00:00;2025-07-09 04:00:00;706;0,000000;;;0,514970;0,323670
2025-07-09 03:00:00;2025-07-09 05:00:00;706;0,149000;;;0,582267;0,323630
2025-07-09 04:00:00;2025-07-09 06:00:00;706;6,926000;;;0,727658;0,323810
2025-07-09 05:00:00;2025-07-09 07:00:00;706;15,912000;;;1,254239;0,324467
2025-07-09 06:00:00;2025-07-09 08:00:00;706;24,956000;;;1,241104;0,323995
2025-07-09 07:00:00;2025-07-09 09:00:00;706;54,630000;;;1,223293;0,323680
2025-07-09 08:00:00;2025-07-09 10:00:00;706;73,166000;;;1,008056;0,323570
2025-07-09 09:00:00;2025-07-09 11:00:00;706;79,982000;;;0,873712;0,527430
2025-07-09 10:00:00;2025-07-09 12:00:00;706;81,424000;;;0,879924;0,484710
2025-07-09 11:00:00;2025-07-09 13:00:00;706;83,271000;;;0,797439;0,453380
2025-07-09 12:00:00;2025-07-09 14:00:00;706;80,721000;;;1,025124;0,498720
2025-07-09 13:00:00;2025-07-09 15:00:00;706;68,583000;;;1,089339;0,303360
2025-07-09 14:00:00;2025-07-09 16:00:00;706;54,301000;;;0,560038;0,299960
2025-07-09 15:00:00;2025-07-09 17:00:00;706;36,702000;;;0,710768;0,300050
2025-07-09 16:00:00;2025-07-09 18:00:00;706;28,286000;;;1,361618;0,533020
2025-07-09 17:00:00;2025-07-09 19:00:00;706;12,291000;;;1,968842;0,598743
2025-07-09 18:00:00;2025-07-09 20:00:00;706;4,869000;;;1,220348;0,599549
2025-07-09 19:00:00;2025-07-09 21:00:00;706;0,605000;;;1,514918;0,599888
2025-07-09 20:00:00;2025-07-09 22:00:00;706;0,000000;;;1,476701;0,537497
2025-07-09 21:00:00;2025-07-09 23:00:00;706;0,000000;;;1,482526;0,338710
2025-07-09 22:00:00;2025-07-10 00:00:00;706;0,000000;;;1,366047;0,298980
2025-07-09 23:00:00;2025-07-10 01:00:00;706;0,000000;;;1,280835;0,298820
2025-07-10 00:00:00;2025-07-10 02:00:00;706;0,000000;;;1,619116;0,298840
2025-07-10 01:00:00;2025-07-10 03:00:00;706;0,000000;;;1,506784;0,298830
2025-07-10 02:00:00;2025-07-10 04:00:00;706;0,000000;;;1,136351;0,298670
2025-07-10 03:00:00;2025-07-10 05:00:00;706;0,153000;;;0,760303;0,299050
2025-07-10 04:00:00;2025-07-10 06:00:00;706;6,424000;;;0,620313;0,308990
2025-07-10 05:00:00;2025-07-10 07:00:00;706;19,648000;;;0,523833;0,323900
2025-07-10 06:00:00;2025-07-10 08:00:00;706;36,974000;;;0,363556;0,323660
2025-07-10 07:00:00;2025-07-10 09:00:00;706;48,342000;;;0,216299;0,322390
2025-07-10 08:00:00;2025-07-10 10:00:00;706;45,770000;;;0,103102;0,317440
2025-07-10 09:00:00;2025-07-10 11:00:00;706;47,408000;;;0,066552;0,311030
2025-07-10 10:00:00;2025-07-10 12:00:00;706;52,061000;;;0,232754;0,301440
2025-07-10 11:00:00;2025-07-10 13:00:00;706;33,791000;;;0,331172;0,158109
2025-07-10 12:00:00;2025-07-10 14:00:00;706;34,164000;;;0,479348;0,149774
2025-07-10 13:00:00;2025-07-10 15:00:00;706;37,481000;;;0,243664;0,149390
2025-07-10 14:00:00;2025-07-10 16:00:00;706;32,170000;;;0,046252;0,149100
2025-07-10 15:00:00;2025-07-10 17:00:00;706;35,586000;;;0,045991;0,291550
2025-07-10 16:00:00;2025-07-10 18:00:00;706;31,327000;;;0,069830;0,297380
2025-07-10 17:00:00;2025-07-10 19:00:00;706;14,562000;;;0,016712;0,297720
2025-07-10 18:00:00;2025-07-10 20:00:00;706;5,511000;;;0,178581;0,298180
2025-07-10 19:00:00;2025-07-10 21:00:00;706;0,447000;;;0,627968;0,298930
2025-07-10 20:00:00;2025-07-10 22:00:00;706;0,000000;;;1,042620;0,298970
2025-07-10 21:00:00;2025-07-10 23:00:00;706;0,000000;;;1,413530;0,298880
2025-07-10 22:00:00;2025-07-11 00:00:00;706;0,000000;;;0,958619;0,299050
2025-07-10 23:00:00;2025-07-11 01:00:00;706;0,000000;;;0,759684;0,298980
2025-07-11 00:00:00;2025-07-11 02:00:00;706;0,000000;;;0,801140;0,298680
2025-07-11 01:00:00;2025-07-11 03:00:00;706;0,000000;;;0,798925;0,298860
2025-07-11 02:00:00;2025-07-11 04:00:00;706;0,000000;;;0,676699;0,298890
2025-07-11 03:00:00;2025-07-11 05:00:00;706;0,139000;;;0,620863;0,298930
2025-07-11 04:00:00;2025-07-11 06:00:00;706;5,801000;;;0,488551;0,298870
2025-07-11 05:00:00;2025-07-11 07:00:00;706;11,222000;;;1,205060;0,298850
2025-07-11 06:00:00;2025-07-11 08:00:00;706;21,914000;;;1,272272;0,299410
2025-07-11 07:00:00;2025-07-11 09:00:00;706;50,308000;;;1,278939;0,298830
2025-07-11 08:00:00;2025-07-11 10:00:00;706;73,127000;;;1,314332;0,298520
2025-07-11 09:00:00;2025-07-11 11:00:00;706;72,448000;;;1,066905;0,297930
2025-07-11 10:00:00;2025-07-11 12:00:00;706;78,431000;;;1,311612;0,295390
2025-07-11 11:00:00;2025-07-11 13:00:00;706;89,075000;;;2,151787;0,294300
2025-07-11 12:00:00;2025-07-11 14:00:00;706;87,985000;;;4,006116;0,296160
2025-07-11 13:00:00;2025-07-11 15:00:00;706;76,704000;;;4,773547;0,294340
2025-07-11 14:00:00;2025-07-11 16:00:00;706;58,440000;;;6,187223;0,298320
2025-07-11 15:00:00;2025-07-11 17:00:00;706;47,263000;;;7,143894;0,298630
2025-07-11 16:00:00;2025-07-11 18:00:00;706;28,367000;;;5,697437;0,298750
2025-07-11 17:00:00;2025-07-11 19:00:00;706;11,472000;;;3,581900;0,299202
2025-07-11 18:00:00;2025-07-11 20:00:00;706;4,227000;;;1,461670;0,299115
2025-07-11 19:00:00;2025-07-11 21:00:00;706;0,526000;;;0,845541;0,298950
2025-07-11 20:00:00;2025-07-11 22:00:00;706;0,000000;;;1,264016;0,298870
2025-07-11 21:00:00;2025-07-11 23:00:00;706;0,000000;;;2,107226;0,299692
2025-07-11 22:00:00;2025-07-12 00:00:00;706;0,000000;;;2,071804;0,299060
2025-07-11 23:00:00;2025-07-12 01:00:00;706;0,000000;;;1,737709;0,298750
2025-07-12 00:00:00;2025-07-12 02:00:00;706;0,000000;;;1,753394;0,299257
2025-07-12 01:00:00;2025-07-12 03:00:00;706;0,000000;;;2,066630;0,299264
2025-07-12 02:00:00;2025-07-12 04:00:00;706;0,000000;;;2,518887;0,298850
2025-07-12 03:00:00;2025-07-12 05:00:00;706;0,131000;;;3,191827;0,298670
2025-07-12 04:00:00;2025-07-12 06:00:00;706;5,697000;;;3,716796;0,298870
2025-07-12 05:00:00;2025-07-12 07:00:00;706;13,915000;;;5,129554;0,298620
2025-07-12 06:00:00;2025-07-12 08:00:00;706;17,789000;;;6,780162;0,299073
2025-07-12 07:00:00;2025-07-12 09:00:00;706;11,533000;;;6,801774;0,318135
2025-07-12 08:00:00;2025-07-12 10:00:00;706;13,627000;;;3,800354;0,248310
2025-07-12 09:00:00;2025-07-12 11:00:00;706;38,599000;;;3,969830;0,149370
2025-07-12 10:00:00;2025-07-12 12:00:00;706;36,768000;;;6,108378;0,148880
2025-07-12 11:00:00;2025-07-12 13:00:00;706;31,578000;;;5,450561;0,148920
2025-07-12 12:00:00;2025-07-12 14:00:00;706;51,173000;;;4,245233;0,149654
2025-07-12 13:00:00;2025-07-12 15:00:00;706;29,656000;;;5,419480;0,150797
2025-07-12 14:00:00;2025-07-12 16:00:00;706;31,608000;;;4,506932;0,149996
2025-07-12 15:00:00;2025-07-12 17:00:00;706;32,715000;;;4,994476;0,220040
2025-07-12 16:00:00;2025-07-12 18:00:00;706;28,173000;;;3,653526;0,249280
2025-07-12 17:00:00;2025-07-12 19:00:00;706;13,598000;;;2,497461;0,249400
2025-07-12 18:00:00;2025-07-12 20:00:00;706;6,106000;;;1,641832;0,248970
2025-07-12 19:00:00;2025-07-12 21:00:00;706;0,497000;;;0,997669;0,282590
2025-07-12 20:00:00;2025-07-12 22:00:00;706;0,000000;;;0,664871;0,299040
2025-07-12 21:00:00;2025-07-12 23:00:00;706;0,000000;;;0,420749;0,298840
2025-07-12 22:00:00;2025-07-13 00:00:00;706;0,000000;;;0,389892;0,298950
2025-07-12 23:00:00;2025-07-13 01:00:00;706;0,000000;;;1,375377;0,299120
2025-07-13 00:00:00;2025-07-13 02:00:00;706;0,000000;;;2,423984;0,298940
2025-07-13 01:00:00;2025-07-13 03:00:00;706;0,000000;;;2,484582;0,298800
2025-07-13 02:00:00;2025-07-13 04:00:00;706;0,000000;;;2,940473;0,299000
2025-07-13 03:00:00;2025-07-13 05:00:00;706;0,095000;;;3,328579;0,298950
2025-07-13 04:00:00;2025-07-13 06:00:00;706;5,824000;;;3,858375;0,298860
2025-07-13 05:00:00;2025-07-13 07:00:00;706;11,539000;;;4,780533;0,298760
2025-07-13 06:00:00;2025-07-13 08:00:00;706;17,451000;;;5,502729;0,299110
2025-07-13 07:00:00;2025-07-13 09:00:00;706;23,877000;;;5,671582;0,288350
2025-07-13 08:00:00;2025-07-13 10:00:00;706;18,829000;;;4,764822;0,199570
2025-07-13 09:00:00;2025-07-13 11:00:00;706;21,546000;;;4,197973;0,199320
2025-07-13 10:00:00;2025-07-13 12:00:00;706;49,204000;;;4,557442;0,199899
2025-07-13 11:00:00;2025-07-13 13:00:00;706;67,348000;;;4,759664;0,167500
2025-07-13 12:00:00;2025-07-13 14:00:00;706;67,026000;;;4,440791;0,149300
2025-07-13 13:00:00;2025-07-13 15:00:00;706;53,870000;;;3,646467;0,149260
2025-07-13 14:00:00;2025-07-13 16:00:00;706;39,981000;;;3,502163;0,149470
2025-07-13 15:00:00;2025-07-13 17:00:00;706;35,529000;;;3,285405;0,206360
2025-07-13 16:00:00;2025-07-13 18:00:00;706;21,590000;;;2,910738;0,299020
2025-07-13 17:00:00;2025-07-13 19:00:00;706;12,889000;;;3,366683;0,299299
2025-07-13 18:00:00;2025-07-13 20:00:00;706;5,408000;;;3,076621;0,298820
2025-07-13 19:00:00;2025-07-13 21:00:00;706;0,612000;;;1,511250;0,298950
2025-07-13 20:00:00;2025-07-13 22:00:00;706;0,000000;;;1,856940;0,298860
2025-07-13 21:00:00;2025-07-13 23:00:00;706;0,000000;;;1,810285;0,298930
2025-07-13 22:00:00;2025-07-14 00:00:00;706;0,000000;;;1,441267;0,299273
2025-07-13 23:00:00;2025-07-14 01:00:00;706;0,000000;;;0,867646;0,298990
2025-07-14 00:00:00;2025-07-14 02:00:00;706;0,000000;;;0,828656;0,298770
2025-07-14 01:00:00;2025-07-14 03:00:00;706;0,000000;;;0,746776;0,298880
2025-07-14 02:00:00;2025-07-14 04:00:00;706;0,000000;;;0,722559;0,298520
2025-07-14 03:00:00;2025-07-14 05:00:00;706;0,087000;;;0,539590;0,299313
2025-07-14 04:00:00;2025-07-14 06:00:00;706;6,693000;;;0,684891;0,299206
2025-07-14 05:00:00;2025-07-14 07:00:00;706;19,302000;;;1,049325;0,298780
2025-07-14 06:00:00;2025-07-14 08:00:00;706;34,185000;;;1,617018;0,299020
2025-07-14 07:00:00;2025-07-14 09:00:00;706;53,823000;;;1,375025;0,298800
2025-07-14 08:00:00;2025-07-14 10:00:00;706;64,286000;;;1,136650;0,298700
2025-07-14 09:00:00;2025-07-14 11:00:00;706;70,004000;;;0,625102;0,299082
2025-07-14 10:00:00;2025-07-14 12:00:00;706;85,684000;;;0,959157;0,298800
2025-07-14 11:00:00;2025-07-14 13:00:00;706;84,877000;;;0,799802;0,298930
2025-07-14 12:00:00;2025-07-14 14:00:00;706;81,477000;;;0,896054;0,298950
2025-07-14 13:00:00;2025-07-14 15:00:00;706;74,491000;;;0,580548;0,298930
2025-07-14 14:00:00;2025-07-14 16:00:00;706;63,218000;;;0,344811;0,298860
2025-07-14 15:00:00;2025-07-14 17:00:00;706;49,424000;;;0,159400;0,298940
2025-07-14 16:00:00;2025-07-14 18:00:00;706;33,396000;;;0,135268;0,299130
2025-07-14 17:00:00;2025-07-14 19:00:00;706;15,690000;;;0,149551;0,298860
2025-07-14 18:00:00;2025-07-14 20:00:00;706;4,866000;;;0,045735;0,299398
2025-07-14 19:00:00;2025-07-14 21:00:00;706;0,336000;;;0,003720;0,300382
2025-07-14 20:00:00;2025-07-14 22:00:00;706;0,000000;;;0,001110;0,299268
2025-07-14 21:00:00;2025-07-14 23:00:00;706;0,000000;;;0,000005;0,298830
2025-07-14 22:00:00;2025-07-15 00:00:00;706;0,000000;;;0,005168;0,299010
2025-07-14 23:00:00;2025-07-15 01:00:00;706;0,000000;;;0,028703;0,299050
2025-07-15 00:00:00;2025-07-15 02:00:00;706;0,000000;;;0,031025;0,298840
2025-07-15 01:00:00;2025-07-15 03:00:00;706;0,000000;;;0,000000;0,298680
2025-07-15 02:00:00;2025-07-15 04:00:00;706;0,000000;;;0,000992;0,298930
2025-07-15 03:00:00;2025-07-15 05:00:00;706;0,086000;;;0,000000;0,298870
2025-07-15 04:00:00;2025-07-15 06:00:00;706;6,332000;;;0,000000;0,298990
2025-07-15 05:00:00;2025-07-15 07:00:00;706;19,808000;;;0,000079;0,299010
2025-07-15 06:00:00;2025-07-15 08:00:00;706;38,124000;;;0,000001;0,298900
2025-07-15 07:00:00;2025-07-15 09:00:00;706;53,740000;;;0,003446;0,298880
2025-07-15 08:00:00;2025-07-15 10:00:00;706;59,660000;;;0,083385;0,298944
2025-07-15 09:00:00;2025-07-15 11:00:00;706;61,858000;;;0,363339;0,300438
2025-07-15 10:00:00;2025-07-15 12:00:00;706;70,525000;;;0,525476;0,300300
2025-07-15 11:00:00;2025-07-15 13:00:00;706;54,872000;;;0,697332;0,300154
2025-07-15 12:00:00;2025-07-15 14:00:00;706;53,859000;;;1,187930;0,298790
2025-07-15 13:00:00;2025-07-15 15:00:00;706;37,853000;;;1,861267;0,299020
2025-07-15 14:00:00;2025-07-15 16:00:00;706;30,197000;;;3,205091;0,299100
2025-07-15 15:00:00;2025-07-15 17:00:00;706;18,243000;;;2,041526;0,298850
2025-07-15 16:00:00;2025-07-15 18:00:00;706;9,399000;;;1,264923;0,298910
2025-07-15 17:00:00;2025-07-15 19:00:00;706;0,210000;;;2,131882;0,299180
2025-07-15 18:00:00;2025-07-15 20:00:00;706;0,000000;;;2,767984;0,298990
2025-07-15 19:00:00;2025-07-15 21:00:00;706;0,000000;;;2,000645;0,271190
2025-07-15 20:00:00;2025-07-15 22:00:00;706;0,000000;;;2,280626;0,199400
2025-07-15 21:00:00;2025-07-15 23:00:00;706;0,000000;;;3,408549;0,199500
2025-07-15 22:00:00;2025-07-16 00:00:00;706;0,000000;;;3,877198;0,199540
2025-07-15 23:00:00;2025-07-16 01:00:00;706;0,000000;;;4,025401;0,199530
2025-07-16 00:00:00;2025-07-16 02:00:00;706;0,000000;;;5,531767;0,199100
2025-07-16 01:00:00;2025-07-16 03:00:00;706;0,000000;;;6,111366;0,199330
2025-07-16 02:00:00;2025-07-16 04:00:00;706;0,000000;;;4,937157;0,198980
2025-07-16 03:00:00;2025-07-16 05:00:00;706;0,040000;;;4,118164;0,199550
2025-07-16 04:00:00;2025-07-16 06:00:00;706;1,254000;;;4,301651;0,199430
2025-07-16 05:00:00;2025-07-16 07:00:00;706;3,036000;;;4,147101;0,199360
2025-07-16 06:00:00;2025-07-16 08:00:00;706;7,631000;;;4,986583;0,199390
2025-07-16 07:00:00;2025-07-16 09:00:00;706;13,928000;;;4,289400;0,199180
2025-07-16 08:00:00;2025-07-16 10:00:00;706;21,370000;;;4,318805;0,199130
2025-07-16 09:00:00;2025-07-16 11:00:00;706;27,571000;;;3,425806;0,199570
2025-07-16 10:00:00;2025-07-16 12:00:00;706;34,573000;;;2,539348;0,199470
2025-07-16 11:00:00;2025-07-16 13:00:00;706;52,102000;;;1,783805;0,199290
2025-07-16 12:00:00;2025-07-16 14:00:00;706;47,541000;;;1,478734;0,171110
2025-07-16 13:00:00;2025-07-16 15:00:00;706;47,448000;;;1,559125;0,149130
2025-07-16 14:00:00;2025-07-16 16:00:00;706;37,911000;;;1,157013;0,149450
2025-07-16 15:00:00;2025-07-16 17:00:00;706;21,792000;;;1,709071;0,149210
2025-07-16 16:00:00;2025-07-16 18:00:00;706;15,502000;;;1,405991;0,149220
2025-07-16 17:00:00;2025-07-16 19:00:00;706;11,697000;;;1,465034;0,149510
2025-07-16 18:00:00;2025-07-16 20:00:00;706;5,752000;;;1,205745;0,189808
2025-07-16 19:00:00;2025-07-16 21:00:00;706;0,298000;;;0,715326;0,300367
2025-07-16 20:00:00;2025-07-16 22:00:00;706;0,000000;;;0,546164;0,267512
2025-07-16 21:00:00;2025-07-16 23:00:00;706;0,000000;;;0,775261;0,199430
2025-07-16 22:00:00;2025-07-17 00:00:00;706;0,000000;;;1,245458;0,199500
2025-07-16 23:00:00;2025-07-17 01:00:00;706;0,000000;;;1,380009;0,199430
2025-07-17 00:00:00;2025-07-17 02:00:00;706;0,000000;;;0,986253;0,199320
2025-07-17 01:00:00;2025-07-17 03:00:00;706;0,000000;;;1,302225;0,199320
2025-07-17 02:00:00;2025-07-17 04:00:00;706;0,000000;;;1,719850;0,199420
2025-07-17 03:00:00;2025-07-17 05:00:00;706;0,070000;;;1,448192;0,199470
2025-07-17 04:00:00;2025-07-17 06:00:00;706;4,481000;;;1,234026;0,276330
2025-07-17 05:00:00;2025-07-17 07:00:00;706;13,875000;;;1,053013;0,298850
2025-07-17 06:00:00;2025-07-17 08:00:00;706;24,202000;;;1,005171;0,298930
2025-07-17 07:00:00;2025-07-17 09:00:00;706;44,013000;;;1,715043;0,299000
2025-07-17 08:00:00;2025-07-17 10:00:00;706;63,842000;;;2,538747;0,298790
2025-07-17 09:00:00;2025-07-17 11:00:00;706;79,376000;;;2,867906;0,298770
2025-07-17 10:00:00;2025-07-17 12:00:00;706;88,046000;;;3,325025;0,223480
2025-07-17 11:00:00;2025-07-17 13:00:00;706;90,420000;;;2,498184;0,149350
2025-07-17 12:00:00;2025-07-17 14:00:00;706;92,280000;;;1,739767;0,149340
2025-07-17 13:00:00;2025-07-17 15:00:00;706;91,019000;;;1,601017;0,149340
2025-07-17 14:00:00;2025-07-17 16:00:00;706;75,111000;;;1,225433;0,149210
2025-07-17 15:00:00;2025-07-17 17:00:00;706;59,630000;;;0,979617;0,149370
2025-07-17 16:00:00;2025-07-17 18:00:00;706;41,100000;;;0,750910;0,268150
2025-07-17 17:00:00;2025-07-17 19:00:00;706;24,513000;;;0,549587;0,298900
2025-07-17 18:00:00;2025-07-17 20:00:00;706;7,851000;;;0,097397;0,299220
2025-07-17 19:00:00;2025-07-17 21:00:00;706;0,310000;;;0,000113;0,299050
2025-07-17 20:00:00;2025-07-17 22:00:00;706;0,000000;;;0,000219;0,186380
2025-07-17 21:00:00;2025-07-17 23:00:00;706;0,000000;;;0,007816;0,150025
2025-07-17 22:00:00;2025-07-18 00:00:00;706;0,000000;;;0,068606;0,149650
2025-07-17 23:00:00;2025-07-18 01:00:00;706;0,000000;;;0,170102;0,149490
2025-07-18 00:00:00;2025-07-18 02:00:00;706;0,000000;;;0,030125;0,149350
2025-07-18 01:00:00;2025-07-18 03:00:00;706;0,000000;;;0,066356;0,149410
2025-07-18 02:00:00;2025-07-18 04:00:00;706;0,000000;;;0,118075;0,149380
2025-07-18 03:00:00;2025-07-18 05:00:00;706;0,058000;;;0,126133;0,149780
2025-07-18 04:00:00;2025-07-18 06:00:00;706;5,045000;;;0,028454;0,149896
2025-07-18 05:00:00;2025-07-18 07:00:00;706;16,707000;;;0,000144;0,235830
2025-07-18 06:00:00;2025-07-18 08:00:00;706;35,186000;;;0,000000;0,298900
2025-07-18 07:00:00;2025-07-18 09:00:00;706;56,634000;;;0,000119;0,298710
2025-07-18 08:00:00;2025-07-18 10:00:00;706;73,389000;;;0,000000;0,298980
2025-07-18 09:00:00;2025-07-18 11:00:00;706;82,096000;;;0,004841;0,298850
2025-07-18 10:00:00;2025-07-18 12:00:00;706;90,183000;;;0,028603;0,266580
2025-07-18 11:00:00;2025-07-18 13:00:00;706;98,255000;;;0,149766;0,199030
2025-07-18 12:00:00;2025-07-18 14:00:00;706;94,414000;;;0,289954;0,199540
2025-07-18 13:00:00;2025-07-18 15:00:00;706;82,840000;;;0,667046;0,199320
2025-07-18 14:00:00;2025-07-18 16:00:00;706;69,283000;;;0,307804;0,199700
2025-07-18 15:00:00;2025-07-18 17:00:00;706;57,638000;;;0,474671;0,237760
2025-07-18 16:00:00;2025-07-18 18:00:00;706;33,758000;;;0,437074;0,299080
2025-07-18 17:00:00;2025-07-18 19:00:00;706;7,839000;;;0,214595;0,299080
2025-07-18 18:00:00;2025-07-18 20:00:00;706;2,520000;;;0,221670;0,298940
2025-07-18 19:00:00;2025-07-18 21:00:00;706;0,185000;;;0,155444;0,299140
2025-07-18 20:00:00;2025-07-18 22:00:00;706;0,000000;;;0,032295;0,257356
2025-07-18 21:00:00;2025-07-18 23:00:00;706;0,000000;;;0,003242;0,149750
2025-07-18 22:00:00;2025-07-19 00:00:00;706;0,000000;;;0,003024;0,136090
2025-07-18 23:00:00;2025-07-19 01:00:00;706;0,000000;;;0,000000;0,000000
2025-07-19 00:00:00;2025-07-19 02:00:00;706;0,000000;;;0,000000;0,000000
2025-07-19 01:00:00;2025-07-19 03:00:00;706;0,000000;;;0,000079;0,000000
2025-07-19 02:00:00;2025-07-19 04:00:00;706;0,000000;;;0,000000;0,000390
2025-07-19 03:00:00;2025-07-19 05:00:00;706;0,058000;;;0,000000;0,000000
2025-07-19 04:00:00;2025-07-19 06:00:00;706;4,920000;;;0,000000;0,000000
2025-07-19 05:00:00;2025-07-19 07:00:00;706;16,174000;;;0,000000;0,000000
2025-07-19 06:00:00;2025-07-19 08:00:00;706;35,028000;;;0,000000;0,085980
2025-07-19 07:00:00;2025-07-19 09:00:00;706;56,385000;;;0,000118;0,513695
2025-07-19 08:00:00;2025-07-19 10:00:00;706;74,799000;;;0,006253;0,584851
2025-07-19 09:00:00;2025-07-19 11:00:00;706;88,678000;;;0,060738;0,584480
2025-07-19 10:00:00;2025-07-19 12:00:00;706;96,932000;;;0,212018;0,324900
2025-07-19 11:00:00;2025-07-19 13:00:00;706;92,978000;;;0,546050;0,299930
2025-07-19 12:00:00;2025-07-19 14:00:00;706;85,978000;;;0,169269;0,267520
2025-07-19 13:00:00;2025-07-19 15:00:00;706;82,005000;;;0,203449;0,154920
2025-07-19 14:00:00;2025-07-19 16:00:00;706;69,912000;;;0,452790;0,149630
2025-07-19 15:00:00;2025-07-19 17:00:00;706;57,071000;;;0,654966;0,248420
2025-07-19 16:00:00;2025-07-19 18:00:00;706;37,378000;;;0,420352;0,277060
2025-07-19 17:00:00;2025-07-19 19:00:00;706;23,291000;;;0,052468;0,299290
2025-07-19 18:00:00;2025-07-19 20:00:00;706;6,046000;;;0,057712;0,299000
2025-07-19 19:00:00;2025-07-19 21:00:00;706;0,206000;;;0,478241;0,298920
2025-07-19 20:00:00;2025-07-19 22:00:00;706;0,000000;;;0,821443;0,298984
2025-07-19 21:00:00;2025-07-19 23:00:00;706;0,000000;;;0,514447;0,299040
2025-07-19 22:00:00;2025-07-20 00:00:00;706;0,000000;;;0,000000;
2025-07-19 23:00:00;2025-07-20 01:00:00;706;0,000000;;;0,000000;
2025-07-20 00:00:00;2025-07-20 02:00:00;706;0,000000;;;0,000000;
2025-07-20 01:00:00;2025-07-20 03:00:00;706;0,000000;;;0,000000;
2025-07-20 02:00:00;2025-07-20 04:00:00;706;0,000000;;;0,000000;
2025-07-20 03:00:00;2025-07-20 05:00:00;706;0,046000;;;0,000000;
